노드ID,노드명,노드유형코드,노드유형명,회전제한유무,회전제한유무명,X좌표,Y좌표,TM_X좌표,TM_Y좌표
1000001300,신설동역,101,도로교차점,1,유,127.0232274,37.5755809,202051.8241,452892.927
1000001400,홍지문터널북측,104,도로시설물,0,무,126.9720038,37.6059011,197527.9253,456258.2446
1000001600,청계3가,101,도로교차점,1,유,126.992352,37.5685177,199324.342,452108.7713
1000002000,청계광장,101,도로교차점,0,무,126.9771061,37.5690312,197977.459,452165.9823
1000002500,종로구청,101,도로교차점,0,무,126.9792421,37.5724693,198166.2519,452547.5326
1000002700,낙원상가,101,도로교차점,1,유,126.9878067,37.5726206,198922.8467,452564.1868
1000003000,서울지방국세청,101,도로교차점,0,무,126.9793207,37.5743517,198173.2369,452756.448
1000003600,광화문,101,도로교차점,0,무,126.9768504,37.5755726,197955.0467,452892.0093
1000004600,아트선재센타,101,도로교차점,1,유,126.9822375,37.5795591,198431.0124,453334.3551
1000004700,청룡사앞,101,도로교차점,0,무,127.0172873,37.5803003,201527.0003,453416.6123
1000004800,창신역,104,도로시설물,0,무,127.0152386,37.5801902,201346.0411,453404.368
1000005200,효자동삼거리,101,도로교차점,0,무,126.9736832,37.5836029,197675.5265,453783.357
1000005400,삼청동주민센터,101,도로교차점,0,무,126.9818519,37.5838629,198397.0398,453812.0348
1000005500,청운초등학교앞,101,도로교차점,0,무,126.9701718,37.5850829,197365.4209,453947.7099
1000005700,경복고교,101,도로교차점,1,유,126.9728219,37.5863814,197599.538,454091.756
1000005800,삼청공원입구,101,도로교차점,0,무,126.9816947,37.5869838,198383.2285,454158.428
1000006000,창의문앞,101,도로교차점,0,무,126.9658285,37.5925243,196982.1051,454773.7473
1000006100,부암동주민센터,101,도로교차점,0,무,126.9644677,37.5928149,196861.9315,454806.0473
1000006200,북악산로입구,101,도로교차점,0,무,126.9665521,37.5931481,197046.0285,454842.9625
1000006300,세검정,101,도로교차점,1,유,126.9579421,37.6000005,196285.974,455603.8117
1000006600,수표교(북단),101,도로교차점,0,무,126.989565,37.5683144,199078.1203,452086.2288
1000006700,동광빌딩,101,도로교차점,0,무,126.9857167,37.5685216,198738.1485,452109.2687
1000006800,세운교(북단),101,도로교차점,1,유,126.9953108,37.5685844,199585.7341,452116.1562
1000006900,강북삼성병원뒤,101,도로교차점,0,무,126.9677277,37.5692152,197148.947,452186.6499
1000007000,동아일보사,101,도로교차점,1,유,126.9784137,37.5693176,198092.9872,452197.7456
1000007100,종로1가_남대문로_진출,101,도로교차점,0,무,126.9829279,37.5696038,198491.7925,452229.4285
1000007200,종로1가_남대문로_진입,101,도로교차점,0,무,126.9827935,37.5696198,198479.924,452231.2003
1000007300,세종로사거리_태평로_진입,101,도로교차점,0,무,126.9769535,37.5695821,197963.9944,452227.1276
1000007400,세종로사거리_태평로_진출,101,도로교차점,0,무,126.9770893,37.5695835,197975.9934,452227.2801
1000007500,서울시교육위원회입구,101,도로교차점,0,무,126.9659601,37.5699861,196992.8214,452272.2692
1000007600,세종로사거리_일반국도6호선_진,101,도로교차점,0,무,126.976202,37.5701151,197897.6173,452286.2988
1000007700,종로1가_일반국도6호선_진출_2,101,도로교차점,0,무,126.982211,37.5701759,198428.4727,452292.9294
1000007800,종로1가_일반국도6호선_진입_1,101,도로교차점,0,무,126.9837095,37.5701683,198560.853,452292.0646
1000007900,새문안교회,101,도로교차점,1,유,126.9744486,37.5701543,197742.7187,452290.6966
1000008000,세종로사거리_일반국도6호선_진,101,도로교차점,0,무,126.9777588,37.5701341,198035.1554,452288.3738
1000008100,서울역사박물관,101,도로교차점,1,유,126.9719616,37.5701118,197523.0082,452286.04
1000008200,서울역사박물관,101,도로교차점,1,유,126.9725972,37.57017,197579.1662,452292.4826
1000008300,새문안교회,101,도로교차점,1,유,126.9749877,37.5701582,197790.3438,452291.12
1000008400,새문안교회,101,도로교차점,1,유,126.9755819,37.5701641,197842.8372,452291.755
1000008500,종로2가,101,도로교차점,1,유,126.9876851,37.5702055,198912.0735,452296.1471
1000008600,종로구청입구,101,도로교차점,1,유,126.9793148,37.5702029,198172.6145,452295.9883
1000008700,종로1가,101,도로교차점,1,유,126.9829758,37.5702264,198496.0418,452298.5283
1000008800,광화문우체국,101,도로교차점,1,유,126.9785092,37.5701961,198101.4504,452295.2418
1000008900,SK빌딩,101,도로교차점,1,유,126.9810231,37.5702166,198323.5332,452297.47
1000009000,세종대로사거리,101,도로교차점,1,유,126.977029,37.5701758,197970.6841,452293.025
1000009100,종각지하쇼핑센터,101,도로교차점,1,유,126.9857534,37.5702077,198741.4169,452296.4116
1000009200,종로4가_배오개길_진입,101,도로교차점,0,무,126.9977511,37.5702192,199801.3248,452297.5949
1000009300,세종로사거리_일반국도6호선_진,101,도로교차점,0,무,126.9762006,37.5702232,197897.4981,452298.2983
1000009400,기업은행,101,도로교차점,1,유,126.9894282,37.5702868,199066.0613,452305.1429
1000009500,종로1가_일반국도6호선_진입_2,101,도로교차점,0,무,126.9822091,37.570284,198428.3058,452304.9283
1000009600,종로1가_일반국도6호선_진출_1,101,도로교차점,0,무,126.9837104,37.5702764,198560.9389,452304.0643
1000009700,세종로사거리_일반국도6호선_진,101,도로교차점,0,무,126.977756,37.5702422,198034.9042,452300.3712
1000009800,종로3가,101,도로교차점,1,유,126.9921386,37.5704205,199305.5097,452319.9596
1000009900,동대문로터리_흥인지문_진입,101,도로교차점,0,무,127.0093873,37.5706632,200829.2974,452346.909
1000010000,종묘공원,101,도로교차점,1,유,126.9937799,37.5705064,199450.5017,452329.4846
1000010100,세운상가,101,도로교차점,1,유,126.9950438,37.5705684,199562.1561,452336.3638
1000010200,세종로사거리_일반국도48호선_진,101,도로교차점,0,무,126.9766952,37.5708827,197941.208,452371.4918
1000010300,세종로사거리_일반국도48호선_진,101,도로교차점,0,무,126.977257,37.5708747,197990.8439,452370.5922
1000010400,종로4가_일반국도6호선_진출,101,도로교차점,0,무,126.9969799,37.5706375,199733.1938,452344.0266
1000010500,종묘귀금속전문백화점,101,도로교차점,1,유,126.9964334,37.5706543,199684.923,452345.8888
1000010600,박시우치과의원,101,도로교차점,0,무,126.9719684,37.5706371,197523.6262,452344.3432
1000010700,종로1가_우정국로_진입,101,도로교차점,0,무,126.9830879,37.570752,198505.9487,452356.8568
1000010800,종로1가_우정국로_진출,101,도로교차점,0,무,126.9829521,37.5707555,198493.9552,452357.2533
1000010900,종로4가_일반국도6호선_진입,101,도로교차점,0,무,126.9970324,37.5707486,199737.8336,452356.3553
1000011000,종로4가,101,도로교차점,1,유,126.9977692,37.5707425,199802.9274,452355.6784
1000011100,종로천주교회,101,도로교차점,0,무,126.9964213,37.5708916,199683.8509,452372.2211
1000011200,종로5가,101,도로교차점,1,유,127.0019255,37.5710013,200170.1036,452384.3968
1000011300,동대문로터리_일반국도6호선_진,101,도로교차점,0,무,127.0080672,37.5710785,200712.6718,452392.9971
1000011400,종로6가,101,도로교차점,1,유,127.0067086,37.5711036,200592.6441,452395.7739
1000011500,탑골공원,101,도로교차점,1,유,126.987659,37.5710973,198909.7762,452395.1177
1000011600,종로4가_창경궁로_진출,101,도로교차점,0,무,126.9976705,37.5712459,199794.2103,452411.5492
1000011700,흥인지문,101,도로교차점,1,유,127.0090552,37.5713478,200799.9441,452422.8895
1000011800,행촌빌딩,101,도로교차점,0,무,126.9625571,37.5715909,196692.2541,452450.4929
1000011900,세종아파트앞,101,도로교차점,0,무,126.9727045,37.5716492,197588.6874,452456.659
1000012000,로얄빌딩앞,101,도로교차점,0,무,126.9748337,37.5716307,197776.7889,452454.5512
1000012100,교보빌딩앞,101,도로교차점,0,무,126.9766662,37.5716494,197938.668,452456.5819
1000012200,세종로복지센타,101,도로교차점,1,유,126.9712332,37.5717748,197458.7238,452470.6291
1000012300,코리아빌딩,101,도로교차점,1,유,127.0066921,37.571813,200591.1847,452474.5007
1000012400,조계사앞,101,도로교차점,1,유,126.9830374,37.5720298,198501.5127,452498.6838
1000012500,황학교_청계천로_진입,101,도로교차점,0,무,127.0228573,37.5720884,202019.2236,452505.2913
1000012600,교남동주민센터,101,도로교차점,0,무,126.9612058,37.5723948,196572.9204,452539.7604
1000012700,독립문_일반국도48호선_진출_1,101,도로교차점,0,무,126.9611565,37.5724972,196568.5732,452551.1278
1000012900,현저고가차도(동측),104,도로시설물,0,무,126.9633513,37.5724268,196762.453,452543.2385
1000013000,석탄회관,101,도로교차점,0,무,126.9801287,37.5724733,198244.5687,452547.9559
1000013100,사직터널(남측),104,도로시설물,0,무,126.9639246,37.5724512,196813.1028,452545.9336
1000013200,낙원상가,101,도로교차점,1,유,126.9886795,37.5725763,198999.9464,452559.2655
1000013300,봉익동,101,도로교차점,0,무,126.991532,37.5726052,199251.9361,452562.4405
1000013400,하나로빌딩,101,도로교차점,1,유,126.9865235,37.5726382,198809.4884,452566.1526
1000013500,서울소방본부,101,도로교차점,0,무,126.9785616,37.5726122,198106.1385,452563.4076
1000013700,미국대사관,101,도로교차점,0,무,126.9772355,37.5727318,197988.9918,452576.703
1000013900,인사동네거리,101,도로교차점,1,유,126.9862395,37.5730172,198784.4058,452608.2215
1000014000,이대병원후문,101,도로교차점,1,유,127.0074609,37.5730358,200659.0938,452610.2275
1000014100,동묘앞역,101,도로교차점,1,유,127.0156343,37.5730228,201381.1249,452608.8702
1000014200,용비어천가,101,도로교차점,1,유,126.9726895,37.5730986,197587.4174,452617.526
1000014300,대광빌딩,101,도로교차점,1,유,127.0073082,37.5732075,200645.6,452629.2775
1000014400,기독교회관,101,도로교차점,1,유,127.0020232,37.5732926,200178.7286,452638.7099
1000014500,서울특별시재향군인회,101,도로교차점,1,유,126.9975785,37.5733613,199786.0861,452646.3299
1000014600,종로세무서,101,도로교차점,1,유,126.9876808,37.5735455,198911.7341,452666.8453
1000014700,아람보습학원,101,도로교차점,1,유,127.0175091,37.5735031,201546.7335,452662.2099
1000014800,축구회관,101,도로교차점,0,무,126.9685082,37.5734998,197218.053,452662.1666
1000014900,충효길-율곡로진입로,101,도로교차점,0,무,127.006955,37.5734941,200614.3985,452661.0942
1000015000,조향빌딩,101,도로교차점,1,유,127.0059828,37.5735624,200528.5084,452668.6608
1000015200,광화문풍림스페이스본,101,도로교차점,0,무,126.9676903,37.5740031,197145.8216,452718.0467
1000015300,서울지방경찰청,101,도로교차점,0,무,126.9734392,37.5740714,197653.6692,452725.4762
1000015400,서울지방경찰청,101,도로교차점,1,유,126.9726796,37.5740827,197586.5707,452726.7462
1000015500,정부서울청사별관,101,도로교차점,1,유,126.9744719,37.574106,197744.8977,452729.2862
1000015600,율곡로-충효길진출로,101,도로교차점,0,무,127.0064075,37.5740882,200566.0223,452727.029
1010024300,한양공고앞_퇴계로_진입,101,도로교차점,0,무,127.0104773,37.5647758,200925.6632,451693.4847
1010024400,한양공고앞,101,도로교차점,1,유,127.0114015,37.5648844,201007.3064,451705.5552
1010024500,성동여자실업고교앞,101,도로교차점,1,유,127.0123574,37.5649206,201091.7616,451709.5769
1010024700,서울프라자호텔,101,도로교차점,1,유,126.9785108,37.564978,198101.4528,451716.1006
1010024900,금성빌딩,101,도로교차점,1,유,127.0135146,37.565052,201193.9968,451724.1819
1010025000,서대문경찰서,101,도로교차점,1,유,126.9673495,37.5651732,197115.3795,451738.042
1010025100,덕산빌딩,101,도로교차점,1,유,127.0156637,37.565313,201383.8621,451753.1803
1010025300,서대문아트홀_의주로_진입_1,101,도로교차점,0,무,126.9671253,37.5653672,197095.5748,451759.5834
1010025400,동대문공영주차장,101,도로교차점,0,무,127.0104616,37.5651414,200924.2662,451734.0684
1010025500,신당역,101,도로교차점,1,유,127.0161987,37.5653704,201431.1313,451759.556
1010025600,동대문패션TV,101,도로교차점,0,무,127.007595,37.5653765,200671.008,451760.1345
1010025700,동대문역사문화공원입구,101,도로교차점,0,무,127.0097824,37.5654164,200864.26,451764.5795
1010025800,서대문아트홀_의주로_진출_1,101,도로교차점,0,무,126.967242,37.5654225,197105.8863,451765.7212
1010025900,을지로1가_남대문로_진출_1,101,도로교차점,0,무,126.9826613,37.5654613,198468.1546,451769.6614
1010026000,을지로1가_남대문로_진입_2,101,도로교차점,0,무,126.9825267,37.565476,198456.2661,451771.2932
1010026100,기업은행성동지점,101,도로교차점,1,유,127.0216815,37.565548,201915.5204,451779.3635
1010026300,신당중앙시장,101,도로교차점,1,유,127.0196954,37.5656849,201740.0484,451794.5241
1010026500,동대문운동장_홍인문로_진출_1,101,도로교차점,0,무,127.0077331,37.5655592,200683.2021,451780.41
1010026700,농협중앙회 중앙본부,101,도로교차점,0,무,126.9680923,37.5657442,197181.0211,451801.3919
1010026800,동대문운동장_홍인문로_진입,101,도로교차점,0,무,127.0076027,37.5655896,200671.6864,451783.7847
1010026900,동대문운동장_을지로_진입_1,101,도로교차점,0,무,127.0084142,37.5657934,200743.3771,451806.41
1010027000,서대문역,101,도로교차점,1,유,126.9667113,37.5658631,197059.0232,451814.639
1010027100,을지로1가_을지로_진출_2,101,도로교차점,0,무,126.9818929,37.5659832,198400.2821,451827.5955
1010027200,프레지던트호텔,101,도로교차점,1,유,126.9796865,37.5660136,198205.3505,451831.0114
1010027300,동대문운동장_을지로_진출,101,도로교차점,0,무,127.0072093,37.5660722,200636.9254,451837.3437
1010027400,을지로1가_을지로_진입_1,101,도로교차점,0,무,126.9835143,37.5660132,198543.5324,451830.9027
1010027500,동대문역사문화공원,101,도로교차점,1,유,127.0078275,37.5660077,200691.5397,451830.1963
1010027600,을지로1가,101,도로교차점,1,유,126.9826719,37.5660456,198469.1053,451834.5085
1010027700,을지로4가_배오개길_진입_2,101,도로교차점,0,무,126.9981055,37.5661516,199832.6245,451846.1309
1010027800,하나은행,101,도로교차점,1,유,126.9844183,37.5660906,198623.393,451839.4781
1010027900,을지로1가_을지로_진입_2,101,도로교차점,0,무,126.9818911,37.5660913,198400.123,451839.5944
1010028000,을지로2가(외환은행),101,도로교차점,1,유,126.985748,37.5661122,198740.8682,451841.8593
1010028100,동대문운동장_을지로_진입_2,101,도로교차점,0,무,127.0072415,37.5661772,200639.7695,451849.0018
1010028200,을지로1가_을지로_진출_1,101,도로교차점,0,무,126.9835099,37.5661213,198543.1461,451842.8965
1010028300,을지로2가,101,도로교차점,1,유,126.9875388,37.5661529,198899.0894,451846.3573
1010028400,서대문아트홀_일반국도6호선_진,101,도로교차점,0,무,126.9671908,37.5662645,197101.3948,451859.1738
1010028500,타임캐슬 오피스텔,101,도로교차점,1,유,127.0067592,37.5662152,200597.1604,451853.2206
1010028600,을지로3가역,101,도로교차점,1,유,126.989751,37.5662309,199094.5245,451854.9825
1010028700,서대문아트홀_일반국도6호선_진,101,도로교차점,0,무,126.9670853,37.5663326,197092.0751,451866.7332
1010028800,동대문운동장_홍인문로_진출_2,101,도로교차점,0,무,127.0080566,37.5666289,200711.7724,451899.1385
1010028900,을지로3가,101,도로교차점,1,유,126.992623,37.5663789,199348.2604,451871.3867
1010029000,서울적십자병원,101,도로교차점,1,유,126.9673181,37.5664754,197112.6525,451882.5779
1010029100,대림상가앞,101,도로교차점,0,무,126.9955601,37.5665345,199607.7466,451888.6375
1010029200,을지로4가_을지로_진출_2,101,도로교차점,0,무,126.9974814,37.566582,199777.4885,451893.9103
1010029300,을지전화국,101,도로교차점,1,유,127.0044568,37.5666292,200393.7483,451899.1523
1010029600,을지로4가,101,도로교차점,1,유,126.9981208,37.5666701,199833.9788,451903.6796
1010029700,을지로4가_을지로_진입,101,도로교차점,0,무,126.9975221,37.5666925,199781.0832,451906.1758
1010029800,장교빌딩,101,도로교차점,1,유,126.9875762,37.5668264,198902.4022,451921.0967
1010029900,을지로1가_남대문로_진입_1,101,도로교차점,0,무,126.9827605,37.5666187,198476.9462,451898.116
1010030000,을지로4가_을지로_진출_1,101,도로교차점,0,무,126.9987679,37.5667567,199891.1467,451913.2992
1010030100,중부시장앞,101,도로교차점,1,유,127.0004343,37.5667863,200038.3699,451916.578
1010030300,기업은행,101,도로교차점,0,무,126.9857506,37.5667918,198741.1119,451917.2867
1010030400,을지로1가_남대문로_진출_2,101,도로교차점,0,무,126.9826247,37.5666216,198464.9507,451898.446
1010030600,광희초교,101,도로교차점,1,유,127.0161317,37.5668329,201425.1781,451921.8782
1010030700,을지로5가,101,도로교차점,1,유,127.002264,37.5668693,200200.0178,451925.7944
1010031200,디자이너클럽앞,101,도로교차점,0,무,127.012593,37.5670562,201112.5455,451946.6132
1010031300,을지로4가_배오개길_진출,101,도로교차점,0,무,126.998016,37.5671075,199824.7174,451952.2269
1010031400,을지로4가_배오개길_진입_1,101,도로교차점,1,유,126.9981493,37.5671412,199836.4935,451955.9743
1010031500,서대문고가차도(북측),104,도로시설물,0,무,126.9683329,37.5675234,197202.3465,451998.8625
1010031700,밀리오레,101,도로교차점,1,유,127.0089468,37.5677618,200790.4124,452024.8826
1010031800,동대문디자인플라자,101,도로교차점,1,유,127.0125261,37.5678935,201106.6188,452039.535
1010031900,케레스타,101,도로교차점,1,유,127.0077441,37.5679659,200684.1556,452047.531
1010032000,흥인사거리,101,도로교차점,1,유,127.0160061,37.5680166,201414.0656,452053.2441
1010032100,청계2가,101,도로교차점,1,유,126.9876671,37.5679802,198910.4455,452049.1553
1010032200,수표교(남단),101,도로교차점,0,무,126.989553,37.5679973,199077.0619,452051.0391
1010032400,동화상가,101,도로교차점,1,유,127.0072386,37.568048,200639.4938,452056.6326
1010032500,삼일교,101,도로교차점,0,무,126.9858917,37.5681745,198753.6002,452070.7453
1010032600,청계3가,101,도로교차점,1,유,126.9923856,37.5682221,199327.3054,452075.9629
1010032700,청계2가,101,도로교차점,1,유,126.9876862,37.5682796,198912.1389,452082.387
1010032800,정동사거리,101,도로교차점,1,유,126.9691612,37.5683276,197275.5562,452088.0915
1010032900,동대문중앙교회앞,101,도로교차점,1,유,127.0196396,37.5683712,201735.0584,452092.6635
1010033000,방산종합시장,101,도로교차점,1,유,127.0021233,37.5684129,200187.5824,452097.1124
1010033400,광교,101,도로교차점,1,유,126.9827649,37.5687245,198477.3736,452131.8347
1010033500,청계4가,101,도로교차점,1,유,126.9979473,37.5687337,199818.655,452132.721
1010033600,청계6가앞,101,도로교차점,1,유,127.0096498,37.5688398,200852.5037,452144.5327
1010033700,광교,101,도로교차점,1,유,126.9827798,37.5690374,198478.6965,452166.5613
1010033800,효령빌딩,101,도로교차점,0,무,126.9798296,37.5689383,198218.0638,452155.6161
1010034000,청계4가,101,도로교차점,1,유,126.9979233,37.5690317,199816.5383,452165.794
1010034100,무교동사거리,101,도로교차점,0,무,126.9792933,37.5689767,198170.69,452159.8891
1010034200,광화문빌딩,103,속성변화점,0,무,126.9761544,37.5690927,197893.3867,452172.8324
1010034300,모전교,101,도로교차점,0,무,126.9792763,37.569272,198169.1874,452192.6656
1010034400,덕수초교앞,101,도로교차점,1,유,126.9743376,37.5694227,197732.8902,452209.5037
1010034500,삼원약국,101,도로교차점,1,유,126.9757733,37.5694488,197859.7317,452212.3612
1010034600,청계5가,101,도로교차점,0,무,127.0020515,37.5694856,200181.2324,452216.1752
1010034700,청계6가,101,도로교차점,1,유,127.009742,37.5696289,200860.6396,452232.1221
1010034800,청계7가,101,도로교차점,1,유,127.0158987,37.5696615,201404.5406,452235.8069
1010034900,버들다리(남측),101,도로교차점,1,유,127.0066319,37.5695321,200585.8865,452221.3522
1010035000,청계5가,101,도로교차점,0,무,127.00202,37.5698075,200178.4542,452251.894
1010035100,청계6가,101,도로교차점,0,무,127.0096899,37.5699422,200856.0359,452266.8884
1010035200,청계7가,101,도로교차점,0,무,127.0158718,37.5700155,201402.1593,452275.0976
1010035300,영도교(북단),101,도로교차점,0,무,127.0190905,37.570935,201686.487,452377.2036
1010035400,영도교(남단),101,도로교차점,1,유,127.0188537,37.5712202,201665.5664,452408.8597
1010035500,황학교_청계천로_진출,101,도로교차점,0,무,127.022817,37.5716434,202015.6747,452455.9097
1010035600,철도빌딩,101,도로교차점,0,무,126.9690937,37.5549693,197269.1014,450605.482
1010035700,순화공원,101,도로교차점,0,무,126.9706666,37.560771,197408.2867,451249.354
1010035800,중앙일보,101,도로교차점,0,무,126.9714584,37.5623979,197478.2958,451429.9014
1010035900,통일로_한강대로_진입,101,도로교차점,0,무,126.9726383,37.5561302,197582.3405,450734.2262
1010036000,한강대로_퇴계로_진출,101,도로교차점,0,무,126.9728469,37.555169,197600.7467,450627.5388
1010036100,메트로타워,103,속성변화점,1,유,126.9744893,37.5567161,197745.9139,450799.2066
1010036200,청계광장,101,도로교차점,0,무,126.9769706,37.5690193,197965.4917,452164.6641
1010036300,메사,101,도로교차점,0,무,126.9801491,37.5607225,198246.0955,451243.7587
1020000100,동작대교북단,104,도로시설물,0,무,126.9832075,37.5162137,198515.4331,446303.7701
1020000300,반포대교북단,104,도로시설물,0,무,126.99425,37.5193295,199491.6878,446649.4705
1020000600,한남대교북단,104,도로시설물,0,무,127.0106545,37.52957,200941.7607,447786.0725
1020000700,원효대교북단,104,도로시설물,0,무,126.9516861,37.5301654,195729.5439,447853.1988
1120027400,DMC파크뷰APT,101,도로교차점,0,무,126.9147585,37.572385,192469.7664,452541.384
1000015700,사직터널(북측),104,도로시설물,0,무,126.9651932,37.5736436,196925.2202,452678.2255
1000015800,동아기획,101,도로교차점,1,유,126.9699767,37.5742268,197347.8049,452742.8118
1000015900,중앙지하차도(서측),104,도로시설물,0,무,126.9756211,37.5741641,197846.4229,452735.7046
1000016100,역사박물관,101,도로교차점,0,무,126.9785108,37.5744145,198101.6934,452763.433
1000016200,중앙지하차도(동측),104,도로시설물,0,무,126.978034,37.5743953,198059.5717,452761.3163
1000016300,사직단,101,도로교차점,0,무,126.9672632,37.5744606,197108.1138,452768.8455
1000016400,원광빌딩,101,도로교차점,1,유,126.9909726,37.5744609,199202.5383,452768.4058
1000016500,인왕빌딩,101,도로교차점,1,유,126.9704072,37.5747619,197385.8521,452802.1844
1000016600,사직단,101,도로교차점,1,유,126.9677985,37.5747796,197155.4082,452804.2336
1000016700,광화문_일반국도48호선_진입_2,101,도로교차점,0,무,126.9766029,37.5747413,197933.1646,452799.7472
1000016900,광화문_일반국도48호선_진출_1,101,도로교차점,0,무,126.9771689,37.5748582,197983.171,452812.7118
1000017000,운현초교입구,101,도로교차점,1,유,126.9868136,37.575137,198835.153,452843.4894
1000017300,안국동사거리_우정국로_진입,101,도로교차점,0,무,126.9828039,37.5749851,198480.9511,452826.6933
1000017400,신설동역_일반국도6호선_진출_2,101,도로교차점,0,무,127.0225012,37.5752313,201987.6843,452854.1166
1000017700,신설동역_일반국도6호선_진입_2,101,도로교차점,0,무,127.0224414,37.5753284,201982.3918,452864.8864
1000017800,사직공원,101,도로교차점,1,유,126.9688477,37.5755538,197248.124,452890.1248
1000017900,안국동사거리,101,도로교차점,1,유,126.9830055,37.5756094,198498.7666,452895.978
1000018000,적선현대빌딩,101,도로교차점,1,유,126.9726887,37.5753014,197587.4174,452862.0015
1000018100,안국동사거리_율곡로_진출_2,101,도로교차점,0,무,126.9820371,37.5756052,198413.2231,452895.5298
1000018200,경복궁_중학천길_진출,101,도로교차점,0,무,126.9792458,37.5753789,198166.6433,452870.461
1000018300,경복궁_중학천길_진입,101,도로교차점,0,무,126.9791986,37.575556,198162.4799,452890.1141
1000018500,광화문_일반국도48호선_진출_2,101,도로교차점,0,무,126.975634,37.5756053,197847.5979,452895.6696
1000018600,도서출판집문당,101,도로교차점,0,무,126.9906139,37.5756679,199170.8676,452902.3779
1000018900,광화문_일반국도48호선_진입_1,101,도로교차점,0,무,126.9779452,37.5756051,198051.7613,452895.5889
1000019000,전교가르멜수녀원영성센터,101,도로교차점,0,무,126.9655996,37.5757731,196961.2029,452914.5695
1000019100,경복궁_일반국도48호선_진출,101,도로교차점,0,무,126.9786481,37.5756877,198113.8558,452904.7417
1000019200,한국일보문화센타,101,도로교차점,1,유,126.9813071,37.5757736,198348.7475,452914.2343
1000019300,정부서울청사,101,도로교차점,1,유,126.9743313,37.575758,197732.5317,452912.6468
1000019400,경복궁교차로,101,도로교차점,0,무,126.9801458,37.5758815,198246.1658,452926.2221
1000019600,원남동사거리,101,도로교차점,1,유,126.9973494,37.5759134,199765.8587,452929.5802
1000019700,경복궁교차로,101,도로교차점,1,유,126.9794201,37.5758544,198182.0597,452923.2302
1000019800,경복궁역,101,도로교차점,1,유,126.972636,37.5759031,197582.7772,452928.7864
1000020100,사직공원,101,도로교차점,0,무,126.9689332,37.5757871,197255.6806,452916.0221
1000020200,경복궁_일반국도48호선_진입,101,도로교차점,0,무,126.9786284,37.5757946,198112.116,452916.6149
1000020300,경복궁_율곡로_진출,101,도로교차점,0,무,126.9801205,37.5759893,198243.9299,452938.1865
1000020500,일반국도48호선-매동길진출로,101,도로교차점,0,무,126.969969,37.5761371,197347.1973,452954.8278
1000020600,경복궁_삼청동길_진출,101,도로교차점,0,무,126.9794688,37.5765544,198186.3736,453000.9242
1000020700,이화사거리,101,도로교차점,1,유,127.0022106,37.5761684,200195.2783,452957.8907
1000020800,파크맨션아파트,101,도로교차점,0,무,126.9690959,37.5762895,197270.0759,452971.7747
1000020900,원남동사거리_율곡로_진입,101,도로교차점,0,무,126.9963188,37.5762957,199674.8232,452972.0222
1000021000,경복궁_삼청동길_진입,101,도로교차점,0,무,126.9796046,37.5765528,198198.3722,453000.7394
1000021100,원남동사거리_창경궁로_진출,101,도로교차점,0,무,126.9971754,37.5766906,199750.4935,453015.8426
1000021200,안국역,101,도로교차점,1,유,126.9861801,37.576859,198779.2255,453034.62
1000021300,원남빌딩,101,도로교차점,1,유,126.9971968,37.5770361,199752.3812,453054.1861
1000021400,창덕궁,101,도로교차점,1,유,126.9901038,37.5774363,199125.8303,453098.6493
1000021500,현대주택문화센터,101,도로교차점,1,유,126.9892652,37.5773981,199051.7468,453094.4159
1000021600,서울대학교치과대학,101,도로교차점,0,무,126.9980116,37.5776271,199824.3564,453119.7888
1000021700,매동초등학교,102,도로시.종점,0,무,126.9666022,37.5780981,197049.8654,453172.5857
1000021800,서울대학교병원,101,도로교차점,0,무,126.9998519,37.5790727,199986.9167,453280.2324
1000021900,재동초등학교앞,101,도로교차점,0,무,126.9850218,37.57923,198676.9431,453297.7896
1000022000,계동창덕궁앞,101,도로교차점,0,무,126.9892467,37.5793032,199050.1386,453305.8594
1000022100,합동청사,101,도로교차점,0,무,126.9738284,37.5793982,197688.2133,453316.6774
1000022200,남전빌라,101,도로교차점,0,무,126.9687732,37.5794346,197241.6861,453320.8534
1000022300,태창빌딩,101,도로교차점,0,무,126.9696574,37.5794563,197319.7912,453323.2347
1000022400,창신쌍용아파트,101,도로교차점,0,무,127.0152347,37.5790967,201345.7144,453283.0013
1000022500,옥인시장,101,도로교차점,1,유,126.9713901,37.5795002,197472.842,453328.0545
1000022600,함춘회관,101,도로교차점,0,무,127.0021793,37.5800024,200192.4984,453383.4201
1000022700,국군서울지구병원,101,도로교차점,1,유,126.9799387,37.5800574,198227.9643,453389.7025
1000022800,송림빌딩,101,도로교차점,0,무,126.9685948,37.5805517,197225.9698,453444.8374
1000022900,종로센트레빌아파트,101,도로교차점,1,유,127.0153875,37.5806972,201359.1804,453460.642
1000023000,국립민속박물관,101,도로교차점,1,유,126.980211,37.5810157,198252.0415,453496.0653
1000023100,퍼스트빌,101,도로교차점,0,무,126.9684974,37.5813941,197217.3973,453538.3414
1000023200,효자동사무소앞,101,도로교차점,0,무,126.9708981,37.581512,197429.4502,453551.3633
1000023300,쌍용아파트,101,도로교차점,1,유,127.0122582,37.5815179,201082.7537,453551.6921
1000023400,안송빌딩,101,도로교차점,0,무,126.9811174,37.5815413,198332.1109,453554.3831
1000023500,종로구-성북구경계(1),105,행정경계,0,무,127.0152482,37.5818292,201346.8522,453586.2721
1000023600,유니세프한국위원회,101,도로교차점,0,무,126.9736837,37.5818059,197675.5132,453583.9071
1000023700,명신초교,101,도로교차점,0,무,127.0146497,37.5822795,201293.9813,453636.2433
1000023800,옥인시범아파트,102,도로시.종점,0,무,126.9630674,37.5823823,196737.8126,453648.1966
1000023900,혜명교회앞,101,도로교차점,1,유,127.001889,37.5823853,200166.8514,453647.8893
1000024000,성균관대입구,101,도로교차점,1,유,126.9987504,37.5830167,199889.6262,453717.9635
1000024100,대한불교조계종안국선원,101,도로교차점,0,무,126.9851048,37.583316,198684.3514,453751.2864
1000024200,팔판동삼거리,101,도로교차점,1,유,126.9792608,37.5834686,198168.1684,453768.3221
1000024300,무궁화동산,101,도로교차점,0,무,126.9727055,37.5837496,197589.1663,453799.6554
1000024400,신교동교차로,101,도로교차점,1,유,126.970364,37.5838624,197382.3543,453812.243
1000024500,신교소방파출소,101,도로교차점,1,유,126.9702829,37.584301,197375.2105,453860.9264
1000024600,주한교황청대사관,101,도로교차점,0,무,126.9727746,37.5846192,197595.3046,453896.1756
1000024700,궁정교회,101,도로교차점,0,무,126.9711881,37.585118,197455.1887,453951.575
1000024900,혜화동_대학로_진입,101,도로교차점,1,유,127.0013176,37.5852686,200116.3747,453967.9033
1000025000,혜화동로터리,101,도로교차점,1,유,127.0009786,37.585304,200086.434,453971.8294
1000025300,혜화동로터리,101,도로교차점,1,유,127.0014287,37.5858287,200126.1893,454030.0653
1000025400,혜화동_우암길_진입,101,도로교차점,0,무,127.0009795,37.5858,200086.5101,454026.8776
1000025600,혜화동_혜화문길_진입,101,도로교차점,0,무,127.0012318,37.5858775,200108.797,454035.4811
1000025700,경복고등학교,101,도로교차점,0,무,126.9700247,37.5859053,197352.4563,454038.9913
1000025800,삼청우체국,101,도로교차점,0,무,126.9852831,37.5864047,198700.1559,454094.0945
1000025900,명륜파출소,101,도로교차점,0,무,126.9966564,37.5877648,199704.6851,454244.9581
1000026000,베드루신경정신과의원,101,도로교차점,1,유,127.0046446,37.58791,200410.2214,454261.0748
1000026100,경기상고,101,도로교차점,1,유,126.968632,37.588768,197229.5571,454356.7566
1000026200,르느와르5,101,도로교차점,0,무,126.9973783,37.5892989,199768.4498,454415.2178
1000026300,자하문터널(남측),104,도로시설물,0,무,126.967023,37.5894613,197087.4756,454433.7505
1000026400,국민생활관,101,도로교차점,0,무,126.999166,37.5898168,199926.3412,454472.6991
1000026500,청운아파트,103,속성변화점,0,무,126.9656771,37.5909375,196968.6642,454597.6403
1000026600,벽산빌라,102,도로시.종점,0,무,126.9679518,37.5913964,197169.5852,454648.5028
1000026700,종로구-성북구경계(3),105,행정경계,0,무,126.9896982,37.5916279,199090.1735,454673.7606
1000026800,윤동주문학관,101,도로교차점,0,무,126.967329,37.5922348,197114.6087,454741.5739
1000026900,종로구-성북구경계(2),105,행정경계,0,무,126.999139,37.5923542,199923.9599,454754.3222
1000027100,삼청터널(남측),104,도로시설물,0,무,126.9821138,37.5932416,198420.3761,454852.9607
1000027200,종로구-성북구경계(4),105,행정경계,0,무,126.9832728,37.5952442,198522.7701,455075.2111
1000027300,세검정_자하문길_진입,101,도로교차점,0,무,126.9587748,37.5995631,196359.4849,455555.2343
1000027400,송암교앞거리,101,도로교차점,1,유,126.9576028,37.5996678,196255.9976,455566.9014
1000027500,세검정_자하문길_진출,101,도로교차점,0,무,126.958828,37.5996626,196364.1923,455566.2724
1000027600,세검정_세검정길_진입,101,도로교차점,0,무,126.9584652,37.6004135,196332.1903,455649.6241
1000027700,상명초등학교,101,도로교차점,0,무,126.9567366,37.6008728,196179.5649,455700.6693
1000027800,북악팔각정,101,도로교차점,0,무,126.9800303,37.6012922,198236.5558,455746.5292
1000027900,상명대학교,102,도로시.종점,1,유,126.9551275,37.6017404,196037.5209,455797.0285
1000028000,북악팔각정후문,101,도로교차점,0,무,126.9812958,37.6017616,198348.316,455798.5993
1000028100,신영삼거리_세검정길_진입,101,도로교차점,0,무,126.9614272,37.6029554,196593.8755,455931.6391
1000028200,신영동삼거리,101,도로교차점,1,유,126.9618408,37.6035171,196630.4158,455993.9605
1000028300,신영삼거리_세검정길_진출,101,도로교차점,0,무,126.9626238,37.6040226,196699.5875,456050.043
1000028400,신영삼거리_진흥로_진출,101,도로교차점,0,무,126.9612682,37.6041797,196579.8877,456067.5321
1000028500,신영삼거리_진흥로_진입,101,도로교차점,0,무,126.9613962,37.604216,196591.1936,456071.5541
1000028600,경일약국,101,도로교차점,1,유,126.9652068,37.6048758,196927.7023,456144.6542
1000028700,정릉터널(남측),104,도로시설물,0,무,126.973909,37.6069303,197696.1853,456372.4236
1000028800,구기터널,101,도로교차점,1,유,126.9589219,37.6069882,196372.8434,456379.3269
1000028900,종로구-성북구경계(5),105,행정경계,0,무,126.9858525,37.6072991,198750.7939,456413.1359
1000029000,동양카센타,101,도로교차점,0,무,126.971967,37.6073996,197524.7247,456424.5619
1000029100,구기터널동측,101,도로교차점,1,유,126.9567502,37.6084244,196181.1498,456538.8112
1000029300,구기터널(동측),104,도로시설물,0,무,126.955006,37.6087461,196027.1646,456574.5898
1000029400,종로구-성북구경계(6),105,행정경계,0,무,126.9856492,37.609186,198732.8726,456622.5589
1000029600,종로구-은평구경계(1),105,행정경계,0,무,126.9512389,37.6094776,195694.5827,456655.9493
1000029700,가나힐하우스,101,도로교차점,0,무,126.975869,37.6100704,197869.3452,456720.8958
1000029800,하비에르 국제학교,101,도로교차점,0,무,126.9564774,37.610821,196157.1856,456804.8218
1000029900,평창동삼성아파트,101,도로교차점,0,무,126.9783769,37.6111221,198090.8019,456837.5773
1000030000,북악터널(서측),104,도로시설물,0,무,126.9795589,37.6116087,198195.1802,456891.5524
1000030100,종로구-성북구경계(7),105,행정경계,0,무,126.9851146,37.611706,198685.7187,456902.2681
1000030200,구기동3차현대빌라,101,도로교차점,0,무,126.956396,37.6116505,196150.0418,456896.897
1000030300,건덕빌라,101,도로교차점,0,무,126.9568766,37.6122014,196192.5075,456958.0159
1000030400,가나아트센타,101,도로교차점,0,무,126.9749962,37.6125733,197792.3513,456998.7089
1000030500,이북5도청,101,도로교차점,0,무,126.9558556,37.6133059,196102.4167,457080.6505
1000030600,북악휴계실,101,도로교차점,0,무,126.9781119,37.6134674,198067.4634,457097.8837
1000030700,구기동삼익빌라,102,도로시.종점,0,무,126.9544424,37.6161982,195977.7977,457401.723
1000030800,베네스트아파트,101,도로교차점,0,무,126.9636335,37.5950538,196788.3532,455054.5665
1000030900,세종로공원,101,도로교차점,0,무,126.976612,37.5742717,197933.9584,452747.6242
1000031000,청계광장,101,도로교차점,0,무,126.9770922,37.5694158,197976.2434,452208.6645
1000031100,대한민국역사박물관,101,도로교차점,0,무,126.9771841,37.5743409,197984.4939,452755.2971
1000031200,창경궁로_종로_진출,101,도로교차점,0,무,126.9978863,37.5702293,199813.2745,452298.7128
1000031300,창경궁로_종로_진입,101,도로교차점,0,무,126.9985533,37.5707449,199872.192,452355.9399
1000031400,버들다리(북측),101,도로교차점,1,유,127.0067458,37.5698158,200595.9407,452252.8377
1000031500,신창읍민회관,101,도로교차점,0,무,127.0153629,37.5793572,201357.0304,453311.9147
1010000300,후암삼거리,101,도로교차점,0,무,126.976534,37.5529871,197926.4745,450385.2903
1010000400,약수역,101,도로교차점,1,유,127.0106494,37.5548223,200940.9897,450588.7724
1010000600,남산2호터널북단,101,도로교차점,1,유,127.0038611,37.5553196,200341.1656,450643.9167
1010000700,도동삼거리,101,도로교차점,0,무,126.9769403,37.5560042,197962.4579,450720.1477
1010000900,남산3호터널북단,104,도로시설물,0,무,126.983155,37.5554049,198511.5752,450653.5122
1010001000,서울역,101,도로교차점,0,무,126.9726242,37.5570508,197581.1219,450836.4065
1010001100,남산1호터널(북측),104,도로시설물,0,무,126.9929839,37.5557051,199380.0621,450686.7219
1010002800,중구청,101,도로교차점,1,유,126.9983458,37.5643501,199853.8495,451646.1877
1010003200,중부경찰서앞,101,도로교차점,0,무,126.9899648,37.5648325,199113.4023,451699.7778
1010003700,정동제일교회,101,도로교차점,1,유,126.97341,37.5652612,197650.8136,451747.639
1010004000,시청앞광장,101,도로교차점,1,유,126.9790486,37.5659849,198148.9941,451827.8364
1010004800,시청후문,101,도로교차점,1,유,126.9791981,37.5669766,198162.2233,451937.9033
1010004900,서울시의회,101,도로교차점,1,유,126.9771277,37.5670546,197979.3209,451946.6061
1010005300,동평화시장,101,도로교차점,0,무,127.0122029,37.5696423,201078.0438,452233.6337
1010005400,남산공원길삼거리2,101,도로교차점,0,무,126.9988289,37.5508209,199896.513,450144.6116
1010005500,국립극장,101,도로교차점,0,무,127.0006451,37.5512885,200057.0025,450196.5053
1010005600,금호터널(북측),104,도로시설물,0,무,127.0130668,37.5518549,201154.6364,450259.4452
1010005700,약수고가차도_매봉산길_진출,101,도로교차점,0,무,127.0121868,37.5521518,201076.8764,450292.3886
1010005800,약수고가차도_동호로_진입,101,도로교차점,0,무,127.0127036,37.5521846,201122.5416,450296.035
1010005900,남산학사빌딩,102,도로시.종점,0,무,126.9968071,37.5526179,199717.8609,450344.062
1010006000,약수고가차도(남측),101,도로교차점,1,유,127.0122944,37.5527608,201086.3738,450359.9871
1010006400,남산공원길삼거리,101,도로교차점,0,무,126.9831145,37.5545553,198507.9769,450559.2145
1010006500,백범광장,101,도로교차점,0,무,126.9812592,37.5549066,198344.0473,450598.234
1010006700,서울역고가차도(서측)_1,101,도로교차점,0,무,126.967477,37.5548471,197126.2411,450591.9708
1010006900,남산2호터널입구_장충단길_진입,101,도로교차점,0,무,127.0033989,37.5548935,200300.3264,450596.6288
1010007100,남산2호터널(북측),104,도로시설물,0,무,127.0024142,37.5552117,200213.3158,450631.9431
1010007300,남산2호터널입구_남산2호터널_진,101,도로교차점,0,무,127.003093,37.5552358,200273.2976,450634.6146
1010007400,남산2호터널입구_남산2호터널_진,101,도로교차점,0,무,127.0030734,37.5553428,200271.5684,450646.4894
1010007600,남산2호터널입구_장충단길_진출,101,도로교차점,0,무,127.004126,37.5557915,200364.5734,450696.2916
1010007800,약수고가차도(북측),104,도로시설물,0,무,127.0093844,37.5564561,200829.1982,450770.0921
1010007900,경림회관_만리재안길_진입,101,도로교차점,0,무,126.9685659,37.5565328,197222.5258,450779.0283
1010008000,남산1호터널북단,101,도로교차점,1,유,126.9925706,37.5566277,199343.5495,450789.1159
1010008100,한국외환은행남대문지점,101,도로교차점,1,유,126.9739635,37.5565491,197699.4487,450780.6924
1010008200,숭의여자대학,101,도로교차점,0,무,126.9850512,37.5565929,198679.1435,450785.34
1010008300,청파로-만리재안길진입로,101,도로교차점,0,무,126.969878,37.5565975,197338.4596,450786.1697
1010008400,서울역(서부),101,도로교차점,0,무,126.96988,37.5568137,197338.6436,450810.169
1010008500,서울역(서부),101,도로교차점,1,유,126.969023,37.5569523,197262.9245,450825.5718
1010008700,퇴계로_세종대로_진입,101,도로교차점,0,무,126.9730184,37.557571,197615.974,450894.127
1010008800,서울역,104,도로시설물,0,무,126.9757455,37.55722,197856.9243,450855.1078
1010008900,요금징수소,103,속성변화점,1,유,126.9832768,37.557243,198522.3775,450857.5185
1010009000,경림회관_중림길_진출,101,도로교차점,0,무,126.9682912,37.5573099,197198.2761,450865.2839
1010009100,통일로_한강대로_진출,101,도로교차점,0,무,126.9717122,37.5576315,197500.5609,450900.8769
1010009200,경림회관_중림길_진입,101,도로교차점,0,무,126.9683711,37.5573973,197205.3459,450874.9801
1010009300,세종대로_통일로_진입,101,도로교차점,0,무,126.9718375,37.5576731,197511.6378,450905.4923
1010009400,세종대로_통일로_진출,101,도로교차점,0,무,126.9729047,37.5576301,197605.9305,450900.6943
1010009500,경림회관_만리재안길_진출,101,도로교차점,0,무,126.9690832,37.5575034,197268.2643,450886.734
1010009600,금호여중,101,도로교차점,0,무,127.019052,37.5580887,201683.3758,450951.4214
1010009700,서울역소화물취급소,101,도로교차점,0,무,126.9693942,37.5580319,197295.7674,450945.3797
1010009800,청암빌딩,101,도로교차점,0,무,126.9716509,37.5584847,197495.1715,450995.5746
1010009900,장충체육관_장충단길_진입_2,101,도로교차점,0,무,127.0056978,37.5586971,200503.4327,451018.7858
1010010000,중림삼거리_청파로_진출,101,도로교차점,0,무,126.9693937,37.558567,197295.7352,451004.776
1010010100,장충체육관_훈련원로_진출,101,도로교차점,0,무,127.0051102,37.5590019,200451.5168,451052.6135
1010010200,의주로지하차도(남측),104,도로시설물,0,무,126.9716467,37.5581406,197494.7928,450957.3873
1010010300,장충체육관_동호로_진출,101,도로교차점,0,무,127.0067558,37.5589224,200596.9147,451043.7992
1010010400,장충체육관,101,도로교차점,1,유,127.0058452,37.5590977,200516.4601,451063.251
1010010500,장충체육관_훈련원로_진입,101,도로교차점,0,무,127.0051006,37.5591097,200450.6648,451064.5832
1010010600,중림동입구,101,도로교차점,1,유,126.9688176,37.5592294,197244.8623,451078.3141
1010010700,충정로역가구상가_중림길_진출,101,도로교차점,0,무,126.9640797,37.5591048,196826.2364,451064.6275
1010010900,충정로역,101,도로교차점,0,무,126.9636891,37.5591244,196791.7271,451066.8153
1010011000,중림삼거리_칠패길_진입,101,도로교차점,0,무,126.9693003,37.5593979,197287.5215,451097
1010011100,숭례문_소월길_진출,101,도로교차점,0,무,126.9758644,37.5590695,197867.4818,451060.3768
1010011200,충정로역가구상가_서소문로_진입,101,도로교차점,0,무,126.9639333,37.5593892,196813.3165,451096.2023
1010011400,숭례문,101,도로교차점,0,무,126.9742665,37.5591522,197726.3039,451069.5953
1010011500,신흥빌딩,101,도로교차점,0,무,126.9692787,37.5595049,197285.6154,451108.8706
1010011600,미도파빌딩,101,도로교차점,0,무,126.9962085,37.5595684,199664.9971,451115.4827
1010011700,신세계백화점(정문),101,도로교차점,0,무,126.9800455,37.5595834,198236.9138,451117.3243
1010011800,중림삼거리_청파로_진입,101,도로교차점,0,무,126.9684502,37.5596836,197212.42,451128.7345
1010012000,엠버서더호텔,101,도로교차점,0,무,127.0028567,37.5597272,200252.4054,451133.1011
1010012100,염천교,101,도로교차점,1,유,126.9713632,37.5596138,197469.7896,451120.9002
1010012200,숭례문_매동1길_진출,101,도로교차점,0,무,126.9742843,37.5594646,197727.8849,451104.2721
1010012400,연세봉래빌딩,101,도로교차점,1,유,126.972855,37.5597145,197601.601,451132.0384
1010012500,회현사거리_반포로_진입_2,101,도로교차점,0,무,126.9822136,37.5599025,198428.4873,451152.7098
1010012600,장충체육관_장충단길_진출,101,도로교차점,0,무,127.0055373,37.5599832,200489.2432,451161.5239
1010012700,장충체육관_장충단길_진입_1,101,도로교차점,0,무,127.005672,37.5599955,200501.1503,451162.9003
1010012800,퇴계로2가,101,도로교차점,0,무,126.9900711,37.5598321,199122.7315,451144.7904
1010012900,회현사거리_반포로_진출,101,도로교차점,0,무,126.982341,37.5599401,198439.742,451156.8731
1010013100,필동2가삼익주택,101,도로교차점,0,무,126.9921881,37.5586538,199309.7715,451013.9915
1010013500,칠패길-숭례성터길진출로,101,도로교차점,0,무,126.9739143,37.5598131,197695.1975,451142.9525
1010013600,회현사거리_퇴계로_진출_2,101,도로교차점,0,무,126.9814071,37.5600083,198357.2277,451164.4586
1010013800,숭례문,101,도로교차점,1,유,126.975608,37.560581,197844.8733,451228.1476
1010013900,퇴계로2가,101,도로교차점,0,무,126.9907887,37.5596969,199186.1326,451129.7735
1010014000,퇴계로-삼일로진출로2,101,도로교차점,0,무,126.9893485,37.5600759,199058.8927,451171.8556
1010014100,회현사거리_퇴계로_진입_2,101,도로교차점,0,무,126.9813346,37.5600997,198350.8239,451174.607
1010014300,대한적십자사,101,도로교차점,0,무,126.9883924,37.5600619,198974.4191,451170.3096
1010014400,필동사무소,101,도로교차점,0,무,126.9961078,37.560171,199656.107,451182.3695
1010014500,청구역,101,도로교차점,1,유,127.013781,37.5602752,201217.6121,451194.008
1010014600,주자동빌딩,101,도로교차점,0,무,126.9901932,37.5601353,199133.5266,451178.4455
1010014800,숭례문_남대문로_진입_1,101,도로교차점,0,무,126.9764884,37.5605318,197922.6528,451222.6676
1010014900,회현사거리,101,도로교차점,1,유,126.9820328,37.5604032,198412.519,451208.2873
1010015000,숭례문_남대문로_진출_1,101,도로교차점,0,무,126.9764459,37.560635,197918.9065,451234.1181
1010015100,회현사거리_퇴계로_진입_1,101,도로교차점,0,무,126.9827322,37.5605638,198474.3243,451226.0979
1010015200,남양알로에,101,도로교차점,0,무,127.012946,37.5605628,201143.8317,451225.9176
1010015300,퇴계로-삼일로진출로3,101,도로교차점,0,무,126.9883063,37.560791,198966.8176,451251.2308
1010015400,신세계백화점(후문),101,도로교차점,0,무,126.9817945,37.5606404,198391.4722,451234.6127
1010015500,숭례문,101,도로교차점,0,무,126.9749933,37.56037,197790.5543,451204.7346
1010015600,회현사거리_퇴계로_진출_1,101,도로교차점,0,무,126.9827116,37.5606707,198472.5055,451237.9593
1010015700,숭례문_태평로_진입,101,도로교차점,0,무,126.9758217,37.5609808,197863.7608,451272.5067
1010015800,서소문공원,104,도로시설물,0,무,126.9705181,37.5608655,197395.1709,451259.8506
1010015900,서소문고가차도(서측),104,도로시설물,0,무,126.9660367,37.560717,196999.2137,451243.4974
1010016000,연정가든,101,도로교차점,1,유,126.9857879,37.5609115,198744.3072,451264.6436
1010016100,회현사거리_반포로북창중앙길_진,101,도로교차점,0,무,126.9816686,37.5609097,198380.3578,451264.5058
1010016200,신일빌딩,101,도로교차점,1,유,126.986794,37.5610153,198833.2073,451276.153
1010016300,퇴계로-소파길진출로,101,도로교차점,0,무,126.9871039,37.5609883,198860.5807,451273.1456
1010016400,회현사거리_반포로_진입_1,101,도로교차점,0,무,126.9817922,37.5609545,198391.2811,451269.474
1010016500,충무로역,101,도로교차점,1,유,126.9932324,37.5610969,199402.0626,451285.1489
1010016600,서울상공회의소,101,도로교차점,0,무,126.9739026,37.5610706,197694.2053,451282.5205
1010016700,흥국빌딩,101,도로교차점,0,무,126.9905073,37.5611206,199161.2913,451287.7947
1010016800,삼일로-퇴계로진입로,101,도로교차점,0,무,126.9898415,37.5611729,199102.4653,451293.6047
1010016900,중앙우체국,101,도로교차점,1,유,126.9816014,37.5611579,198374.4196,451292.0541
1010017000,퇴계로2가,101,도로교차점,1,유,126.9890265,37.5612122,199030.4546,451297.9812
1010017100,중앙일보빌딩,101,도로교차점,0,무,126.9717651,37.5612101,197505.3586,451298.0648
1010017200,삼성공제회관,101,도로교차점,1,유,126.9723602,37.5615023,197557.9447,451330.4763
1010017500,서소문공원후문,101,도로교차점,0,무,126.968153,37.5616981,197186.2337,451352.3295
1010017600,진양상가,101,도로교차점,1,유,126.9960071,37.5616891,199647.217,451350.8565
1010017700,LG패션,101,도로교차점,1,유,126.9866831,37.5617975,198823.4184,451362.9625
1010017800,삼성본관,101,도로교차점,1,유,126.9760659,37.5618607,197885.3672,451370.1639
1010017900,한국은행앞,101,도로교차점,1,유,126.9812467,37.5619033,198343.0973,451374.7941
1010018000,임광빌딩,101,도로교차점,1,유,126.9688941,37.5618682,197251.7182,451371.1811
1010018100,동북아문화연구원,101,도로교차점,1,유,126.988947,37.5619527,199023.4438,451380.1605
1010018200,경찰청앞,101,도로교차점,1,유,126.9696508,37.5620414,197318.5799,451390.3788
1010018300,산다빌딩,101,도로교차점,0,무,127.0103733,37.562041,200916.5012,451389.9596
1010018400,극동빌딩,101,도로교차점,1,유,126.9904174,37.5620648,199153.3545,451392.5959
1010018500,서소문교회,101,도로교차점,0,무,126.9747295,37.5621256,197767.2966,451399.5988
1010018600,덕양빌딩,101,도로교차점,1,유,127.0064653,37.5620837,200571.2193,451394.6692
1010018700,혜명빌딩,101,도로교차점,1,유,126.9701255,37.5621486,197360.5283,451402.2697
1010018800,퇴계로4가,101,도로교차점,1,유,126.9985489,37.5622785,199871.7958,451416.2616
1010018900,진양상가. 진양아파트,101,도로교차점,0,무,126.9959682,37.5623679,199643.7829,451426.1979
1010019000,태광산업,101,도로교차점,1,유,127.0026472,37.56244,200233.8845,451434.1976
1010019100,서소문고가차도(동측),101,도로교차점,0,무,126.9717874,37.5625304,197507.3724,451444.6031
1010019200,퇴계로5가_훈련원로_진입_2,101,도로교차점,0,무,127.0025595,37.5626383,200226.1318,451456.2076
1010019300,퇴계로5가_훈련원로_진출_1,101,도로교차점,0,무,127.0026949,37.5626468,200238.0948,451457.1502
1010019400,호운빌딩,101,도로교차점,1,유,126.9930807,37.5626772,199388.6712,451460.5409
1010019500,배재빌딩,101,도로교차점,1,유,126.9730447,37.5628225,197618.4682,451476.9896
1010019600,충무초교,101,도로교차점,1,유,127.0011986,37.5629078,200105.8996,451486.1118
1010019700,퇴계로5가_퇴계로_진출_2,101,도로교차점,0,무,127.001903,37.5630154,200168.1305,451498.0504
1010019800,퇴계4가,101,도로교차점,1,유,126.9984699,37.5630322,199864.8112,451499.9151
1010019900,퇴계로5가_퇴계로_진입_2,101,도로교차점,0,무,127.0018649,37.5631191,200164.7639,451509.5685
1010020000,바비엥-1,101,도로교차점,1,유,126.9688732,37.563096,197249.9204,451507.4572
1010020100,신당빌딩,101,도로교차점,1,유,127.0154705,37.5631392,201366.8374,451511.9055
1010020200,중앙일보사,101,도로교차점,1,유,126.9741602,37.5631506,197717.0257,451513.3699
1010020300,퇴계로5가,101,도로교차점,1,유,127.0025694,37.5632267,200227.0054,451521.5102
1010020400,퇴계로5가_퇴계로_진입_1,101,도로교차점,0,무,127.003268,37.563331,200288.7289,451533.0875
1010020500,이화길삼거리,101,도로교차점,1,유,126.9687159,37.5633141,197236.0298,451531.6666
1010020600,퇴계로5가_퇴계로_진출_1,101,도로교차점,0,무,127.0032303,37.5634349,200285.3999,451544.6165
1010020700,신동아빌딩,101,도로교차점,0,무,127.0150668,37.5634918,201331.157,451551.0382
1010020900,퇴계로5가_훈련원로_진출_2,101,도로교차점,0,무,127.00245,37.5637756,200216.4608,451582.433
1010021000,퇴계로5가_훈련원로_진입_1,101,도로교차점,0,무,127.0025855,37.5637836,200228.4278,451583.3225
1010021100,명동입구,101,도로교차점,1,유,126.9821371,37.5637033,198421.811,451574.5549
1010021200,우성빌딩,101,도로교차점,1,유,126.9777948,37.5638508,198038.1644,451591.0054
1010021400,광희사거리_장충단길_진출,101,도로교차점,0,무,127.0071445,37.5637384,200631.2199,451578.3175
1010021500,광희사거리_장충단길_진입,101,도로교차점,0,무,127.0070137,37.5637675,200619.6648,451581.555
1010021600,시청역,101,도로교차점,1,유,126.9769226,37.5640223,197961.1175,451610.0554
1010021700,웨스턴조선호텔,101,도로교차점,1,유,126.9794047,37.5639617,198180.4047,451603.2821
1010021800,광희사거리_퇴계로_진출_2,101,도로교차점,0,무,127.0065135,37.564041,200575.4637,451611.9042
1010022000,광희동사거리,101,도로교차점,0,무,127.0064842,37.5641466,200572.8816,451623.6231
1010022100,광희동사거리,101,도로교차점,1,유,127.007184,37.5642275,200634.7062,451632.6094
1010022200,광희사거리_퇴계로_진입_1,101,도로교차점,0,무,127.0077697,37.5642118,200686.4504,451630.868
1010022300,풍전호텔앞,101,도로교차점,0,무,126.995792,37.5642545,199628.2254,451635.5895
1010022500,명보사거리,101,도로교차점,1,유,126.9928597,37.5643693,199369.1625,451648.3425
1010022600,광희사거리_퇴계로_진출_1,101,도로교차점,0,무,127.0077454,37.5643182,200684.3038,451642.6744
1010022800,광희사거리_마른내길_진출,101,도로교차점,0,무,127.0065707,37.5644406,200580.5153,451656.2589
1010023000,광희사거리_마른내길_진입,101,도로교차점,0,무,127.0066022,37.5645458,200583.3026,451667.9307
1010023100,서울프라자호텔,101,도로교차점,1,유,126.9780797,37.5644688,198063.3528,451659.5855
1010023200,바비엥-2,101,도로교차점,1,유,126.9678485,37.5644939,197159.4327,451662.6356
1010023300,조선호텔,101,도로교차점,1,유,126.9788391,37.5645681,198130.4512,451670.5922
1010023500,광희문,101,도로교차점,0,무,127.0100546,37.5645955,200888.3137,451673.4721
1010023600,명동성당,101,도로교차점,1,유,126.9876948,37.5645462,198912.8477,451668.0277
1010023700,오장동사거리,101,도로교차점,1,유,127.0024376,37.564638,200215.3637,451678.1439
1010023800,광희사거리_홍인문로_진입,101,도로교차점,0,무,127.0074213,37.5647191,200655.6605,451687.1704
1010023900,이화여고,101,도로교차점,0,무,126.9686797,37.5646592,197232.8796,451680.9533
1010024000,광희문,101,도로교차점,0,무,127.0105043,37.5646698,200928.0443,451681.7235
1010024100,광희동사거리,101,도로교차점,0,무,127.007291,37.5647498,200644.1544,451690.5775
1010024200,덕수궁,101,도로교차점,1,유,126.9771763,37.5649396,197983.5543,451711.8673
1020039200,다산로_장충단로_진입,101,도로교차점,0,무,127.0025345,37.5476975,200223.9719,449797.9555
1020039300,다산로_장충단로_진출,101,도로교차점,0,무,127.0035836,37.547441,200316.6804,449769.4871
1020039400,하나투어,101,도로교차점,0,무,127.0070297,37.5330367,200621.3262,448170.7998
1020039500,하나은행한남동지점,101,도로교차점,0,무,127.0073387,37.5332407,200648.6436,448193.4459
1030000100,영동대교북단,104,도로시설물,0,무,127.0591233,37.5335968,205225.663,448234.581
1030000400,동호대교북단,104,도로시설물,0,무,127.0185372,37.5398493,201638.2912,448927.0588
1030000500,성수대교북단,104,도로시설물,0,무,127.0355469,37.5405042,203141.5528,449000.1747
1030001300,뚝도시장,101,도로교차점,0,무,127.0543146,37.5375735,204800.3858,448675.6935
1030001400,뚝도시장,101,도로교차점,0,무,127.054897,37.5388596,204851.7789,448818.4687
1030002000,옥수역,101,도로교차점,0,무,127.0193556,37.5414524,201710.5843,449104.998
1030002200,성수역,101,도로교차점,1,유,127.0571187,37.5442656,205047.7645,449418.5846
1030002300,서울숲푸르지오아파트,101,도로교차점,0,무,127.0225876,37.5432952,201996.1655,449309.589
1030002400,옥수터널,104,도로시설물,0,무,127.0167002,37.5446693,201475.8412,449461.9894
1030002600,경동초교입구,101,도로교차점,1,유,127.0503486,37.5462893,204449.3504,449642.8419
1030003000,금남시장,101,도로교차점,0,무,127.0217411,37.5482514,201921.2301,449859.6478
1030003200,금호역,101,도로교차점,1,유,127.0166429,37.5484903,201470.7033,449886.0744
1030003300,성수중고교,101,도로교차점,0,무,127.0377145,37.5489182,203332.7446,449934.0983
1030003800,행당중학교,101,도로교차점,0,무,127.0437362,37.5536657,203864.6206,450461.2434
1030004700,사근삼거리,101,도로교차점,1,유,127.0494342,37.5614843,204367.6527,451329.2712
1030005400,양지사거리,101,도로교차점,0,무,127.0301068,37.5667727,202659.8319,451915.4981
1030005700,청계8가,101,도로교차점,1,유,127.0233765,37.5719942,202065.088,452494.8495
1030005800,강변북로-일반국도47호선램프(5),108,IC 및 JC,0,무,127.0564556,37.5341882,204989.8348,448300.0764
1030006000,강변북로-전차2길램프(2),108,IC 및 JC,0,무,127.0552193,37.534701,204880.5287,448356.9326
1030006100,강변북로-전차2길램프(1),108,IC 및 JC,0,무,127.0574943,37.5345165,205081.6208,448336.5764
1030006200,청구강변APT,101,도로교차점,1,유,127.0552311,37.5348833,204881.5601,448377.1635
1030006300,대보빌라,101,도로교차점,0,무,127.0573571,37.5366793,205069.3441,448576.6068
1030006400,세종외과의원,101,도로교차점,0,무,127.0553633,37.5372049,204893.096,448634.8417
1030006500,뚝섬정수장앞,108,IC 및 JC,0,무,127.0457199,37.5371614,204040.8021,448629.5571
1030006600,뚝섬정수장앞,108,IC 및 JC,0,무,127.0448589,37.5375808,203964.6757,448676.0668
1030006700,한양종합카쎈타,101,도로교차점,1,유,127.0596932,37.5376043,205275.7481,448679.4034
1030006800,뚝섬정수장앞,108,IC 및 JC,0,무,127.042712,37.5381069,203774.9094,448734.3615
1030007000,강변북로-뚝섬길램프(2),108,IC 및 JC,0,무,127.0411526,37.538631,203637.0643,448792.4753
1030007100,옥수하이츠아파트,101,도로교차점,0,무,127.0164067,37.5386828,201450.0234,448797.5567
1030007200,성수메디칼,101,도로교차점,1,유,127.0536711,37.5392035,204743.4053,448856.5688
1030007300,성수대교북단램프(강변북로),108,IC 및 JC,0,무,127.0389959,37.539398,203446.4188,448877.5194
1030007400,성수대교북단램프(강변북로),108,IC 및 JC,0,무,127.0411071,37.5384295,203633.0469,448770.1035
1030007600,강변북로-응봉로램프(1),108,IC 및 JC,0,무,127.0353856,37.5391491,203127.3536,448849.7712
1030007700,강변북로-응봉로램프(10),108,IC 및 JC,0,무,127.0352537,37.5391797,203115.6986,448853.1613
1030007800,강변북로-응봉로램프(2),108,IC 및 JC,0,무,127.0368534,37.5396408,203257.058,448904.3921
1030007900,성원중학교,101,도로교차점,1,유,127.0516932,37.5397136,204568.5683,448913.0839
1030008000,옥수동아파트,101,도로교차점,0,무,127.0115926,37.539777,201024.5361,448918.9289
1030008200,강변북로-뚝섬길램프(4),108,IC 및 JC,0,무,127.0386117,37.53991,203412.4384,448934.3338
1030008300,성수여중,101,도로교차점,0,무,127.0504408,37.5400307,204457.8664,448948.2206
1030008600,뚝도아리정수센터,101,도로교차점,1,유,127.0438344,37.5401627,203874.0026,448962.5842
1030008700,강변북로-뚝섬길램프(3),108,IC 및 JC,0,무,127.0387034,37.5403325,203420.5267,448981.2266
1030008900,강변북로-응봉로램프(5),108,IC 및 JC,0,무,127.0366205,37.5407494,203236.4199,449027.4285
1030009000,성원상떼뷰,101,도로교차점,0,무,127.0112148,37.5406322,200991.1324,449013.8483
1030009100,강변북로-응봉로램프(9),108,IC 및 JC,0,무,127.033777,37.5407132,202985.1205,449023.313
1030009200,경일초교,101,도로교차점,0,무,127.0481276,37.5406076,204253.396,449012.1441
1030009300,성수대교북단,108,IC 및 JC,0,무,127.0344034,37.5407497,203040.4817,449027.3888
1030009400,옥정중학교,101,도로교차점,0,무,127.0111101,37.5411418,200981.8719,449070.4031
1030009500,옥정초등학교,101,도로교차점,1,유,127.016558,37.5412623,201463.3396,449083.8502
1030009600,옥수강변풍림아이원_두무개길_진,101,도로교차점,0,무,127.0188049,37.5412574,201661.9185,449083.3415
1030009800,강변북로-응봉로램프(6),108,IC 및 JC,0,무,127.0339244,37.5414459,202998.1209,449104.6413
1030009900,옥수역,101,도로교차점,1,유,127.0174314,37.5414839,201540.5228,449108.4614
1030010000,옥수강변풍림아이원_빙고동길_진,101,도로교차점,0,무,127.0187077,37.5415335,201653.3228,449113.9798
1030010100,옥수강변풍림아이원_빙고동길_진,101,도로교차점,0,무,127.0186904,37.5416407,201651.7848,449125.8808
1030010200,서울숲입구,101,도로교차점,1,유,127.0442438,37.5418602,203910.0918,449150.9944
1030010300,동부간선강변북로분기점,108,IC 및 JC,0,무,127.0318063,37.5420723,202810.9033,449174.0989
1030010500,교연학원,101,도로교차점,0,무,127.016412,37.5418707,201450.4279,449151.372
1030010600,옥수강변풍림아이원_두무개길_진,101,도로교차점,0,무,127.0205172,37.5420372,201813.2271,449169.9167
1030010700,광림물산,101,도로교차점,0,무,127.056267,37.5421882,204972.6359,449187.968
1030010900,서울숲 관리사무소,101,도로교차점,1,유,127.0421274,37.5423401,203723.0311,449204.1757
1030011000,무지개터널(동측),104,도로시설물,0,무,127.0413671,37.542512,203655.8268,449223.2258
1030011100,동호로-독서당길진출로,101,도로교차점,0,무,127.0170716,37.5425012,201508.7076,449221.3596
1030011200,동부간선도로강변북로분기점,108,IC 및 JC,0,무,127.0297848,37.5425056,202632.2401,449222.1229
1030011300,극동체육관,101,도로교차점,0,무,127.0124637,37.5427665,201101.4815,449250.7364
1030011400,옥수동극동아파트,102,도로시.종점,0,무,127.0110315,37.5431013,200974.9046,449287.884
1030011500,무지개터널(서측),104,도로시설물,0,무,127.0382838,37.5433355,203383.3054,449314.5072
1030011600,독서당길-동호로진입로,101,도로교차점,0,무,127.0169386,37.5424796,201496.9499,449218.96
1030011700,동부간선도로강변북로분기점,108,IC 및 JC,0,무,127.0277035,37.5435315,202448.2694,449335.9293
1030011800,응봉로-뚝섬길사거리_응봉로_진,101,도로교차점,0,무,127.0361349,37.5434476,203193.3943,449326.8704
1030011900,응봉로-뚝섬길사거리_응봉로_진,101,도로교차점,0,무,127.0360005,37.5434631,203181.5183,449328.5916
1030012000,용비교동측,108,IC 및 JC,0,무,127.0314732,37.5440535,202781.3953,449393.9719
1030012100,응봉로-뚝섬길사거리_뚝섬길_진,101,도로교차점,0,무,127.0367153,37.5437065,203244.6779,449355.6262
1030012200,응봉로-뚝섬길사거리_뚝섬길_진,101,도로교차점,0,무,127.0367665,37.5438066,203249.198,449366.7424
1030012300,성수대교북단교차로,101,도로교차점,1,유,127.0361572,37.5439457,203195.3451,449382.1635
1030012400,응봉로-뚝섬길사거리_뚝섬길_진,101,도로교차점,0,무,127.0351599,37.5442382,203107.1939,449414.5915
1030012500,옥수교회앞,101,도로교차점,1,유,127.0154627,37.5440963,201366.4887,449398.3742
1030012600,경동초교오거리,101,도로교차점,0,무,127.0495909,37.5441981,204382.5129,449410.7132
1030012700,응봉로-뚝섬길사거리_뚝섬길_진,101,도로교차점,0,무,127.0355059,37.5442362,203137.7695,449414.3752
1030012800,성수대교북단교차로,101,도로교차점,0,무,127.0364371,37.5446681,203220.0421,449462.3486
1030012900,성수대교북단교차로,101,도로교차점,0,무,127.0363033,37.5446863,203208.2183,449464.3578
1030013000,미타사입구,101,도로교차점,0,무,127.0161389,37.544483,201426.2385,449441.3037
1030013100,제일빌딩,101,도로교차점,1,유,127.0552027,37.5448358,204878.3996,449481.7632
1030013200,용비교동측,101,도로교차점,0,무,127.0340022,37.54477,203004.8607,449473.5712
1030013300,옥수사거리,101,도로교차점,0,무,127.0163769,37.5447969,201447.2651,449476.1407
1030013400,용비교동측,101,도로교차점,0,무,127.0336006,37.5448563,202969.3739,449483.1407
1030013500,승림빌딩,101,도로교차점,0,무,127.0572818,37.544866,205062.1403,449485.2332
1030013600,서울숲푸르지오아파트,101,도로교차점,1,유,127.0245472,37.5446879,202169.3046,449464.2062
1030013800,용비교동측,101,도로교차점,0,무,127.0333326,37.545005,202945.6761,449499.6404
1030014000,금호펌프장,101,도로교차점,1,유,127.0244547,37.5450425,202161.117,449503.5554
1030014100,동아자동차서비스(주),101,도로교차점,1,유,127.0449044,37.5450877,203968.3003,449509.2409
1030014200,태화약국,101,도로교차점,1,유,127.054046,37.5451853,204776.1643,449520.4983
1030014300,서울숲푸르지오아파트,101,도로교차점,0,무,127.0263456,37.5452272,202328.2182,449524.1003
1030014400,매봉길-독서당길진출로,101,도로교차점,0,무,127.0163549,37.5451416,201445.3185,449514.4014
1030014500,옥수터널,101,도로교차점,1,유,127.0171036,37.5452327,201511.4806,449524.5278
1030014600,용비교동측,108,IC 및 JC,0,무,127.0320337,37.545331,202830.8792,449535.7834
1030014700,남영빌딩,101,도로교차점,0,무,127.055478,37.5454008,204902.6987,449544.4864
1030014800,으뜸프린팅(주),101,도로교차점,0,무,127.0543106,37.545747,204799.511,449582.851
1030014900,용비교동측,108,IC 및 JC,0,무,127.0343613,37.5465066,203036.5308,449666.3287
1030015000,응봉교_광나룻길_진입_2,101,도로교차점,0,무,127.0347282,37.545732,203068.9793,449580.3717
1040014400,강변타운,101,도로교차점,1,유,127.0924695,37.5375957,208172.5587,448680.7915
1040014600,더샵스타시티,101,도로교차점,0,무,127.0740829,37.5378443,206547.5094,448706.9435
1040014700,광진문화예술회관,101,도로교차점,1,유,127.0696748,37.5378878,206157.9073,448711.4683
1040014800,광진우체국,101,도로교차점,1,유,127.089237,37.5379455,207886.8239,448719.3384
1040015000,광진우체국,101,도로교차점,1,유,127.089879,37.53809,207943.5507,448735.4251
1040015100,올림픽대교북단,108,IC 및 JC,0,무,127.1002041,37.5376654,208856.1417,448689.2279
1040015300,-,101,도로교차점,0,무,127.0718864,37.5386776,206353.3049,448799.2833
1040015400,와이엔 오피스텔,101,도로교차점,1,유,127.0916064,37.5386131,208096.1627,448793.6335
1040015500,올림픽대교북단,108,IC 및 JC,0,무,127.1004297,37.5384353,208875.985,448774.6917
1040015600,건대후문,101,도로교차점,1,유,127.0743844,37.5388026,206574.0646,448813.3186
1040015700,현대6단지,101,도로교차점,1,유,127.0939837,37.5389905,208306.2265,448835.7318
1040015800,영동대교고가차도(북측),104,도로시설물,0,무,127.0624393,37.5394741,205518.3195,448887.0802
1040015900,강변북로-광나룻길램프(2),108,IC 및 JC,0,무,127.1022753,37.5395359,209038.9698,448897.0238
1040016000,광남중고교입구,108,IC 및 JC,1,유,127.0983461,37.5392631,208691.7419,448866.3816
1040016100,이마트.롯데시네마,101,도로교차점,1,유,127.0723779,37.5393435,206396.6876,448873.2203
1040016200,로데오모텔,101,도로교차점,1,유,127.0931906,37.5395711,208236.0746,448900.1021
1040016300,건대입구역,101,도로교차점,1,유,127.0706325,37.5399205,206242.3823,448937.1438
1040016500,올림픽대교북단,108,IC 및 JC,0,무,127.1034847,37.5404342,209145.748,448996.8428
1040016600,구의현대아파트,101,도로교차점,0,무,127.0942548,37.540192,208330.0548,448969.1055
1040016700,삼보약국,101,도로교차점,1,유,127.0628517,37.5401974,205554.7121,448967.389
1040016900,광남중고교입구,104,도로시설물,0,무,127.0965144,37.5406705,208529.6996,449022.4159
1040017100,올림픽대교북단교차로,101,도로교차점,1,유,127.0958691,37.5411519,208472.6126,449075.7857
1040017300,강변북로-일반국도43호선램프(5),108,IC 및 JC,0,무,127.1043164,37.5411535,209219.1571,449076.7584
1040017400,올림픽대교북단사거리_아차성길_,101,도로교차점,0,무,127.0970731,37.5416216,208578.9672,449128.0286
1040017500,광진동청구아파트,101,도로교차점,1,유,127.0973741,37.5416639,208605.5649,449132.7489
1040017600,올림픽대교북단사거리_광나룻길_,101,도로교차점,0,무,127.095143,37.5419374,208408.3574,449162.9047
1040017700,성수사거리,101,도로교차점,1,유,127.0639971,37.542185,205655.7831,449188.052
1040017800,광장자이아파트,101,도로교차점,1,유,127.0942988,37.5426704,208333.6637,449244.181
1040017900,상록타워,101,도로교차점,1,유,127.1009994,37.5428549,208925.815,449265.2768
1040018000,강변북로-일반국도43호선램프(6),108,IC 및 JC,0,무,127.1069755,37.5431803,209453.9091,449301.9756
1040018100,강변북로-일반국도43호선램프(4),108,IC 및 JC,0,무,127.1050981,37.542086,209288.1249,449180.3358
1040018200,천호대교북단,108,IC 및 JC,0,무,127.1072222,37.543708,209475.6452,449360.5695
1040018300,현대홈타운9차104동,101,도로교차점,0,무,127.0964143,37.5433877,208520.5394,449323.9772
1040018400,동아자동차학원,103,속성변화점,0,무,127.0798607,37.5435898,207057.6139,449345.0448
1040018500,강변북로-일반국도43호선램프(3),108,IC 및 JC,0,무,127.1058479,37.5429542,209354.2876,449276.7631
1040018600,강변북로-일반국도43호선램프(7),108,IC 및 JC,0,무,127.1090854,37.5437102,209640.3044,449360.9997
1040018700,강변북로-일반국도43호선램프(1),108,IC 및 JC,0,무,127.1079526,37.5441522,209540.1337,449409.9404
1040018800,건국대학교,101,도로교차점,0,무,127.080128,37.5446229,207081.1354,449459.7243
1040018900,구의시장,101,도로교차점,1,유,127.090687,37.5447138,208014.2581,449470.6648
1040019000,강변북로-일반국도43호선램프(2),108,IC 및 JC,0,무,127.1058207,37.5446535,209351.6664,449465.3607
1040019100,천호대교북단,108,IC 및 JC,0,무,127.1076198,37.5443739,209510.6981,449434.5077
1040019300,구의사거리,101,도로교차점,1,유,127.0852933,37.5450811,207537.5626,449510.983
1040019400,강동구-광진구경계(1),105,행정경계,0,무,127.1120411,37.54512,209901.3239,449517.782
1040019500,광장사거리,101,도로교차점,1,유,127.1043133,37.5450927,209218.4038,449513.9573
1040019600,강변북로-구천면길램프(1),108,IC 및 JC,0,무,127.1109967,37.5455057,209808.9768,449560.4734
1040019700,동아자동차,101,도로교차점,1,유,127.0800532,37.5453852,207074.4562,449544.325
1040019800,양진중학교앞,101,도로교차점,0,무,127.0977492,37.5454486,208638.2792,449552.8422
1040020000,장구약국,101,도로교차점,1,유,127.0659401,37.5456144,205827.2334,449568.7882
1040020100,광장중교지하차도,101,도로교차점,1,유,127.1019932,37.5458409,209013.2796,449596.7811
1040020300,강변북로-구천면길램프(5),108,IC 및 JC,0,무,127.1078954,37.5463552,209534.803,449654.4465
1040020400,강변북로-구천면길램프(4),108,IC 및 JC,0,무,127.1087471,37.546211,209610.0849,449638.5233
1040020600,워커힐길삼거리1,101,도로교차점,0,무,127.0980829,37.5464877,208667.648,449668.2008
1040020700,광나루소망교회앞,101,도로교차점,1,유,127.1075533,37.5465165,209504.5512,449672.3107
1040021100,광진교북단교차로,101,도로교차점,1,유,127.1058882,37.546766,209357.3709,449699.8366
1040021200,워커힐입구,101,도로교차점,0,무,127.0992496,37.5467475,208770.7206,449697.1433
1040021300,광진숲나루,101,도로교차점,0,무,127.098724,37.5469325,208724.2511,449717.6283
1040021500,어린이대공원역,101,도로교차점,1,유,127.0741917,37.5472695,206556.2952,449753.0287
1040021600,외국선교독립부한국선교회,101,도로교차점,0,무,127.1079057,37.5474722,209535.5681,449778.418
1040021700,광진숲나루,101,도로교차점,0,무,127.0969271,37.5476833,208565.3721,449800.7887
1040021900,워커힐입구_워커힐길_진출_1,101,도로교차점,0,무,127.098341,37.5479871,208690.2767,449834.6307
1040022100,화양삼거리,101,도로교차점,0,무,127.0704965,37.5480403,206229.6928,449838.3306
1040022200,화양동우체국,101,도로교차점,1,유,127.069596,37.5481457,206150.106,449849.9722
1040022300,강평주유소,101,도로교차점,1,유,127.1072155,37.5481861,209474.4805,449857.5773
1040022400,광진교북단,108,IC 및 JC,0,무,127.1105055,37.5483626,209765.1947,449877.5023
1040022500,화양사거리,101,도로교차점,1,유,127.0674725,37.5483121,205962.4358,449868.2971
1040022600,광진교북단,108,IC 및 JC,0,무,127.1106861,37.5484274,209781.1473,449884.7203
1040022700,한강호텔웨딩홀,101,도로교차점,0,무,127.1093079,37.5483923,209659.3577,449880.6775
1040022800,워커힐APT,101,도로교차점,0,무,127.1080315,37.549322,209546.4473,449983.7308
1040022900,초원모텔,101,도로교차점,1,유,127.0682312,37.549649,206029.3755,450016.7286
1040023000,아차산역사거리,101,도로교차점,1,유,127.0908906,37.550137,208031.6673,450072.5825
1040023100,광진구구립정보도서관,103,속성변화점,0,무,127.1106115,37.5504222,209774.293,450106.103
1040023300,아차산공원,101,도로교차점,0,무,127.1008806,37.550825,208914.3593,450149.8493
1040023400,워커힐APT후문,101,도로교차점,0,무,127.104679,37.551874,209249.8833,450266.6392
1040023500,슬기유치원앞,101,도로교차점,0,무,127.0923292,37.5519415,208158.5939,450272.9845
1040023600,흰돌교회,101,도로교차점,1,유,127.0696258,37.5521227,206152.407,450291.3667
1040023700,어린이대공원후문,101,도로교차점,1,유,127.0895099,37.5523407,207909.4295,450317.058
1040023800,아차산역삼거리,101,도로교차점,0,무,127.0884424,37.5535454,207814.9731,450450.6729
1040023900,동의초교앞,101,도로교차점,0,무,127.0973794,37.553496,208604.6691,450445.9742
1040024200,영화사입구삼거리,101,도로교차점,0,무,127.0944045,37.5545354,208341.6859,450561.0634
1040024300,능동사무소,101,도로교차점,1,유,127.0808044,37.554574,207139.9618,450564.2302
1040024400,능동119안전센터,101,도로교차점,1,유,127.0785717,37.5554682,206942.5969,450663.3035
1040024500,하나은행중곡동지점,101,도로교차점,1,유,127.081816,37.5562607,207229.1844,450751.5047
1040024600,능동시장입구,101,도로교차점,1,유,127.0791118,37.5564857,206990.222,450776.2808
1040024700,동궁여관,101,도로교차점,0,무,127.0782419,37.5568368,206913.3304,450815.1773
1040024800,삼원빌딩,101,도로교차점,1,유,127.078712,37.5574571,206954.8109,450884.0612
1040024900,덕산빌딩,101,도로교차점,0,무,127.0766238,37.5574557,206770.2963,450883.7574
1040025000,군자지하차도(남측),104,도로시설물,0,무,127.0731501,37.5583568,206463.293,450983.5181
1040025100,군자교입구,101,도로교차점,1,유,127.076973,37.5581377,206801.0877,450959.4676
1040025200,신성시장,101,도로교차점,1,유,127.0877308,37.5588559,207751.5449,451040.0179
1040025300,일반국도47호선-일반국도3호선진,101,도로교차점,0,무,127.0734724,37.5587917,206491.7307,451031.8086
1040025400,일반국도47호선-일반국도3호선진,101,도로교차점,0,무,127.0744397,37.5591043,206577.1765,451066.5672
1040025500,군자 대한생명,101,도로교차점,0,무,127.0745014,37.5592006,206582.6146,451077.2643
1040025700,군자교동단,108,IC 및 JC,1,유,127.0737615,37.5594217,206517.2237,451101.7566
1040025800,중곡사거리,101,도로교차점,0,무,127.087642,37.5594268,207743.6383,451103.3663
1040026000,광진구-성동구경계(5),105,행정경계,0,무,127.0728242,37.5597223,206434.3843,451135.0491
1040026300,군자교동단,104,도로시설물,0,무,127.0732783,37.559604,206474.5162,451121.951
1040026400,중곡동주유소,101,도로교차점,0,무,127.0742057,37.5600873,206556.4101,451175.6615
1040026500,청우빌,102,도로시.종점,0,무,127.0960684,37.5601521,208488.0714,451184.5935
1040026600,장안빌딩,101,도로교차점,1,유,127.0816021,37.5609991,207209.8266,451277.4026
1040026700,군자지하차도(북측),104,도로시설물,0,무,127.07432,37.5604329,206566.4808,451214.0235
1040026800,동부간선도로-천호대로램프(5),108,IC 및 JC,0,무,127.0742794,37.5613726,206562.8091,451318.3145
1040026900,베스필,102,도로시.종점,1,유,127.0961236,37.5621411,208492.7281,451405.3623
1030015100,옥수터널(북측),104,도로시설물,0,무,127.0165987,37.5460901,201466.8453,449619.6814
1030015200,동부간선도로-응봉로램프(1),108,IC 및 JC,0,무,127.0366128,37.545721,203235.5321,449579.2144
1030015300,현대서비스앞,101,도로교차점,0,무,127.0576849,37.5464233,205097.6502,449658.0921
1030015400,금호정원빌라트,101,도로교차점,1,유,127.0251674,37.5466021,202224.0549,449676.6726
1030015500,응봉교_응봉로_진입_1,101,도로교차점,0,무,127.0365989,37.5464581,203234.2709,449661.018
1030015600,개풍빌딩,101,도로교차점,1,유,127.0487442,37.5467991,204307.5334,449699.357
1030015700,응봉교_광나룻길_진출_1,101,도로교차점,0,무,127.0362287,37.5468934,203201.5346,449709.3227
1030015800,성수쇼핑센타,101,도로교차점,0,무,127.0550768,37.5473618,204867.1094,449762.1176
1030015900,응봉교,101,도로교차점,1,유,127.0365779,37.5470916,203232.3857,449731.3326
1030016000,한국방송통신대학교,101,도로교차점,1,유,127.0467493,37.5474426,204131.2147,449770.6888
1030016100,금호사거리_금호동길_진출_2,101,도로교차점,0,무,127.0257084,37.5476777,202271.8315,449796.0649
1030016200,금호사거리_금호동길_진입_2,101,도로교차점,0,무,127.0255796,37.5477118,202260.4433,449799.8476
1030016300,한국공중전화(동대문지점),101,도로교차점,0,무,127.0458503,37.5478085,204051.7467,449811.2623
1030016400,응봉교,101,도로교차점,0,무,127.0369093,37.5477871,203261.6384,449808.5325
1030016500,동호신용협동조합,101,도로교차점,0,무,127.0239311,37.5479347,202114.7619,449824.5486
1030016700,금호사거리_독서당길_진입_1,101,도로교차점,0,무,127.0262278,37.5479314,202317.7202,449824.2305
1030016800,금호사거리_독서당길_진출_1,101,도로교차점,0,무,127.0262244,37.5480395,202317.4157,449836.2266
1030016900,금호사거리,101,도로교차점,0,무,127.0257594,37.5480465,202276.3267,449836.9994
1030017000,금호사거리_독서당길_진출_2,101,도로교차점,0,무,127.0253169,37.5480375,202237.2222,449835.9811
1030017100,뚝섬역,101,도로교차점,1,유,127.0444934,37.5481243,203931.8243,449846.254
1030017200,금호사거리_독서당길_진입_2,101,도로교차점,0,무,127.025324,37.5481454,202237.8501,449847.9646
1030017300,화양4거리,101,도로교차점,1,유,127.0655002,37.5482015,205788.1553,449855.8989
1030017400,국민은행금호동,101,도로교차점,1,유,127.0237695,37.5481565,202100.4744,449849.1549
1030017500,금호역,101,도로교차점,1,유,127.0158267,37.5482691,201398.5827,449861.5111
1030017600,금호사거리_금호동길_진입_1,101,도로교차점,0,무,127.0258826,37.5483405,202287.2045,449869.6304
1030017700,금호성결교회,101,도로교차점,0,무,127.0164,37.5483884,201449.2444,449874.758
1030017800,금호사거리_금호동길_진출_1,101,도로교차점,0,무,127.0257483,37.5483563,202275.3329,449871.3813
1030018000,성동세무서,101,도로교차점,1,유,127.060075,37.5483722,205308.7293,449874.5256
1030018100,주택은행금호동지점,101,도로교차점,0,무,127.0195285,37.5483243,201725.7004,449867.6903
1030018200,성수중고교,101,도로교차점,0,무,127.0374625,37.5484417,203310.494,449881.2107
1030018500,치과의사회관앞,101,도로교차점,1,유,127.05831,37.5487659,205152.7307,449918.129
1030018600,성수중고교,101,도로교차점,0,무,127.0379862,37.5489979,203356.7473,449942.953
1030018700,금호삼성아파트,101,도로교차점,1,유,127.028968,37.5490527,202559.8297,449948.7597
1030018800,동부간선도로-응봉로램프(2),108,IC 및 JC,0,무,127.0382876,37.5497897,203383.3468,450030.8456
1030018900,금호터널(남측),101,도로교차점,0,무,127.0151742,37.5493181,201340.9034,449977.928
1030019000,덕마주유소,101,도로교차점,0,무,127.0444131,37.5492628,203924.6685,449972.6071
1030019100,성수동제일은행,101,도로교차점,1,유,127.0560997,37.5494841,204957.362,449997.7159
1030019200,성동구-중구경계(1),105,행정경계,0,무,127.0125168,37.549417,201106.0694,449988.8698
1030019300,응봉현대아파트,101,도로교차점,0,무,127.0307624,37.5499696,202718.3683,450050.5715
1030019400,조은미술학원,101,도로교차점,0,무,127.026499,37.5505867,202341.6009,450118.94
1030019500,두산아파트,101,도로교차점,0,무,127.0157039,37.5506415,201387.6901,450124.8085
1030019600,두산아파트(금호동3가),103,속성변화점,0,무,127.0154382,37.550624,201364.2083,450122.8691
1030019700,한신휴플러,101,도로교차점,0,무,127.019292,37.5507082,201704.7453,450132.2741
1030019800,성동구-중구경계(2),105,행정경계,0,무,127.0140187,37.5507105,201238.7741,450132.445
1030019900,상원삼거리,101,도로교차점,1,유,127.0521579,37.5508571,204608.9579,450149.9045
1030020000,조의원,101,도로교차점,0,무,127.0256317,37.5510181,202264.9496,450166.8032
1030020100,왕십리길-광나룻길진출로,101,도로교차점,0,무,127.0441699,37.5510968,203903.0776,450176.1431
1030020200,응봉역앞,101,도로교차점,0,무,127.0352985,37.5514269,203119.1439,450212.4519
1030020300,장안둑길-광나룻길진입로,101,도로교차점,0,무,127.0424917,37.5515155,203754.7623,450222.5523
1030020400,장안둑길삼거리,101,도로교차점,1,유,127.0446143,37.5514847,203942.3328,450219.2237
1030020500,성동교남단,101,도로교차점,1,유,127.04404,37.5515609,203891.5799,450227.6515
1030020600,신양빌딩,101,도로교차점,1,유,127.0472911,37.551662,204178.8504,450239.0164
1030020700,장안둑길-광나룻길진출로,101,도로교차점,0,무,127.04535,37.5519717,204007.3096,450273.3014
1030020800,제일카정비센타,101,도로교차점,1,유,127.035075,37.5521639,203099.3662,450294.248
1030020900,성동JC,108,IC 및 JC,0,무,127.0442984,37.5520209,203914.3843,450278.7126
1030021100,금호동벽산아파트삼거리,101,도로교차점,1,유,127.0252561,37.5523684,202231.7179,450316.6635
1030021200,성동JC,108,IC 및 JC,0,무,127.0442591,37.5521892,203910.9038,450297.3935
1030021300,동아리버그린아파트,101,도로교차점,1,유,127.0370668,37.5524295,203275.3542,450323.7888
1030021500,응봉동 리버그린동아아파트,101,도로교차점,0,무,127.0384782,37.5534417,203400.0261,450436.184
1030021600,성동교(북단)_왕십리길_진입_1,101,도로교차점,0,무,127.0437564,37.553955,203866.3956,450493.3545
1030021700,행당중학교,101,도로교차점,0,무,127.0455165,37.5539604,204021.9168,450494.0276
1030022000,응봉삼거리내 속도변화,103,속성변화점,0,무,127.0361772,37.554352,203196.6669,450537.136
1030022100,금일어린이집,101,도로교차점,0,무,127.0272446,37.5545151,202407.3659,450554.9742
1030022200,응봉사거리,101,도로교차점,1,유,127.0344212,37.5546225,203041.4885,450567.1001
1030022300,군자교분기점,108,IC 및 JC,0,무,127.0681897,37.5546493,206025.3101,450571.7051
1030022400,신금호역,101,도로교차점,0,무,127.0200179,37.5546769,201768.8011,450572.7666
1030022500,논골사거리,101,도로교차점,1,유,127.0248044,37.555685,202191.7128,450684.7526
1030022600,행당동한진아파트,101,도로교차점,1,유,127.02547,37.555656,202250.5205,450681.5511
1030022700,신동아상가,101,도로교차점,1,유,127.0342502,37.5557482,203026.3333,450692.0286
1030022800,군자교분기점,108,IC 및 JC,0,무,127.0668513,37.5558302,205906.9542,450702.6807
1030022900,동부간선도로-천호대로램프(2),108,IC 및 JC,0,무,127.0705954,37.5569979,206237.6819,450832.5217
1030023000,대경상고,101,도로교차점,1,유,127.0196041,37.557078,201732.1827,450839.2554
1030023100,성동구-중구경계(3),105,행정경계,0,무,127.0194341,37.5573946,201717.1543,450874.3922
1030023200,무학여고담길삼거리,101,도로교차점,1,유,127.0303932,37.5574269,202685.4744,450878.2331
1030023300,행현초등학교,101,도로교차점,1,유,127.0296482,37.557429,202619.6459,450878.4447
1030023400,한양대병원사거리_왕십리길_진출,101,도로교차점,0,무,127.0414944,37.5576543,203666.3371,450903.842
1030023500,한양대병원,101,도로교차점,1,유,127.0407929,37.557722,203604.3477,450911.3362
1030023600,한양대병원사거리_왕십리길_진입,101,도로교차점,0,무,127.0401242,37.5578999,203545.2582,450931.0514
1030023700,볼보서비스센타,101,도로교차점,0,무,127.0681669,37.5580112,206023.0233,450944.8267
1030023800,극동미라주 아파트,101,도로교차점,1,유,127.0241752,37.5580328,202136.0444,450945.3148
1030023900,동부간선도로-천호대로램프(14),108,IC 및 JC,0,무,127.0686918,37.5582438,206069.3857,450970.6852
1030024000,행당굴다리,101,도로교차점,1,유,127.0389478,37.5582189,203441.3012,450966.41
1030024100,한양대병원사거리_사근동길_진입,101,도로교차점,0,무,127.0408951,37.5585361,203613.3423,451001.6849
1030024200,한양대병원사거리_사근동길_진출,101,도로교차점,0,무,127.0407613,37.5585545,203601.5173,451003.7234
1030024300,동부간선도로-천호대로램프(3),108,IC 및 JC,0,무,127.0717272,37.5581915,206337.5851,450965.08
1030024400,무학여고앞,101,도로교차점,1,유,127.034011,37.5584958,203005.0917,450996.9783
1030024600,삼인베스티빌,101,도로교차점,0,무,127.039305,37.5587127,203472.8396,451021.2318
1030024700,성동문화광장,101,도로교차점,1,유,127.0370989,37.5591921,203277.8942,451074.3603
1030024900,왕도교회,101,도로교차점,1,유,127.0238211,37.5596615,202104.7176,451126.0785
1030025000,동부간선도로-장안독길램프,108,IC 및 JC,0,무,127.0699616,37.5598211,206181.4444,451145.8283
1030025100,동부간선도로-천호대로램프(13),108,IC 및 JC,0,무,127.0694914,37.5589895,206139.9744,451053.4981
1030025200,한양대부속고등학교,101,도로교차점,0,무,127.0412075,37.5601237,203640.8635,451177.9085
1030025300,행당풍림아이원,101,도로교차점,1,유,127.0267692,37.5602917,202365.174,451196.0874
1030025400,왕십리지하차도(남측),104,도로시설물,0,무,127.0340951,37.5599031,203012.4636,451153.1666
1030025500,교육복지통합센터,102,도로시.종점,0,무,127.0564567,37.5602056,204988.1939,451187.695
1030025600,부현주유소,101,도로교차점,0,무,127.0695406,37.5602399,206144.2111,451192.2781
1030025700,성동구-동대문구경계(5),105,행정경계,0,무,127.0711789,37.5603437,206288.9547,451203.9131
1030025800,군자교서단,105,행정경계,0,무,127.0707217,37.5604902,206248.5504,451220.1357
1030025900,동부간선도로-천호대로램프(12),108,IC 및 JC,0,무,127.0701175,37.5606706,206195.1543,451240.1149
1030026000,자동차시장3길_천호대로_진출,101,도로교차점,0,무,127.0644306,37.5607147,205692.6924,451244.6577
1030026100,천호대로-장안둑길진출로,101,도로교차점,0,무,127.0691306,37.5608035,206107.9474,451254.8014
1030026200,군자교서단,108,IC 및 JC,0,무,127.0705442,37.5607114,206232.8514,451244.6756
1030026300,천호대로-장평2길진입로,101,도로교차점,0,무,127.0691536,37.56091,206109.9713,451266.6294
1030026400,왕십리역앞,101,도로교차점,0,무,127.0378098,37.5612516,203340.6182,451302.9607
1030026500,왕십리역,101,도로교차점,1,유,127.0354209,37.561197,203129.5513,451296.821
1030026600,사근동주민자치센터 별관,101,도로교차점,0,무,127.0495023,37.5611999,204373.6895,451297.7087
1030026700,자동차시장3길_천호대로_진입,101,도로교차점,0,무,127.065659,37.5612806,205801.177,451307.5414
1030026800,성동구-중구경계(4),105,행정경계,0,무,127.0239941,37.5612272,202119.9577,451299.8571
1030026900,왕십리광장로_고산자로_진출,101,도로교차점,0,무,127.0359627,37.5612432,203177.4189,451301.9638
1030027000,중앙하이츠아파트,101,도로교차점,0,무,127.0490348,37.5614344,204332.3677,451323.7141
1030027100,천호대로_장한로_진출,101,도로교차점,0,무,127.0656822,37.5613872,205803.2163,451319.3668
1030027200,장한평역,101,도로교차점,1,유,127.064582,37.561484,205706.0099,451330.0411
1030027300,천호대로_자동차시장3길_진출,101,도로교차점,0,무,127.063675,37.5615582,205625.8642,451338.2305
1030027400,고산자로_왕십리로_진입,101,도로교차점,0,무,127.0350925,37.5615395,203100.5212,451334.8283
1030027500,왕십리광장로_고산자로_진입,101,도로교차점,0,무,127.0357058,37.5615898,203154.7038,451340.4303
1030027600,고산자로_왕십리로_진출,101,도로교차점,0,무,127.0355793,37.5616293,203143.5289,451344.8031
1030027700,사근램프(내부순환로본선),108,IC 및 JC,0,무,127.0496318,37.561999,204385.0819,451386.3979
1030027800,삼우빌딩,101,도로교차점,1,유,127.0628963,37.5617233,205557.0492,451356.4995
1030027900,장한로_천호대로_진입,101,도로교차점,0,무,127.0636987,37.5616647,205627.955,451350.0469
1030028000,사근램프(내부순환로본선),108,IC 및 JC,0,무,127.0492617,37.5631106,204352.3151,451509.7612
1030028100,중앙하이츠아파트(사근동),101,도로교차점,0,무,127.0492203,37.5617949,204348.7376,451363.7307
1030028200,용답동우체국,101,도로교차점,1,유,127.0611117,37.5619864,205399.3572,451385.6037
1030028300,금호베스트빌아파트,101,도로교차점,0,무,127.0242771,37.5620282,202144.9344,451388.7573
1030028400,협동카센타,101,도로교차점,0,무,127.0574343,37.5620026,205074.4483,451387.1913
1030028600,왕십리지하차도(북측),101,도로교차점,0,무,127.0360415,37.5626891,203184.3201,451462.4505
1030029000,서울교통공사,105,행정경계,1,유,127.0579561,37.5629426,205120.4858,451491.5564
1030029100,사근램프(내부순환로),108,IC 및 JC,0,무,127.0476887,37.5647619,204213.2462,451692.9631
1030029300,천호대로-황물길진출로,101,도로교차점,0,무,127.056988,37.5637421,205034.9026,451580.2393
1030029400,성동종합행정마을,101,도로교차점,1,유,127.0362427,37.5638786,203202.0472,451594.4779
1030029500,도이치모터스빌딩,101,도로교차점,1,유,127.0563853,37.5641219,204981.6284,451622.3615
1030029600,상왕십리역,101,도로교차점,0,무,127.0300982,37.5641286,202659.1731,451622.0287
1030029800,성동샤르망,101,도로교차점,1,유,127.036366,37.5648202,203212.8952,451698.9885
1030029900,덕수빌딩,101,도로교차점,0,무,127.0344194,37.5649233,203040.9157,451710.3656
1030030000,성동구-중구경계(5),105,행정경계,0,무,127.0257215,37.5650717,202272.4573,451726.5922
1030030200,성동고교교차로,101,도로교차점,1,유,127.023631,37.565171,202087.7645,451737.5592
1030030300,답십리역사거리,101,도로교차점,1,유,127.054729,37.5653586,204835.2115,451759.5269
1030030400,사근램프앞,101,도로교차점,1,유,127.0473189,37.5654307,204180.539,451767.1707
1030030500,마장삼거리,101,도로교차점,1,유,127.041792,37.5654372,203692.2457,451767.6659
1030030700,동아맨션,101,도로교차점,1,유,127.0364382,37.5655425,203219.2452,451779.1574
1030030800,삼성아파트,101,도로교차점,1,유,127.0387285,37.5658292,203421.5764,451811.0576
1030031200,중앙시티빌,101,도로교차점,1,유,127.0235803,37.5658361,202083.2666,451811.3781
1030031500,도선사거리,101,도로교차점,1,유,127.0365297,37.5660424,203227.3114,451834.6413
1030031800,홍익동123빌딩,101,도로교차점,1,유,127.0357904,37.5661301,203161.991,451844.3465
1030031900,홍익빌딩,101,도로교차점,1,유,127.0346755,37.5662623,203063.4811,451858.983
1030032000,흥일연립,101,도로교차점,0,무,127.0450859,37.566274,203983.2124,451860.6746
1030032500,동부시장,101,도로교차점,1,유,127.0528127,37.5667884,204665.8249,451918.1185
1030032600,푸른마을2차,101,도로교차점,0,무,127.045548,37.5667759,204024.0112,451916.396
1030032700,사근램프앞,108,IC 및 JC,0,무,127.0465681,37.566928,204114.1227,451933.3291
1030032800,마장동주민센터,101,도로교차점,1,유,127.044103,37.5668796,203896.3457,451927.845
1030032900,용답동,101,도로교차점,1,유,127.0519291,37.5674496,204587.7198,451991.4611
1030033000,대흥카센타,101,도로교차점,0,무,127.0258256,37.5674946,202281.5828,451995.5083
1030033200,77번종점,101,도로교차점,0,무,127.044995,37.5674841,203975.1161,451994.9774
1030033400,황학사거리,101,도로교차점,0,무,127.0235113,37.5678956,202077.1124,452039.9583
1030033500,신한고속화물,101,도로교차점,1,유,127.0456825,37.5679491,204035.8321,452046.6222
1030033600,마장2교,101,도로교차점,1,유,127.0458964,37.5680835,204054.7234,452061.5447
1030033700,천호대로답오6길삼거리,101,도로교차점,1,유,127.051127,37.5680447,204516.8245,452057.4748
1030033800,청계9가,101,도로교차점,1,유,127.0302862,37.5695826,202675.58,452227.3673
1030034100,마장현대아파트,101,도로교차점,0,무,127.0427855,37.5705062,203779.7679,452330.309
1030034200,비우당교(남단),101,도로교차점,0,무,127.0265238,37.5705679,202343.1657,452336.6283
1030034300,비우당교(북단),101,도로교차점,0,무,127.0267366,37.5710328,202361.9511,452388.2222
1030034400,신답지하차도(북측),104,도로시설물,0,무,127.0454178,37.5714178,204012.2631,452431.5964
1030034500,황학교(남단)_난계로_진출_1,101,도로교차점,0,무,127.0234757,37.5711214,202073.8797,452397.9849
1030034600,황학교(남단)_난계로_진입_1,101,도로교차점,0,무,127.02334,37.5711249,202061.8897,452398.3637
1030034700,황학교(남단)_청계천로_진입_1,101,도로교차점,0,무,127.0238257,37.5713648,202104.7872,452425.0041
1030034800,고산자교(남단)_고산자로_진출_1,101,도로교차점,0,무,127.0379822,37.5713957,203355.3896,452428.8435
1030034900,고산자교(남단)_고산자로_진입_1,101,도로교차점,0,무,127.0378465,37.571401,203343.404,452429.431
1030035000,청계8가,101,도로교차점,1,유,127.0233943,37.5714983,202066.6756,452439.8161
1030035100,고산자교(남단)_사근동길_진입_1,101,도로교차점,0,무,127.0384161,37.5717212,203393.7117,452464.9911
1030035200,서울시설공단,101,도로교차점,1,유,127.0379388,37.571792,203351.5389,452472.835
1030035300,청계한신휴플러스,101,도로교차점,1,유,127.0442561,37.5719499,203909.6046,452490.5986
1030035400,고산자교(남단)_청계천로_진출_1,101,도로교차점,0,무,127.0370578,37.5719931,203273.7071,452495.1141
1030035500,성동구-동대문구경계(1),105,행정경계,0,무,127.0367041,37.5722145,203242.4511,452519.6753
1030035600,성동구-동대문구경계(2),105,행정경계,0,무,127.0377966,37.5724046,203338.9495,452540.8185
1030035700,신답초교,101,도로교차점,1,유,127.0425373,37.5727086,203757.7334,452574.7362
1030035800,서울시설공단,101,도로교차점,1,유,127.0380171,37.5727527,203358.4181,452579.4623
1030035900,신답초교,101,도로교차점,1,유,127.0416056,37.5730416,203675.4038,452611.6633
1030036000,마장동사거리_천호대로_진출_1,101,도로교차점,0,무,127.0384485,37.5728197,203396.5205,452586.9096
1030036200,금호역3번출구,101,도로교차점,0,무,127.015222,37.5491507,201345.1275,449959.346
1030036300,두산아파트107동,101,도로교차점,0,무,127.0154384,37.5490629,201364.2578,449949.605
1030036400,금호역3번출구,101,도로교차점,0,무,127.0154781,37.5482163,201367.7801,449855.6473
1030036500,동부간선도로강변북로분기점,108,IC 및 JC,0,무,127.026215,37.5435434,202316.7303,449337.2165
1030036600,동부간선도로-강변북로램프(16),108,IC 및 JC,0,무,127.0323619,37.5449326,202859.9036,449491.5757
1030036700,왕십리로_고산자로_진출,101,도로교차점,0,무,127.0349957,37.5614637,203091.9739,451326.4055
1030036800,왕십리로_고산자로_진입,101,도로교차점,0,무,127.0350553,37.5608514,203097.2599,451258.4577
1030036900,고산자로_왕십리로_진출,101,도로교차점,0,무,127.0351557,37.5607787,203106.1391,451250.3856
1030037000,고산자로_왕십리로_진입,101,도로교차점,0,무,127.0356697,37.5607764,203151.5483,451250.1535
1030037100,왕십리로_왕십리광장로_진출,101,도로교차점,0,무,127.0357826,37.5608365,203161.5252,451256.8215
1030037200,나눔원격평생교육원,101,도로교차점,0,무,127.0358116,37.5621713,203164.0311,451404.9721
1030037300,서울특별시립성동청소년수련관,101,도로교차점,0,무,127.0359455,37.5621495,203175.8611,451402.5533
1030037400,왕십리로_왕십리광장로_진입,101,도로교차점,0,무,127.0359785,37.5611358,203178.8177,451290.0456
1030037500,드림시드 아파트,101,도로교차점,0,무,127.0490417,37.5613222,204332.987,451311.26
1030037600,강변북로-일반국도47호선램프(11),108,IC 및 JC,0,무,127.0554656,37.53443,204902.316,448326.8622
1030037700,강변북로-일반국도47호선램프(13),108,IC 및 JC,1,유,127.0597071,37.5347816,205277.1762,448366.1116
1030037800,창수연립,103,속성변화점,0,무,127.0604734,37.5400286,205344.5339,448948.5175
1030037900,노룬산시장앞,101,도로교차점,0,무,127.062242,37.5392456,205500.8975,448861.7162
1030038000,천호대로_자동차시장3길_진입,101,도로교차점,0,무,127.0642966,37.5607284,205680.8438,451246.1717
1040000100,잠실대교북단,104,도로시설물,0,무,127.0884962,37.5284009,207822.3485,447659.9372
1040000200,청담대교북단,104,도로시설물,0,무,127.0667433,37.5315407,205899.3264,448006.8358
1040000600,영동대교북단,101,도로교차점,1,유,127.0611515,37.5372301,205404.6599,448637.9491
1040000800,천호대교북단,104,도로시설물,0,무,127.1075935,37.5441995,209508.3963,449415.1575
1040001100,광진교북단,104,도로시설물,0,무,127.109432,37.5459403,209670.6411,449608.5487
1040001200,광장중교지하차도,101,도로교차점,0,무,127.1013312,37.5463588,208954.718,449654.1937
1040001900,군자역,101,도로교차점,0,무,127.0795023,37.5571586,207024.6611,450850.9882
1040002100,강변북로구리시계,105,행정경계,0,무,127.1145173,37.5586115,210118.3201,451015.4335
1040002200,아차산로 서울구리시계,105,행정경계,0,무,127.1139735,37.5588143,210070.2516,451037.8849
1040002700,신자초교입구,101,도로교차점,0,무,127.0756941,37.533203,206690.3192,448191.9341
1040002900,신양초교,101,도로교차점,1,유,127.0684977,37.5353024,206054.0846,448424.4477
1040003300,자양초교,101,도로교차점,1,유,127.077157,37.5381218,206819.1751,448737.9651
1040003900,광장힐스테이트아파트,101,도로교차점,0,무,127.1013246,37.5429618,208954.5419,449277.1638
1040004500,쉐라톤워커힐호텔,102,도로시.종점,0,무,127.1068485,37.5517986,209441.6008,450258.4901
1040004600,군자동주민센터,101,도로교차점,0,무,127.0750125,37.5542686,206628.2148,450529.9029
1040004800,긴고랑종점,101,도로교차점,0,무,127.0948442,37.5601225,208379.9096,451181.2069
1040004900,용마사거리,101,도로교차점,0,무,127.0823252,37.5623241,207273.5913,451424.5112
1040005000,중곡1동사거리,101,도로교차점,0,무,127.0797753,37.5631777,207048.2149,451519.0611
1040005100,송파구-광진구경계(1),105,행정경계,0,무,127.0915125,37.5244839,208089.3937,447225.4551
1040005200,잠실대교북단,108,IC 및 JC,0,무,127.0813128,37.5274314,207187.4877,447551.7639
1040005300,강변북로-일반국도3호선램프(10),108,IC 및 JC,0,무,127.08625,37.5276278,207623.8826,447573.9584
1040005400,잠실대교북단,108,IC 및 JC,0,무,127.0835684,37.5275681,207386.8565,447567.1099
1040005500,강변북로-일반국도3호선램프(11),108,IC 및 JC,0,무,127.0891044,37.5275091,207876.2068,447561.0193
1040005600,강변북로-일반국도3호선램프(1),108,IC 및 JC,0,무,127.0891964,37.5275966,207884.3286,447570.7326
1040005700,강변북로-일반국도3호선램프(16),108,IC 및 JC,0,무,127.0877714,37.5281943,207758.309,447636.9479
1040005800,강변북로-일반국도3호선램프(15),108,IC 및 JC,0,무,127.0882359,37.5286347,207799.3146,447685.8681
1040005900,강변북로-일반국도3호선램프(7),108,IC 및 JC,0,무,127.0867441,37.5289558,207667.4203,447721.3894
1040006000,잠실대교북단,108,IC 및 JC,0,무,127.0864431,37.527867,207640.9304,447600.5199
1040006100,강변북로-일반국도3호선램프(14),108,IC 및 JC,0,무,127.0883481,37.5286958,207809.2268,447692.6557
1040006200,강변북로-일반국도3호선램프(12),108,IC 및 JC,0,무,127.0892801,37.528923,207891.5891,447717.9518
1040006300,강변북로-일반국도3호선램프(2),108,IC 및 JC,0,무,127.0899106,37.5291916,207947.288,447747.8242
1040006400,뚝섬한강시민공원,101,도로교차점,1,유,127.0759737,37.5292368,206715.3927,447751.7508
1040006500,동부간선도로-강변북로램프(5),108,IC 및 JC,0,무,127.0659058,37.52951,205825.4566,447781.3963
1040006600,강변북로-일반국도3호선램프(3),108,IC 및 JC,0,무,127.0909731,37.5300721,208041.1111,447845.6362
1040006700,동부간선도로-강변북로램프(4),108,IC 및 JC,0,무,127.065804,37.5296506,205816.4496,447796.9942
1040006800,강변북로-일반국도3호선램프(4),108,IC 및 JC,0,무,127.0887155,37.5297813,207841.5943,447813.17
1040006900,강변북로-일반국도3호선램프(5),108,IC 및 JC,0,무,127.0879667,37.5300947,207775.3697,447847.8892
1040007000,동부간선도로-강변북로램프(3),108,IC 및 JC,0,무,127.0659084,37.5304009,205825.6204,447880.282
1040007100,동부간선도로-강변북로램프(6),108,IC 및 JC,0,무,127.0661781,37.5301489,205849.4704,447852.3277
1040007200,동부간선도로-강변북로램프(7),108,IC 및 JC,0,무,127.0717091,37.5301063,206338.3593,447847.9617
1040007300,강변북로-일반국도3호선램프(6),108,IC 및 JC,0,무,127.0869263,37.5303302,207683.3842,447873.9383
1040007400,광진트라팰리스,101,도로교차점,1,유,127.0685142,37.5313691,206055.861,447987.8998
1040007500,청담대교북단,101,도로교차점,1,유,127.066866,37.5318038,205910.1509,448036.0386
1040007600,국민은행자양동지점,101,도로교차점,0,무,127.0796418,37.532018,207039.3583,448060.7005
1040007700,청담대교북단,108,IC 및 JC,0,무,127.0639049,37.5319768,205648.4073,448055.0576
1040007900,이튼타워리버,101,도로교차점,0,무,127.0681342,37.5322504,206022.206,448085.69
1040008000,청담대교북단,108,IC 및 JC,0,무,127.0639293,37.5323512,205650.5332,448096.6212
1040008100,잠실대교북단교차로,101,도로교차점,1,유,127.0854056,37.5324844,207548.755,448112.9088
1040008200,광진중,101,도로교차점,0,무,127.0902344,37.5324786,207975.561,448112.6655
1040008300,한강현대아파트,101,도로교차점,1,유,127.0672139,37.5325068,205940.8427,448114.0909
1040008400,대영빌딩,101,도로교차점,0,무,127.0917312,37.5325671,208107.853,448122.6139
1040008500,강변북로-일반국도47호선램프(1),108,IC 및 JC,0,무,127.0584975,37.5323486,205170.4383,448096.0147
1040008600,강변북로-일반국도47호선램프(6),108,IC 및 JC,0,무,127.0583703,37.532387,205159.1922,448100.2743
1040008800,자양유아원,101,도로교차점,0,무,127.0771305,37.5327749,206817.3195,448144.5207
1040008900,강변북로-일반국도47호선램프(3),108,IC 및 JC,0,무,127.062218,37.5327754,205499.252,448143.5997
1040009000,강변북로-일반국도47호선램프(2),108,IC 및 JC,0,무,127.0609156,37.532935,205384.1202,448161.2395
1040009100,연수빌딩,101,도로교차점,0,무,127.0688965,37.5331177,206089.5161,448181.9985
1040009200,강변북로램프(2),108,IC 및 JC,0,무,127.0951546,37.533544,208410.3227,448231.3414
1040009400,광진구-성동구경계(1),105,행정경계,0,무,127.0589888,37.5333278,205213.7962,448204.7263
1040009500,광진구-성동구경계(2),105,행정경계,0,무,127.0590286,37.5334011,205217.3037,448212.8551
1040009600,영동대교북단,105,행정경계,0,무,127.0590985,37.5335292,205223.4774,448227.0798
1040009700,강변북로-잠실철교로램프(1),108,IC 및 JC,0,무,127.0958666,37.5334465,208473.2686,448220.5804
1040009900,잠실철교북단,108,IC 및 JC,0,무,127.0943986,37.5331144,208343.5475,448183.5954
1040010000,영동대교북단,105,행정경계,0,무,127.0591946,37.5337043,205231.9535,448246.5199
1040010100,자양동천주교회,101,도로교차점,1,유,127.0678918,37.5339701,206000.6386,448276.5454
1040010200,KT생활관,101,도로교차점,0,무,127.0900806,37.5339999,207961.8034,448281.4957
1040010300,강변북로-테크노마트길램프(2),108,IC 및 JC,0,무,127.0949439,37.5339056,208391.6566,448271.4517
1040010400,강변북로-일반국도47호선램프(8),108,IC 및 JC,0,무,127.0594147,37.5339877,205251.3866,448277.983
1040010500,강변북로-일반국도47호선램프(9),108,IC 및 JC,0,무,127.0593174,37.5340799,205242.7831,448288.2184
1040010600,동서울터미널 동측,108,IC 및 JC,0,무,127.0953191,37.5346737,208424.7388,448356.7392
1040010700,터미널하차장,101,도로교차점,0,무,127.0927244,37.5344138,208195.431,448327.6656
1040010800,강변북로-테크노마트길램프(1),108,IC 및 JC,0,무,127.095153,37.5349693,208410.0227,448389.5243
1040010900,잠실철교북단,108,IC 및 JC,0,무,127.0957258,37.5340668,208460.7526,448289.4144
1040011000,동서울호텔,101,도로교차점,0,무,127.0917176,37.5345392,208106.433,448341.4953
1040011100,동서울터미널 서측,108,IC 및 JC,0,무,127.0945661,37.5348315,208358.1643,448374.1785
1040011300,강변북로-일반국도47호선램프(4),108,IC 및 JC,0,무,127.0603106,37.5355922,205330.4567,448456.1207
1040011400,영동대교(북단)_일반국도47호선_,101,도로교차점,0,무,127.0601825,37.535629,205319.1352,448460.1968
1040011500,강변북로램프(3),108,IC 및 JC,0,무,127.0973472,37.535321,208603.9173,448428.7595
1040011600,강변역,101,도로교차점,0,무,127.0942133,37.5353821,208326.9211,448435.2638
1040011800,강변북로램프(4),108,IC 및 JC,0,무,127.09763,37.5355587,208628.8836,448455.169
1040011900,강변북로램프(6),108,IC 및 JC,0,무,127.0969178,37.5355986,208565.9306,448459.5378
1040012000,강변역,101,도로교차점,0,무,127.0940099,37.5357198,208308.9083,448472.7275
1040012100,강변북로램프(5),108,IC 및 JC,0,무,127.0971995,37.5358503,208590.7966,448487.4886
1040012200,강변역,101,도로교차점,0,무,127.0946542,37.5357358,208365.8538,448474.5598
1040012300,원창빌딩,101,도로교차점,0,무,127.0837909,37.5359881,207405.694,448501.6485
1040012400,강변북로-광나룻길램프(6),108,IC 및 JC,0,무,127.0983952,37.5362162,208696.4372,448528.2103
1040012500,자양사거리_일반국도3호선_진입_,101,도로교차점,0,무,127.0836547,37.5361704,207393.634,448521.8753
1040012600,강변역,101,도로교차점,0,무,127.0942929,37.5362368,208333.8633,448530.1302
1040012700,영동대교북단고가차도,101,도로교차점,1,유,127.0606898,37.5364007,205363.914,448545.8739
1040012900,자양사거리,101,도로교차점,1,유,127.083609,37.5365532,207389.5544,448564.3548
1040013000,자양사거리_구의로_진출_2,101,도로교차점,0,무,127.0828145,37.5366416,207319.3271,448574.1042
1040013100,자양사거리_구의로_진출_1,101,도로교차점,0,무,127.0842552,37.5367527,207446.6491,448586.5509
1040013200,자양사거리_구의로_진입_1,101,도로교차점,0,무,127.0828556,37.5367447,207322.9525,448585.5435
1040013300,강변북로-광나룻길램프(1),108,IC 및 JC,0,무,127.1013319,37.5365598,208955.9507,448566.6288
1040013400,올림픽대교북단,108,IC 및 JC,0,무,127.101268,37.5364512,208950.3119,448554.5706
1040013600,광진문화예술회관 및 구의회청사,101,도로교차점,0,무,127.0710346,37.5370237,206278.1631,448615.6621
1040013700,자양사거리_일반국도3호선_진출_,101,도로교차점,0,무,127.0834257,37.5371381,207373.2993,448629.2589
1040013800,자양사거리_일반국도3호선_진입_,101,도로교차점,0,무,127.0835609,37.5371482,207385.2466,448630.3815
1040013900,강변북로-광나룻길램프(5),108,IC 및 JC,0,무,127.0985943,37.537099,208713.9276,448626.2141
1040014000,구남초교,101,도로교차점,1,유,127.0931307,37.5371793,208231.0432,448634.6366
1040014200,올림픽대교북단,108,IC 및 JC,0,무,127.0991223,37.5372932,208760.5771,448647.8148
1040014300,명성장갑,101,도로교차점,1,유,127.0695086,37.5375403,206143.2493,448672.892
1020000800,원효로진출입(강변북로),108,IC 및 JC,0,무,126.9443619,37.5345107,195082.4381,448335.8296
1020000900,서빙고신동아아파트,101,도로교차점,0,무,126.9854746,37.5178539,198715.892,446485.7765
1020001000,신용산초교,101,도로교차점,0,무,126.9763862,37.5191441,197912.4698,446629.1404
1020001500,이촌로강변북로진입,108,IC 및 JC,1,유,126.9650398,37.5217865,196909.5293,446922.7181
1020001800,보광동사거리,101,도로교차점,1,유,127.0022433,37.5247986,200198.298,447256.4498
1020002000,보광동주민센터,101,도로교차점,0,무,127.0009465,37.5261898,200083.6671,447410.8609
1020002800,원효동산호아파트,101,도로교차점,0,무,126.9502018,37.5333431,195598.5341,448205.9472
1020003000,녹사평역,101,도로교차점,1,유,126.98793,37.5341339,198933.1878,448292.6229
1020003100,이태원역,101,도로교차점,0,무,126.9939253,37.5344988,199463.0894,448333.0695
1020003500,신창동,101,도로교차점,0,무,126.9552117,37.5358944,196041.4671,448488.8954
1020003700,용문시장,101,도로교차점,0,무,126.9603263,37.5375288,196493.588,448670.0824
1020003800,용산구보건분소,101,도로교차점,0,무,126.9663199,37.5380058,197023.3321,448722.8226
1020004200,도화현대아파트,101,도로교차점,0,무,126.9561653,37.5401799,196125.9741,448964.4915
1020004700,남영삼거리,101,도로교차점,0,무,126.9727725,37.5420856,197593.7458,449175.4481
1020005100,효창공원,101,도로교차점,0,무,126.9636124,37.5449817,196784.3453,449497.1451
1020005500,용산중교앞,101,도로교차점,0,무,126.9811013,37.5467421,198329.912,449692.0806
1020005700,서울타워,103,속성변화점,0,무,126.9910529,37.5509708,199209.3887,450161.2804
1020006100,서울역광장,101,도로교차점,0,무,126.9728087,37.554165,197597.337,450516.115
1020006200,여우목길-이촌동길삼거리,101,도로교차점,0,무,126.9863298,37.5154876,198791.4571,446223.1365
1020006300,강변북로-동작대로램프(1),108,IC 및 JC,0,무,126.9830471,37.5150573,198501.2297,446175.4233
1020006400,강변북로-동작대로램프(6),108,IC 및 JC,0,무,126.982895,37.5150081,198487.7846,446169.9654
1020006500,사촌5길삼거리,101,도로교차점,0,무,126.9749835,37.5157413,197788.3668,446251.4999
1020006700,동작대교북단,108,IC 및 JC,0,무,126.9800257,37.516052,198234.1388,446285.8767
1020006800,동작대교북단,108,IC 및 JC,0,무,126.9861755,37.5162991,198777.8245,446313.2041
1020006900,강변북로-이촌동길램프(9),108,IC 및 JC,0,무,126.9803344,37.5163331,198261.436,446317.0675
1020007000,동작대교북단,108,IC 및 JC,0,무,126.9811249,37.5163366,198331.3231,446317.4389
1020007200,서빙고동우편취급소,101,도로교차점,0,무,126.9847505,37.5165473,198651.8555,446340.77
1020007300,신동아쇼핑,101,도로교차점,0,무,126.9855868,37.5168877,198725.7899,446378.5346
1020007500,강변북로-반포로램프(4),108,IC 및 JC,0,무,126.9901088,37.5170095,199125.5666,446392.0012
1020007600,서빙고동정구장,101,도로교차점,0,무,126.9896535,37.5173299,199085.3172,446427.5681
1020007700,이촌동길거리1,101,도로교차점,0,무,126.9829446,37.5178203,198492.2304,446482.0891
1020007800,이촌동길거리2,103,속성변화점,0,무,126.98345,37.5178274,198536.9054,446482.8696
1020007900,이촌지하차도(서측),104,도로시설물,0,무,126.9817945,37.5178264,198390.5508,446482.777
1020008000,이촌지하차도(동측),104,도로시설물,0,무,126.9848806,37.5178491,198663.3765,446485.2509
1020008200,이촌동강촌아파트,101,도로교차점,0,무,126.978206,37.5185685,198073.3368,446565.217
1020008300,서빙고로-동작대로진입로,101,도로교차점,0,무,126.9831231,37.5186454,198508.0261,446573.6616
1020008400,강변북로-반포로램프(5),108,IC 및 JC,0,무,126.9945846,37.5183662,199521.262,446542.555
1020008500,강변북로-반포로램프(1),108,IC 및 JC,0,무,126.9947046,37.5184202,199531.8701,446548.5387
1020008600,한강시민공원이촌지구,108,IC 및 JC,0,무,126.9674759,37.5192653,197124.7834,446642.8267
1020008700,한강시민공원이촌지구,108,IC 및 JC,0,무,126.9706835,37.5182979,197408.3104,446535.357
1020008800,원유치원,101,도로교차점,0,무,126.9767355,37.5198498,197943.3732,446707.4572
1020008900,용산가족공원,101,도로교차점,0,무,126.9856245,37.5199353,198729.1745,446716.7877
1020009000,로얄상가,101,도로교차점,0,무,126.9739077,37.5199408,197693.3944,446717.6173
1020009100,용산가족공원,101,도로교차점,0,무,126.9856485,37.519827,198731.2997,446704.7603
1020009200,강변북로-이촌동길램프(6),108,IC 및 JC,0,무,126.967049,37.5199835,197087.0696,446722.5473
1020009300,서빙고동주민센터,101,도로교차점,1,유,126.994038,37.5200748,199472.9515,446732.1826
1020009400,반포대교북단,108,IC 및 JC,0,무,126.9947002,37.51973,199531.489,446693.9111
1020009600,서빙고역_서빙고로_진입,101,도로교차점,0,무,126.9892206,37.5202953,199047.0878,446756.6991
1020009800,서빙고역,101,도로교차점,1,유,126.9906958,37.5202343,199177.4907,446749.9097
1020010200,한강맨션,101,도로교차점,0,무,126.9724518,37.5203944,197564.7008,446767.994
1020010300,반포대교북단,108,IC 및 JC,0,무,126.9974787,37.5205468,199777.112,446784.5554
1020010400,서빙고로-동작대로진출로1,101,도로교차점,0,무,126.9821381,37.5199438,198420.9699,446717.7793
1020010500,이촌우성아파트앞,101,도로교차점,0,무,126.9706127,37.5209775,197402.1405,446832.7642
1020010600,한가람아파트,101,도로교차점,1,유,126.9745131,37.521131,197746.9462,446849.6975
1020010700,강변북로-이촌동길램프(3),108,IC 및 JC,0,무,126.9650541,37.5212744,196910.7724,446865.8854
1020010800,풍산교회,101,도로교차점,0,무,126.9677703,37.521444,197150.8916,446884.6226
1020010900,강변북로-이촌동길램프(4),108,IC 및 JC,0,무,126.9651681,37.5213331,196920.8538,446872.3943
1020011000,이촌1동 주민선터. 용산청소년수,101,도로교차점,0,무,126.9730452,37.5216093,197617.1942,446902.826
1020011100,서빙고역_둔지메길_진출,101,도로교차점,0,무,126.9907535,37.5217682,199182.6152,446920.1518
1020011200,이촌동두산위브,101,도로교차점,1,유,126.9664886,37.5216105,197037.5968,446903.1435
1020011300,한강대교북단,108,IC 및 JC,0,무,126.9622367,37.5215175,196661.719,446892.9623
1020011500,강변북로-이촌동길램프(5),108,IC 및 JC,0,무,126.9654117,37.5216866,196942.3945,446911.6251
1020011600,반포대교북단,108,IC 및 JC,0,무,126.9966741,37.5205125,199705.9904,446780.7571
1020011700,이촌로강변북로진입,108,IC 및 JC,0,무,126.963989,37.5219106,196816.6457,446936.5266
1020011800,대우아파트,101,도로교차점,0,무,126.9711701,37.5221772,197451.4589,446965.9028
1020011900,한강대교북단,108,IC 및 JC,0,무,126.9602236,37.5220097,196483.7849,446947.6582
1020012000,강변북로-사촌5길램프(2),108,IC 및 JC,0,무,126.9584839,37.5220673,196330.0019,446954.1266
1020012100,강변북로-한강로램프(2),108,IC 및 JC,0,무,126.9617114,37.5220964,196615.3079,446957.2347
1020012400,한강대교북단교차로,101,도로교차점,1,유,126.9618203,37.5223992,196624.9492,446990.8378
1020012500,한강대교북단교차로,101,도로교차점,0,무,126.9611384,37.5225689,196564.6833,447009.6881
1020012600,한강대교북단교차로,101,도로교차점,1,유,126.960527,37.5225646,196510.6294,447009.237
1020012700,한강대우아파트,101,도로교차점,1,유,126.9712489,37.5228028,197458.4439,447035.3296
1020012800,이촌동길-대건로진입로3,101,도로교차점,0,무,126.959627,37.5226931,196431.0809,447023.5392
1020012900,강변북로-사촌5길램프(1),108,IC 및 JC,0,무,126.9566359,37.5229345,196166.6812,447050.449
1020013000,용산대우드림월드3차_한강로_진,101,도로교차점,0,무,126.9621981,37.5232027,196658.3845,447080.0026
1020013200,이촌역앞,101,도로교차점,1,유,126.9720706,37.5230896,197531.0898,447067.1414
1020013300,반포대교북단,104,도로시설물,0,무,126.9934631,37.5231965,199422.1514,447078.6552
1020013400,베론리버빌,101,도로교차점,0,무,126.9602004,37.523298,196481.7955,447090.6467
1020013500,이촌고가차도(남측),104,도로시설물,0,무,126.958587,37.5243244,196339.2232,447204.6322
1020013700,동빙고어린이집,101,도로교차점,1,유,126.9924686,37.5248544,199334.2566,447262.6732
1020013800,차병원공업사_보광동길_진입,101,도로교차점,0,무,127.0019398,37.5252165,200171.4698,447302.839
1020013900,보광동사거리,101,도로교차점,0,무,127.0024711,37.5252757,200218.4375,447309.4024
1020014200,이촌고가차도(북측),104,도로시설물,0,무,126.9567814,37.5256373,196179.6791,447350.4179
1020014300,이촌대림아파트(강변북로),108,IC 및 JC,0,무,126.9536309,37.5252935,195901.1713,447312.3871
1020014400,한강중교앞,101,도로교차점,1,유,126.9918489,37.5258413,199279.4878,447372.211
1020014500,노정치과의원,101,도로교차점,0,무,126.9963561,37.5259571,199677.9012,447385.0375
1020014600,정상학원,101,도로교차점,0,무,126.9971823,37.526022,199750.9264,447392.2342
1020014700,이촌대림아파트(강변북로),108,IC 및 JC,0,무,126.9534103,37.5269616,195881.7704,447497.5403
1020014800,용산역앞,101,도로교차점,1,유,126.965179,37.5263244,196922.0178,447426.3625
1020014900,보광고가차도(동측),104,도로시설물,0,무,127.0043215,37.5268831,200381.9973,447487.8127
1020015000,한강중교앞,103,속성변화점,1,유,126.9916198,37.5274075,199259.2471,447546.0426
1020015100,이촌대림아파트(강변북로),108,IC 및 JC,0,무,126.9530055,37.5274066,195846.0055,447546.9407
1020015200,국제빌딩앞삼거리,101,도로교차점,1,유,126.9667307,37.5279703,197059.244,447608.9953
1020015300,현대하이페리온아파트,101,도로교차점,1,유,127.0058802,37.5279708,200519.7674,447608.5448
1020015400,우루과이대사관저,101,도로교차점,0,무,126.9927174,37.5283823,199356.2731,447654.2252
1020015500,강변북로-한남로램프(3),108,IC 및 JC,0,무,127.0066657,37.5276052,200589.2043,447567.9717
1020015600,반포로-장문고개서길진출로,101,도로교차점,0,무,126.9915275,37.5289206,199251.1083,447713.9753
1020015700,한남역,101,도로교차점,1,유,127.0067379,37.5285375,200595.5707,447671.4496
1020015800,용산역광장앞삼거리,101,도로교차점,1,유,126.9655738,37.5286523,196957.0088,447684.7192
1020015900,강변북로-한남로램프(4),108,IC 및 JC,0,무,127.0113874,37.5286867,201006.5546,447688.0467
1020016000,강변북로-한남로램프(1),108,IC 및 JC,0,무,127.0115363,37.5286875,201019.7163,447688.1296
1020016100,한남역_두무개길_진출,101,도로교차점,0,무,127.0074983,37.5289926,200662.7855,447721.9654
1020016200,한남역_남계천길_진입,101,도로교차점,0,무,127.0069625,37.5292409,200615.425,447749.5173
1020016400,반포로-장문고개서길진입로,101,도로교차점,0,무,126.9918491,37.5291271,199279.5351,447736.8897
1020016500,철도건설본부,101,도로교차점,1,유,126.9666249,37.5294416,197049.9549,447772.2876
1020016600,용산구청,101,도로교차점,1,유,126.9913819,37.5294452,199238.2436,447772.2067
1020016800,전자상가입구,101,도로교차점,0,무,126.9682471,37.5295711,197193.3475,447786.6175
1020016900,강변북로-이촌동길램프(13),108,IC 및 JC,0,무,126.9527707,37.5296033,195825.3778,447790.7571
1020017000,용산구청,101,도로교차점,0,무,126.9913886,37.5298137,199238.8355,447813.0981
1020017100,한남주차장,101,도로교차점,0,무,127.0069513,37.5296875,200614.4252,447799.0875
1020017300,강변북로-용호로램프(1),108,IC 및 JC,0,무,126.9512077,37.5298632,195687.2393,447819.6732
1020017400,강변북로-용호로램프(6),108,IC 및 JC,0,무,126.9511342,37.5299541,195680.7506,447829.7676
1020017500,원효대교북단,108,IC 및 JC,0,무,126.9523654,37.5299851,195789.5777,447833.1561
1020017700,한남주차장_남계천길_진입_1,101,도로교차점,1,유,127.0068684,37.530116,200607.0949,447846.6398
1020017800,유미빌딩,101,도로교차점,1,유,126.9673857,37.5301493,197117.2236,447850.809
1020017900,한남주차장_한강진길_진출,101,도로교차점,1,유,127.0073065,37.5301927,200645.8179,447855.1534
1020018000,용산구청,101,도로교차점,0,무,126.9909773,37.530481,199202.4908,447887.1623
1020018100,정수기능대학,101,도로교차점,0,무,126.9967774,37.5303568,199715.1547,447873.3535
1020018200,찬우물삼거리,101,도로교차점,0,무,126.9914043,37.5305345,199240.2279,447893.0962
1020018300,한남대교북단,108,IC 및 JC,0,무,127.0129306,37.5317732,201142.9114,448030.6286
1020018400,이촌동길진입로,101,도로교차점,0,무,126.9545712,37.5306544,195984.5775,447907.3455
1020018500,한남주차장_남계천길_진입_2,101,도로교차점,0,무,127.0064362,37.5306733,200568.8926,447908.4937
1020018600,한남주차장_남계천길_진출,101,도로교차점,0,무,127.0067707,37.5307003,200598.4576,447911.49
1020018700,이촌동길진출로,101,도로교차점,0,무,126.9543147,37.5307599,195961.9102,447919.0615
1020018900,강변북로-용호로램프(3),108,IC 및 JC,0,무,126.9515851,37.530675,195720.6458,447909.7582
1020019100,삼구빌딩_이촌동길_진입_1,101,도로교차점,1,유,126.9547844,37.5310441,196003.4464,447950.5889
1020019200,강변북로-용호로램프(4),108,IC 및 JC,0,무,126.9511573,37.5310532,195682.8526,447951.7568
1020019300,원효로현대자동차서비스,101,도로교차점,0,무,126.9543442,37.5313613,195964.5534,447985.8074
1020019500,한남2고가차도(남측),104,도로시설물,0,무,127.0089144,37.5318071,200787.9279,448034.3475
1020019600,보광초교,101,도로교차점,1,유,126.9966744,37.5314058,199706.053,447989.7704
1020019700,원효로현대자동차서비스,101,도로교차점,0,무,126.9538668,37.5314062,195922.3642,447990.8152
1020019800,삼구빌딩_이촌동길_진입_2,101,도로교차점,0,무,126.9549714,37.5315077,196019.9989,448002.0336
1020020000,보광청화아파트,101,도로교차점,1,유,126.9950714,37.531522,199564.3683,448002.6821
1020020100,강변북로-용호로램프(5),108,IC 및 JC,0,무,126.9490557,37.5318418,195497.1409,448039.385
1020020200,삼구빌딩_용호로_진출_2,101,도로교차점,0,무,126.9548392,37.5316133,196008.3246,448013.7594
1020020300,용안카센타,101,도로교차점,0,무,126.9653584,37.5318317,196938.1004,448037.6052
1020020400,성촌공원,101,도로교차점,1,유,126.9556654,37.5319363,196081.3663,448049.5697
1020020500,원효로-용호로진출로,101,도로교차점,1,유,126.9539366,37.5322038,195928.5692,448079.3354
1020020600,원효로-용호로진입로2,101,도로교차점,0,무,126.9565324,37.5323744,196158.015,448098.1556
1020020700,현대시장,101,도로교차점,1,유,127.0068251,37.5324703,200603.248,448107.9424
1020020800,현대자동차서비스,101,도로교차점,0,무,126.9528095,37.5323565,195828.9619,448096.3287
1020020900,용산전자단지우체국,101,도로교차점,1,유,126.9569355,37.5324851,196193.6557,448110.4346
1020021000,원효전자상가,101,도로교차점,0,무,126.9641367,37.5326157,196830.1501,448124.6533
1020021100,원효로로-용호로진출로,101,도로교차점,0,무,126.9561715,37.5326924,196126.1366,448133.467
1020021200,산호APT,101,도로교차점,0,무,126.9517228,37.5327218,195732.9327,448136.9251
1020021300,철도정비창,101,도로교차점,1,유,126.9575489,37.5327016,196247.8822,448134.4368
1020021400,이태원천주교회,101,도로교차점,0,무,126.995599,37.533063,199611.0144,448173.7091
1020021500,스페이스 빌딩,101,도로교차점,0,무,126.9567357,37.5330397,196176.0169,448171.9943
1020021600,전자랜드,101,도로교차점,1,유,126.9615411,37.5331584,196600.7559,448184.9785
1020021800,민영태크(주),101,도로교차점,0,무,126.9566704,37.533137,196170.2502,448182.793
1020021900,순천향병원,101,도로교차점,0,무,127.0063799,37.5332422,200563.8912,448193.6014
1020022100,용산전자상가,101,도로교차점,1,유,126.9629629,37.5332947,196726.4333,448200.0597
1020022200,이태원지하차도(남측),104,도로시설물,0,무,126.9892076,37.5328435,199046.092,448149.3954
1020022300,한남오거리,101,도로교차점,1,유,127.0076873,37.5333663,200679.4485,448207.3853
1020022400,농협(농산물백화점),101,도로교차점,1,유,126.9639956,37.5334333,196817.7147,448215.4056
1020022800,원효대교진출입,101,도로교차점,1,유,126.9574546,37.5335533,196239.5875,448228.9682
1020023000,성불사앞,101,도로교차점,0,무,126.9564152,37.5336273,196147.724,448237.2232
1020023100,원효로진출입(강변북로),108,IC 및 JC,0,무,126.9455297,37.5336754,195185.6042,448243.0608
1020023300,나진상가,101,도로교차점,1,유,126.9667554,37.5338036,197061.661,448256.4161
1020023400,강변북로-일반국도46호선램프(3),108,IC 및 JC,0,무,126.9439668,37.5340787,195047.4914,448287.9078
1020023500,삼성테마트,101,도로교차점,0,무,126.9506132,37.5341538,195634.9408,448295.9057
1020023600,한남2고가차도_남게천길_진출,101,도로교차점,0,무,127.0063323,37.5342019,200559.6815,448300.1261
1020023700,한성빌딩,101,도로교차점,0,무,127.0103494,37.5342464,200914.7338,448305.0943
1020023800,한남2고가차도_한남로_진입,101,도로교차점,0,무,127.0069131,37.5342941,200611.0153,448310.3568
1020023900,현대카인테리어,101,도로교차점,0,무,126.9475648,37.5343247,195365.5204,448315.0219
1020024000,강변북로-원효로램프(3),108,IC 및 JC,0,무,126.9459227,37.534582,195220.3961,448343.6631
1020024100,UN빌리지,101,도로교차점,0,무,127.0102522,37.5345683,200906.1348,448340.8131
1020024200,이태원소방파출소,101,도로교차점,1,유,126.9955912,37.5346133,199610.3303,448345.7696
1020024300,강변북로-원효로램프(2),108,IC 및 JC,0,무,126.9482712,37.5346003,195427.9678,448345.5724
1020024400,녹사평역,103,속성변화점,1,유,126.9873323,37.5345697,198880.3661,448340.9985
1020024500,원효전화국,101,도로교차점,1,유,126.9602786,37.5348148,196489.2488,448368.8669
1020024600,한남동주유소,101,도로교차점,0,무,127.006318,37.5350884,200558.4084,448398.5153
1020024700,삼각지역_한강로_진출_1,101,도로교차점,0,무,126.9735399,37.5350043,197661.3477,448389.4876
1020024800,녹사평역_이태원로_진입,101,도로교차점,0,무,126.9852347,37.5350023,198694.9858,448389.0411
1020024900,삼각지역_이태원로_진입,101,도로교차점,0,무,126.9749769,37.5349768,197788.3545,448386.4002
1020025000,용산고가차도(남측),104,도로시설물,0,무,126.969955,37.5351585,197344.5012,448406.6997
1020025100,삼각지역_한강로_진입_2,101,도로교차점,0,무,126.9734329,37.5350709,197651.895,448396.8798
1020025200,삼각지역_이태원로_진출,101,도로교차점,0,무,126.9750593,37.5350627,197795.6369,448395.9378
1020025300,제일기획,101,도로교차점,1,유,126.9987224,37.5352403,199887.085,448415.3551
1020025400,한남2고가차도(북측),104,도로시설물,0,무,127.0062186,37.5353198,200549.6201,448424.1988
1020025500,원효로2가,101,도로교차점,1,유,126.9616366,37.5353665,196609.3037,448430.0519
1020025600,삼각지,101,도로교차점,1,유,126.9740467,37.5356282,197706.1608,448458.7235
1020025700,도화우성아파트입구,101,도로교차점,0,무,126.9479707,37.5356783,195401.472,448465.2394
1020025800,삼각지역_백범로_진출,101,도로교차점,0,무,126.9732142,37.535868,197632.5881,448485.3585
1020025900,삼각지역_백범로_진입,101,도로교차점,0,무,126.9732648,37.5359683,197637.066,448496.4917
1020026000,녹사평역_반포로_진출,101,도로교차점,0,무,126.9868795,37.5363357,198840.378,448537.0108
1020026100,삼각지역_한강로_진입_1,101,도로교차점,0,무,126.9742878,37.5365231,197727.4987,448558.0357
1020026200,태국대사관,101,도로교차점,0,무,126.995385,37.536324,199592.1159,448535.6441
1020026300,삼각지역_한강로_진출_2,101,도로교차점,0,무,126.9741535,37.5365075,197715.6243,448556.304
1020026400,용산고가차도(북측),104,도로시설물,0,무,126.9705502,37.5363363,197397.1534,448537.4042
1020026500,삼각지고가차도(밑),101,도로교차점,1,유,126.970665,37.5367077,197407.3094,448578.6243
1020026600,서울중앙우체국,101,도로교차점,0,무,126.9583245,37.5368091,196316.6343,448590.2839
1020026700,오리온(주),101,도로교차점,1,유,126.970156,37.5368596,197362.3301,448595.4916
1020026800,용산등기소,101,도로교차점,1,유,126.9696171,37.5370263,197314.7051,448614.0124
1020026900,용문새마을금고,101,도로교차점,0,무,126.9596486,37.5372577,196433.6862,448640.0257
1020027000,준노블리안Ville,103,속성변화점,0,무,127.0133323,37.537229,201178.3255,448636.1549
1020027100,삼각지고가차도(서측),104,도로시설물,0,무,126.9677533,37.537595,197150.0016,448677.1818
1020027200,고당빌딩,101,도로교차점,0,무,126.964988,37.5374406,196905.5965,448660.1341
1020027300,이레빌딩,101,도로교차점,1,유,126.9680703,37.5374983,197178.0142,448666.438
1020027400,원효오피스텔,101,도로교차점,0,무,126.965749,37.5376722,196972.8652,448685.8098
1020027500,동호대교북단,105,행정경계,0,무,127.0166973,37.537701,201475.7195,448688.5877
1020027700,용산구-성동구경계(2),105,행정경계,0,무,127.0161277,37.5380901,201425.3718,448731.7694
1020027900,충남마대상사,101,도로교차점,1,유,126.9708669,37.5380671,197425.1992,448729.492
1020028000,용문빌딩,101,도로교차점,0,무,126.963322,37.5381686,196758.3835,448740.9909
1020028200,호성빌딩,101,도로교차점,0,무,127.0015851,37.5383364,200140.0933,448758.9834
1020028300,재정관리단앞,101,도로교차점,1,유,126.9868142,37.5383456,198834.6321,448760.084
1020028400,그랜드홈마트,101,도로교차점,1,유,126.9590464,37.5382228,196380.5038,448747.1623
1020028500,수원부동산,101,도로교차점,0,무,126.9597078,37.5384955,196438.9779,448777.3976
1020028600,온누리빌라,101,도로교차점,1,유,126.9610178,37.5385913,196554.7598,448787.981
1020028900,대우이안,101,도로교차점,1,유,126.9708815,37.5389611,197426.5222,448828.711
1020029000,용산구-성동구경계(3),105,행정경계,0,무,127.0119517,37.5390171,201056.2862,448834.5928
1020029100,효창공원앞역,101,도로교차점,1,유,126.9613909,37.5393095,196587.7609,448867.6822
1020029200,도원삼성래미안아파트,101,도로교차점,0,무,126.9582973,37.5394345,196314.3578,448881.6767
1020029300,북한남삼거리_이태원로_진입,101,도로교차점,0,무,127.0017195,37.5403123,200151.9634,448978.2849
1020029400,한남고가차도남단,101,도로교차점,0,무,127.0045683,37.5378386,200403.7521,448703.7447
1020029500,용산서,101,도로교차점,0,무,126.9690385,37.5402081,197263.683,448967.1616
1020029600,한미연구소,101,도로교차점,1,유,126.9968499,37.540916,199721.6032,449045.2855
1020029700,용마루고개,101,도로교차점,1,유,126.9576778,37.5408429,196259.6769,449038.0081
1020029800,서울용암초등학교,101,도로교차점,0,무,126.9880585,37.5419883,198944.657,449164.3598
1020029900,하얏트호텔,101,도로교차점,0,무,126.9968589,37.5411925,199722.397,449075.9772
1020030000,북한남삼거리_이태원로_진출,101,도로교차점,0,무,127.0019562,37.541221,200172.8806,449079.1387
1020030100,용산구-마포구경계(2),105,행정경계,0,무,126.9567442,37.5412907,196177.1929,449087.7498
1020030200,남영역,101,도로교차점,1,유,126.9708196,37.5416832,197421.1445,449130.8393
1020030300,북한남삼거리_한남로_진입,101,도로교차점,0,무,127.0030338,37.5416312,200268.1165,449124.6729
1020030400,효창맨숀아파트,101,도로교차점,1,유,126.9621229,37.5421396,196652.5825,449181.7611
1020030500,북한남삼거리_한남로_진출,101,도로교차점,0,무,127.0012078,37.5426881,200106.7416,449241.9617
1020030600,북한남삼거리,101,도로교차점,1,유,127.0023052,37.5420248,200203.7267,449168.3539
1020030700,남산3호터널남단,101,도로교차점,1,유,126.9884673,37.5441923,198980.8147,449408.9759
1020030800,남산관광고가차도(남측),104,도로시설물,0,무,127.0005661,37.5426776,200050.0281,449240.802
1020030900,주공이태원아파트,101,도로교차점,0,무,126.989073,37.5434472,199034.3352,449326.278
1020031000,청파치안센터,101,도로교차점,1,유,126.9707108,37.5441899,197411.6195,449409.0492
1020031200,용암초등학교,101,도로교차점,1,유,126.9910682,37.5443415,199210.6719,449425.5124
1020031300,남산2호터널_남산3호터널_진출,101,도로교차점,0,무,126.9893792,37.5439513,199061.3983,449382.2213
1020031400,농협남영동지점,101,도로교차점,1,유,126.9721744,37.544374,197540.9613,449429.4487
1020031500,버티고개삼거리,101,도로교차점,0,무,127.0021365,37.5443555,200188.8099,449427.029
1020031600,남산2호터널(남측),104,도로시설물,0,무,126.9900353,37.5445381,199119.3905,449447.3405
1020031700,남산3호터널_남산3호터널_진입,101,도로교차점,0,무,126.9882591,37.5448199,198962.4284,449478.6374
1020031800,명신프라자,101,도로교차점,1,유,126.967964,37.5447035,197168.8915,449466.1359
1020031900,숙명여대입구,101,도로교차점,1,유,126.9706297,37.5449336,197404.4757,449491.5994
1020032000,숙대입구역,101,도로교차점,1,유,126.9719989,37.5451178,197525.4831,449511.9988
1020032100,버티고개삼거리,104,도로시설물,0,무,127.002564,37.5457636,200226.5811,449583.3094
1020032200,용산2가새마을금고,101,도로교차점,0,무,126.9853488,37.5458559,198705.2506,449593.6554
1020032300,용산고교,101,도로교차점,0,무,126.9784763,37.5459521,198097.9248,449604.4504
1020032400,한남로거리,101,도로교차점,0,무,127.0025891,37.5462287,200228.8005,449634.9311
1020032500,용산2가동주민센터,101,도로교차점,1,유,126.9851839,37.5465877,198690.6985,449674.8827
1020032600,리차드빌딩,101,도로교차점,0,무,126.9633721,37.5465812,196763.1786,449674.6809
1020032700,한남로삼거리,101,도로교차점,0,무,127.0029448,37.5467593,200260.2299,449693.8275
1020032800,구립용산노인전문요양원,101,도로교차점,0,무,126.9615397,37.5468428,196601.2532,449703.7851
1020032900,버티고개삼거리,101,도로교차점,0,무,127.0026105,37.5468689,200230.6906,449705.987
1020033000,버티고개삼거리,101,도로교차점,0,무,127.0031532,37.546994,200278.6465,449719.8777
1020033100,용산구-마포구경계(3),101,도로교차점,1,유,126.9606623,37.5472954,196523.7443,449754.0454
1020033200,버티고개삼거리,101,도로교차점,0,무,127.0025731,37.5470328,200227.3833,449724.1771
1020033300,다산로거리,101,도로교차점,1,유,127.0041226,37.5475583,200364.3072,449782.5038
1020033400,버티고개삼거리,101,도로교차점,0,무,127.0030417,37.547379,200268.7924,449762.6071
1020033500,용산구-중구경계(1),105,행정경계,0,무,127.0054073,37.5477175,200477.8356,449800.1802
1020033600,장춘단길거리,101,도로교차점,0,무,127.0018991,37.5480255,200167.8214,449834.3553
1020033700,청파동삼거리,101,도로교차점,1,유,126.970067,37.5482662,197354.8662,449861.4876
1020033800,용산구-중구경계(5),105,행정경계,0,무,126.9942308,37.5483279,199490.185,449867.9292
1020033900,용산구-중구경계(4),105,행정경계,0,무,126.9972737,37.5488111,199759.0784,449921.5454
1020034000,청파1로-한강로진입로,101,도로교차점,0,무,126.9717419,37.5489912,197502.8984,449941.9081
1020034200,항강로-청파1로진출로,101,도로교차점,0,무,126.9717635,37.5496323,197504.8288,450013.0639
1020034300,용산구-중구경계(2),105,행정경계,0,무,126.9996839,37.5498725,199972.0711,450039.3425
1020034400,용산구-중구경계(3),105,행정경계,0,무,126.9985265,37.5499055,199869.79,450043.0114
1020034500,후암시장,101,도로교차점,0,무,126.9773229,37.5502315,197996.113,450079.4314
1020034600,동자노인정,101,도로교차점,1,유,126.974015,37.5503573,197703.8084,450093.4698
1020034700,동자주유소,101,도로교차점,1,유,126.9719925,37.5503635,197525.0863,450094.2156
1020034800,용산구-마포구경계(1),105,행정경계,1,유,126.9622886,37.5514151,196667.6427,450211.2288
1020034900,만리시장,101,도로교차점,1,유,126.9629712,37.5519324,196727.9811,450268.6161
1020035000,남산도서관,101,도로교차점,1,유,126.982079,37.5521355,198416.4309,450290.6619
1020035100,용산구-중구경계(6),105,행정경계,0,무,126.9843952,37.5527232,198621.113,450355.8554
1020035200,안중근의사기념관,101,도로교차점,1,유,126.9792894,37.5529371,198169.9512,450379.6878
1020035300,용산구-중구경계(7),105,행정경계,0,무,126.9793682,37.5533384,198176.9182,450424.2205
1020035400,동자로터리_한강로_진출,101,도로교차점,0,무,126.9727593,37.5532167,197592.9386,450410.8677
1020035500,벽산빌딩,101,도로교차점,1,유,126.9740866,37.5537319,197710.2378,450468.0147
1020035600,동자로터리_후암동길_진입,101,도로교차점,0,무,126.9737199,37.553838,197677.8404,450479.7945
1020035800,남산빌딩,101,도로교차점,0,무,126.978813,37.5540265,198127.8823,450500.6026
1020035900,공덕1동사무소,101,도로교차점,0,무,126.9657279,37.5541467,196971.6628,450514.2822
1020036000,소화아동병원,101,도로교차점,1,유,126.9690306,37.5543514,197263.4988,450536.9041
1020036100,서울역고가차도(서측)_2,101,도로교차점,0,무,126.9675625,37.5547631,197133.7914,450582.6439
1020036300,서부역_청파로_진입,101,도로교차점,0,무,126.9689579,37.5549697,197257.102,450605.5289
1020036600,서부역_만리재길_진출,101,도로교차점,0,무,126.9682247,37.5552022,197192.3258,450631.3605
1020036800,도동삼거리,101,도로교차점,1,유,126.9766171,37.5552108,197933.8828,450632.0942
1020036900,서울역서부,101,도로교차점,0,무,126.9691142,37.5561972,197270.9536,450741.7656
1020037000,용산구-마포구경계(6),105,행정경계,0,무,126.9447796,37.5344657,195119.3525,448330.8188
1020037100,용산구-마포구경계(5),105,행정경계,0,무,126.9447818,37.5344008,195119.5487,448323.6139
1020037200,용산구-마포구경계(4),105,행정경계,0,무,126.9448027,37.5338038,195121.3526,448257.3514
1020037300,강변북로-용호로램프(7),108,IC 및 JC,0,무,126.9524459,37.5306405,195796.726,447905.89
1020037400,강변북로-용호로램프(8),108,IC 및 JC,0,무,126.9525422,37.5304082,195805.2215,447880.1074
1020037500,성촌공원,101,도로교차점,0,무,126.9542694,37.5315794,195957.9535,448010.0175
1020037600,원효대교진출입고가차도,104,도로시설물,0,무,126.9568739,37.5332016,196188.2441,448189.96
1020037700,강변북로-한강로램프(3),101,도로교차점,0,무,126.9614504,37.5219169,196592.2325,446937.3126
1020037800,용산파크자이D동,102,도로시.종점,1,유,126.9714696,37.5364547,197478.4163,448550.5123
1020037900,삼각지고가차도(동측),104,도로시설물,0,무,126.972903,37.5360259,197605.0858,448502.8872
1020038000,왕궁아파트,108,IC 및 JC,0,무,126.9774762,37.5165817,198008.7674,446344.7172
1020038100,반도아파트,108,IC 및 JC,0,무,126.9822799,37.5164311,198433.4365,446327.9074
1020038200,강변북로-동작대로램프(7),108,IC 및 JC,0,무,126.986854,37.5167456,198837.8145,446362.7525
1020038300,서울용암초등학교,101,도로교차점,0,무,126.988563,37.5429566,198989.258,449271.8307
1020038400,서빙고지하차도(남측),104,도로시설물,0,무,126.9918153,37.5185782,199276.4458,446566.101
1020038500,잠수교진출입_분기점1,102,도로시.종점,0,무,126.9936159,37.5220022,199435.6447,446946.103
1020038600,잠수교진출입_분기점2,101,도로교차점,0,무,126.9937503,37.5220171,199447.5304,446947.7555
1020038700,반포대교북단,108,IC 및 JC,0,무,126.9954158,37.5195776,199594.7418,446677.0007
1020038800,강변북로-반포로램프(6),108,IC 및 JC,0,무,126.9960944,37.5201506,199654.7404,446740.5868
1020038900,케이마켓,102,도로시.종점,0,무,126.9999754,37.5346133,199997.8265,448345.7649
1020039000,한남2동지하차도(남측),104,도로시설물,0,무,127.0004558,37.5343344,200040.283,448314.8098
1020039100,강변북로-반포로램프(8),108,IC 및 JC,0,무,127.0017511,37.5227408,200154.7978,447028.0608
1070011000,기분좋은날,101,도로교차점,1,유,127.0149384,37.5923997,201319.3081,454759.4764
1070011100,개운산입구,101,도로교차점,1,유,127.0363485,37.5924922,203210.1679,454770.2657
1070011200,제일은행,101,도로교차점,1,유,127.015812,37.5924968,201396.4607,454770.2714
1070011300,성북빌라,101,도로교차점,1,유,126.9924738,37.592537,199335.3137,454774.6422
1070011400,성신여대입구역,101,도로교차점,1,유,127.0164916,37.5926827,201456.4683,454790.909
1070011600,대한경노당,103,속성변화점,0,무,126.9911059,37.5927577,199214.5047,454799.1427
1070011700,성북초교앞,101,도로교차점,1,유,126.9976181,37.5928905,199789.6408,454813.8482
1070011900,실과바늘,101,도로교차점,1,유,127.0163587,37.5933578,201444.7208,454865.8391
1070012000,영샘약국,101,도로교차점,0,무,126.9960686,37.5935327,199652.798,454885.1271
1070012100,국민은행(종암동지점),101,도로교차점,1,유,127.036184,37.5935518,203195.5946,454887.8626
1070012300,인현당약국,101,도로교차점,0,무,126.9991863,37.5944921,199928.1416,454991.6045
1070012400,한신한진아파트114동,101,도로교차점,0,무,127.0118654,37.5944765,201047.8787,454989.936
1070012500,명수학교,101,도로교차점,0,무,126.9912041,37.5947676,199223.2062,455022.2175
1070012600,보현사(조계종),101,도로교차점,0,무,127.0135458,37.5949215,201196.2766,455039.3532
1070012700,엔젤오피스텔,101,도로교차점,0,무,127.020385,37.595348,201800.2587,455086.7993
1070012800,성북구민회관,101,도로교차점,0,무,127.0090815,37.5956792,200802.0068,455123.4007
1070012900,삼청터널(북측),104,도로시설물,0,무,126.9836861,37.5959308,198559.2826,455151.4113
1070013000,풍림아파트,101,도로교차점,1,유,127.0225413,37.5963082,201990.6629,455193.412
1070013100,팔정사,101,도로교차점,0,무,126.9862746,37.5963316,198787.8831,455195.8614
1070013200,한국전사(주),101,도로교차점,0,무,126.985595,37.596486,198727.8755,455213.0064
1070013300,흥천사입구,101,도로교차점,0,무,127.0153922,37.5964675,201359.3131,455210.9623
1070013500,미아리고개,101,도로교차점,1,유,127.0214041,37.5967887,201890.2172,455246.7138
1070013600,돈암동풍림아파트,101,도로교차점,0,무,127.022633,37.597089,201998.7416,455280.0698
1070013700,캐나다관저,101,도로교차점,0,무,126.9864613,37.5973071,198804.3931,455304.1291
1070013800,파푸아뉴기니아대사관저,101,도로교차점,0,무,126.991076,37.5975412,199211.9191,455330.0555
1070013900,백악산앞삼거리,101,도로교차점,0,무,126.9877124,37.5977335,198914.8833,455351.4367
1070014000,녹야원(조계종),101,도로교차점,0,무,127.0049337,37.5977368,200435.6925,455351.7467
1070014100,성가정입양원,101,도로교차점,0,무,127.0026515,37.5977406,200234.1569,455352.1599
1070014200,월송길삼거리,101,도로교차점,1,유,127.0424383,37.5978286,203747.7279,455362.769
1070014300,월곡래미안 루나밸리후문,101,도로교차점,0,무,127.0412231,37.5978081,203640.4127,455360.4407
1070014400,삼진파크빌라,101,도로교차점,0,무,127.0052393,37.5979693,200462.6801,455377.5436
1070014500,향리미술학원,101,도로교차점,1,유,127.0330025,37.5979633,202914.4478,455377.3851
1070014600,미아리고개예술극장,101,도로교차점,1,유,127.0217557,37.598138,201921.237,455396.4788
1070014700,성북성심빌딩,101,도로교차점,0,무,127.0212815,37.5981777,201879.3613,455400.8788
1070014800,타운하우스,101,도로교차점,0,무,126.9893877,37.5983501,199062.8386,455419.8581
1070014900,고명중고,101,도로교차점,0,무,127.020523,37.5985211,201812.3687,455438.9789
1070015000,별장빌라,102,도로시.종점,0,무,127.026898,37.5986986,202375.3317,455458.824
1070015100,종암동 근린생활시설,103,속성변화점,0,무,127.0343286,37.5987416,203031.5182,455463.8088
1070015200,정릉대림e편한세상,101,도로교차점,0,무,127.0191407,37.5988947,201690.2897,455480.4127
1070015300,정릉산정빌라,101,도로교차점,0,무,127.0065284,37.5992074,200576.5153,455514.9692
1070015400,상신하이츠빌리지,101,도로교차점,0,무,127.00553,37.5992351,200488.3447,455518.0377
1070015500,월곡역입구,108,IC 및 JC,0,무,127.0406221,37.5957245,203587.4337,455129.1624
1070015600,성북SUNhouse.3,101,도로교차점,0,무,126.9923987,37.599303,199328.7454,455525.5858
1070015700,수양부모협회입구,101,도로교차점,0,무,127.0021159,37.5994856,200186.8493,455545.8352
1070015800,스카이수성빌라,102,도로시.종점,0,무,127.0026642,37.5995117,200235.2703,455548.7294
1070015900,숲속의집,101,도로교차점,0,무,127.0030432,37.5995868,200268.7401,455557.0638
1070016000,세복맨션,101,도로교차점,0,무,127.0292383,37.599645,202581.9717,455563.9273
1070016100,스카이힐스빌라,101,도로교차점,0,무,127.0035091,37.5996666,200309.8829,455565.9274
1070016200,오리엔트공인중개사,101,도로교차점,0,무,126.9923148,37.5996996,199321.3371,455569.6125
1070016300,월곡동길-고암길진입로,101,도로교차점,0,무,127.0405431,37.5996991,203580.2731,455570.2941
1070016400,월곡동길-고암길진출로,101,도로교차점,0,무,127.0402101,37.5998394,203550.8557,455585.858
1070016500,죽림정사(조계종),101,도로교차점,0,무,127.0290659,37.5999559,202566.7317,455598.4291
1070016600,영희피아노학원,101,도로교차점,1,유,127.0340563,37.6000252,203007.4225,455606.2607
1070016700,월곡래미안 루나밸리 상가동,101,도로교차점,0,무,127.0410662,37.6000833,203626.4426,455612.9595
1070016800,월곡래미안 루나밸리,101,도로교차점,1,유,127.0416557,37.6001137,203678.5004,455616.3523
1070016900,월곡역입구,108,IC 및 JC,0,무,127.0404506,37.6003036,203572.076,455637.3876
1070017000,효성특수유리,101,도로교차점,1,유,127.0338815,37.6004639,202991.9709,455654.9442
1070017100,동은교회,101,도로교차점,0,무,127.043124,37.600423,203808.1465,455650.7482
1070017200,주한핀란드대사관저,101,도로교차점,0,무,126.9952102,37.6005465,199577.0309,455663.5927
1070017300,월곡역입구,108,IC 및 JC,0,무,127.0407481,37.6006544,203598.3227,455676.3344
1070017500,이북오도신문사,101,도로교차점,0,무,127.0219937,37.6006865,201942.1866,455679.346
1070017600,아리랑고개,101,도로교차점,0,무,127.0140305,37.6008759,201238.9804,455700.2308
1070017700,종암2치안센터,101,도로교차점,1,유,127.0337139,37.6008129,202977.1542,455693.6792
1070018100,길음교_미아로_진입_2,101,도로교차점,0,무,127.0218583,37.6006955,201930.2278,455680.3396
1070018200,원조산천칡냉면,101,도로교차점,0,무,127.0410503,37.6011777,203624.9874,455734.4286
1070018300,길음교,101,도로교차점,0,무,127.0221901,37.6016432,201959.5081,455785.525
1070018400,아이파크 종암동 아파트,101,도로교차점,1,유,127.0288675,37.6015007,202549.1633,455769.8794
1070018500,육화사(조계종),101,도로교차점,1,유,126.9972459,37.6017646,199756.7947,455798.7721
1070018600,길음교_정릉길_진입_1,101,도로교차점,0,무,127.0214035,37.601771,201890.0433,455799.7021
1070018700,종암SK아파트,101,도로교차점,0,무,127.0385699,37.6018738,203405.9173,455811.5897
1070018800,복선교,101,도로교차점,1,유,127.0237389,37.6018434,202096.2669,455807.7796
1070018900,미진미싱,101,도로교차점,0,무,127.0210508,37.6018656,201858.8938,455810.1946
1070019000,북악골프연습장,101,도로교차점,1,유,126.9980171,37.6019076,199824.8986,455814.6472
1070019100,종로컴퓨터학원,101,도로교차점,0,무,127.0222411,37.6023319,201963.9897,455861.9737
1070019200,현대아파트(돈암동),101,도로교차점,1,유,127.0242735,37.6019806,202143.4686,455823.0197
1070019300,이삭교회_정릉길_진출_1,101,도로교차점,0,무,127.0375944,37.6020362,203319.7688,455829.5814
1070019500,월곡역,101,도로교차점,0,무,127.0415723,37.602335,203671.0224,455862.8973
1070019600,북악골프연습장,101,도로교차점,1,유,126.9973969,37.6022795,199770.1297,455855.9222
1070019800,성북소방서,101,도로교차점,1,유,127.0325809,37.6024781,202877.0356,455878.4646
1070019900,이삭교회_정릉길_진입_2,101,도로교차점,0,무,127.0377888,37.6026197,203336.9138,455894.3515
1070020000,종암JC,108,IC 및 JC,0,무,127.0342239,37.6026584,203022.1126,455898.5292
1070020100,서우철강빌딩,101,도로교차점,1,유,127.0226131,37.6026761,201996.8313,455900.1843
1070020200,종암JC,108,IC 및 JC,0,무,127.0343649,37.6028736,203034.558,455922.4174
1070020300,종암사거리_종암로_진입_2,101,도로교차점,0,무,127.0324386,37.6026403,202864.4668,455896.4596
1070020400,종암사거리_종암로_진출_1,101,도로교차점,0,무,127.0325671,37.6026756,202875.8083,455900.3801
1070020600,도원프라자,101,도로교차점,0,무,127.0312147,37.6028103,202756.3854,455915.2947
1070020700,종암사거리_정릉길_진입_1,101,도로교차점,0,무,127.0329748,37.6029007,202911.809,455925.374
1070021000,종암사거리_정릉길_진출_1,101,도로교차점,0,무,127.033306,37.603157,202941.0413,455953.8382
1070021200,돈암1동주민센터,101,도로교차점,1,유,127.0258513,37.6033423,202282.7588,455974.1945
1070021300,종암사거리,101,도로교차점,1,유,127.0322053,37.6033798,202843.8353,455978.5288
1070021400,월곡시장,101,도로교차점,1,유,127.0429569,37.6033669,203793.2412,455977.4802
1070021500,아리랑로터리_아리랑고개길_진입,101,도로교차점,0,무,127.0132651,37.6030893,201171.3588,455945.8825
1070021600,정수초등학교,102,도로시.종점,0,무,127.0077333,37.603389,200682.8778,455979.096
1070021700,아리랑로터리_아리랑고개길_진출,101,도로교차점,0,무,127.0133987,37.603109,201183.1572,455948.0729
1070021800,종암사거리_정릉길_진출_2,101,도로교차점,0,무,127.0314146,37.6036806,202774.0054,456011.8888
1070022000,서경대입구,101,도로교차점,0,무,127.0148038,37.6036233,201307.2199,456005.1712
1070022100,아리랑로터리_정릉길_진입_1,101,도로교차점,0,무,127.0141533,37.603502,201249.7789,455991.7041
1070022200,종암사거리_정릉길_진입_2,101,도로교차점,0,무,127.0314869,37.6037721,202780.3861,456022.0519
1070022300,성산빌딩,101,도로교차점,0,무,127.0299207,37.6037223,202642.0852,456016.4716
1070022400,종암사거리_종암로_진출_2,101,도로교차점,0,무,127.031916,37.6040418,202818.2619,456051.9999
1070022500,종암사거리_종암로_진입_1,101,도로교차점,0,무,127.0321194,37.6038516,202836.2359,456030.8937
1070022600,아리랑로터리_정릉길_진출_1,101,도로교차점,0,무,127.0124818,37.603969,201102.1798,456043.515
1070022800,생명의전화(종합복지관),101,도로교차점,0,무,127.0374329,37.603941,203305.4275,456040.9903
1070022900,부민약국,101,도로교차점,0,무,127.0424912,37.6041353,203752.0825,456062.7397
1040027000,동부간선도로-천호대로램프(6),108,IC 및 JC,0,무,127.0750804,37.5627515,206633.4606,451471.4159
1040027100,동성교회,101,도로교차점,1,유,127.0833665,37.5642162,207365.4019,451634.5908
1040027200,동곡삼거리,101,도로교차점,1,유,127.0764824,37.5642267,206757.1928,451635.241
1040027300,광진구-동대문구경계(1),105,행정경계,0,무,127.0746082,37.5642373,206591.6088,451636.2852
1040027400,동부간선도로-천호대로램프(7),108,IC 및 JC,0,무,127.0763089,37.5653849,206741.7611,451763.7823
1040027500,광제사약국,101,도로교차점,1,유,127.0808208,37.5651052,207140.4091,451733.0697
1040027600,중원주유소,101,도로교차점,1,유,127.0776177,37.5662303,206857.3113,451857.7032
1040027700,용곡삼거리_중곡동길_진입_1,101,도로교차점,0,무,127.086064,37.5683522,207603.3094,452093.8555
1040027800,용곡삼거리_능동로_진출_1,101,도로교차점,0,무,127.0857251,37.5683944,207573.3613,452098.5131
1040027900,용곡삼거리,101,도로교차점,0,무,127.0860881,37.5690318,207605.3618,452169.2884
1040028000,장평교,101,도로교차점,1,유,127.0800769,37.5717192,207074.0584,452467.0927
1040028100,광진구-중랑구경계(1),105,행정경계,0,무,127.0792395,37.5717861,207000.0762,452474.4525
1040028200,광진구-동대문구경계(2),105,행정경계,0,무,127.0782612,37.571863,206913.6487,452482.9106
1040028300,강변북로-일반국도47호선램프(14),108,IC 및 JC,1,유,127.0598311,37.5347375,205288.1358,448361.224
1040028400,비츠로,104,도로시설물,0,무,127.0608316,37.5366539,205376.4311,448573.9859
1040028500,강변북로-일반국도47호선램프(12),108,IC 및 JC,0,무,127.0614388,37.5326115,205430.391,448125.3607
1040028600,동부간선도로-강변북로램프(14),108,IC 및 JC,0,무,127.0628711,37.5322114,205557.0155,448081.0368
1040028700,청담대교진입고가차로,104,도로시설물,0,무,127.0700548,37.5387127,206191.426,448803.0493
1040028800,강변북로-일반국도3호선램프(19),108,IC 및 JC,0,무,127.0866791,37.5285228,207661.7203,447673.318
1040028900,강변북로-일반국도3호선램프(17),108,IC 및 JC,0,무,127.0870427,37.5303858,207693.6726,447880.1188
1040029000,강변북로-일반국도3호선램프(18),108,IC 및 JC,0,무,127.0882212,37.5298178,207797.8992,447817.1727
1040029100,광장중앞지하차도(서측),104,도로시설물,0,무,127.1005721,37.5460228,208887.6766,449616.8324
1050000100,군자교서단,104,도로시설물,0,무,127.0712296,37.5604127,206293.4308,451211.572
1050000200,청계9가,101,도로교차점,1,유,127.0303343,37.5700618,202679.8134,452280.5487
1050000400,마장램프(내부순환로),108,IC 및 JC,0,무,127.0343608,37.5761927,203035.2766,452961.1384
1050001300,삼육서울병원앞,101,도로교차점,1,유,127.0634964,37.5904749,205607.9194,454547.6345
1050001500,중랑교서측,104,도로시설물,0,무,127.0696515,37.5922808,206151.3746,454748.4536
1050001600,월곡역입구,108,IC 및 JC,0,무,127.0404693,37.5956776,203573.9416,455123.9544
1050001900,신답역,101,도로교차점,1,유,127.0486994,37.5698765,204302.247,452260.6752
1050002000,신답육교,101,도로교차점,0,무,127.0498171,37.570916,204400.9324,452376.0981
1050002200,장안동사거리,101,도로교차점,1,유,127.0717038,37.5723439,206334.3159,452535.8274
1050002400,촬영소사거리,101,도로교차점,1,유,127.0663226,37.5727704,205858.9116,452582.8175
1050002500,답십리사거리,101,도로교차점,1,유,127.0574525,37.5729086,205075.3201,452597.6342
1050002600,동대문중,101,도로교차점,1,유,127.0522534,37.5733611,204616.0025,452647.5876
1050002700,숭인중학교,101,도로교차점,1,유,127.0458056,37.5738737,204046.39,452704.1821
1050003000,전농1동,101,도로교차점,0,무,127.0475659,37.5760254,204201.77,452943.0749
1050003200,전농동사거리,101,도로교차점,1,유,127.0578074,37.5775511,205106.3527,453112.913
1050003700,제기사거리,101,도로교차점,1,유,127.0386218,37.5829582,203411.3679,453712.1789
1050003800,동대문경찰서,101,도로교차점,0,무,127.0442739,37.5831292,203910.5966,453731.3745
1050004000,휘경여중고,101,도로교차점,1,유,127.0680904,37.5840473,206014.1664,453834.5302
1050004100,전동중교앞,101,도로교차점,0,무,127.0721379,37.5849616,206371.5927,453936.276
1050004300,홍파초교,101,도로교차점,1,유,127.0384066,37.5866057,203392.1925,454117.0009
1050004400,영휘원,101,도로교차점,1,유,127.0430936,37.5867428,203806.1566,454132.3954
1050004500,휘경빗물펌프장,101,도로교차점,0,무,127.0688458,37.5896485,206080.4314,454456.2494
1050004600,고대앞삼거리,101,도로교차점,1,유,127.0364403,37.5896615,203218.3948,454456.0836
1050005000,고려대역교차로,101,도로교차점,0,무,127.0363771,37.5912556,203212.7396,454633.0155
1050005200,세종대왕기념관,101,도로교차점,0,무,127.0425031,37.5913916,203753.769,454648.3339
1050005500,경희대,102,도로시.종점,0,무,127.0526778,37.5938626,204652.2251,454923.0429
1050005600,외대앞역,101,도로교차점,1,유,127.0645945,37.5946184,205704.5867,455007.584
1050005700,외국어대,101,도로교차점,0,무,127.0602623,37.5964743,205321.8588,455213.3134
1050005900,이문동삼거리,101,도로교차점,1,유,127.0620749,37.6029975,205481.4558,455937.4265
1050006100,화승상사,101,도로교차점,0,무,127.0701836,37.5613042,206200.9402,451310.4508
1050006200,장안독길진입로,101,도로교차점,0,무,127.0710991,37.5612561,206281.828,451305.1728
1050006300,동부간선도로-천호대로램프(10),108,IC 및 JC,0,무,127.0720004,37.5621204,206361.39,451401.1538
1050006400,천호대로_장한로_진입,101,도로교차점,0,무,127.0651095,37.562193,205752.5579,451408.7697
1050006500,장한로_천호대로_진출,101,도로교차점,0,무,127.06499,37.5622444,205741.998,451414.4695
1050006700,군자초교,101,도로교차점,1,유,127.0587055,37.5637736,205186.6406,451583.8282
1050006800,동부간선도로-천호대로램프(9),108,IC 및 JC,0,무,127.072876,37.5636575,206438.6183,451571.8126
1050006900,장평중삼거리,101,도로교차점,0,무,127.0727644,37.5641084,206428.7194,451621.8489
1050007000,황물길-천호대로진출로,101,도로교차점,1,유,127.0568248,37.5642054,205020.4532,451631.6418
1050007100,서광아침의빛 아파트,101,도로교차점,1,유,127.0731148,37.5647108,206459.6228,451688.7357
1050007200,장평중교앞,101,도로교차점,0,무,127.0704724,37.5649702,206226.1509,451717.3434
1050007300,답십리5지구대,101,도로교차점,1,유,127.0571228,37.5649301,205046.7287,451712.0985
1050007400,장평중교,101,도로교차점,0,무,127.0708204,37.5655593,206256.8427,451782.7485
1050007500,장안동우리은행,101,도로교차점,1,유,127.0676894,37.5660226,205980.1938,451833.972
1050007600,답십리1동,101,도로교차점,1,유,127.0555975,37.5660885,204911.8968,451840.5804
1050007700,승용빌딩,101,도로교차점,1,유,127.0680517,37.566585,206012.1555,451896.4138
1050007800,동부간선도로-천호대로램프(8),108,IC 및 JC,0,무,127.0749756,37.566939,206623.8315,451936.1707
1050007900,장안유도관,101,도로교차점,1,유,127.0622443,37.566951,205499.0613,451936.6773
1050008000,신봉교회,101,도로교차점,0,무,127.0646368,37.5670414,205710.4241,451946.8611
1050008100,장안시장,101,도로교차점,1,유,127.0626712,37.5675191,205536.738,451999.754
1050008200,답십리초교,101,도로교차점,0,무,127.053677,37.5675197,204742.1397,451999.3307
1050008300,동양빌딩,101,도로교차점,1,유,127.0687787,37.5677041,206076.2906,452020.6623
1050008400,나나약국,101,도로교차점,0,무,127.0724787,37.5678163,206403.1575,452033.3624
1050008500,삼희아파트,101,도로교차점,1,유,127.052815,37.5681666,204665.9396,452071.0859
1050008700,한일상사,101,도로교차점,1,유,127.0751644,37.568312,206640.3865,452088.5748
1050008800,장안현대벤처빌,101,도로교차점,1,유,127.0694397,37.568724,206134.6049,452133.9042
1050008900,한양빌라,101,도로교차점,0,무,127.0729297,37.5688512,206442.9116,452148.2565
1050009100,답십리근린생활시설,101,도로교차점,0,무,127.0518308,37.5688955,204578.9444,452151.9427
1050009200,아시아나빌딩,101,도로교차점,1,유,127.0701435,37.5698141,206196.6899,452254.9367
1050009300,장안동영신맨션,101,도로교차점,0,무,127.0670659,37.5699912,205924.7899,452274.3983
1050009400,장안동현대홈타운,101,도로교차점,0,무,127.0735903,37.5699965,206501.173,452275.4155
1050009700,신답고가차도(남측),104,도로시설물,0,무,127.0492345,37.570348,204349.4973,452313.0213
1050009800,동탑초등학교,101,도로교차점,1,유,127.065176,37.5708735,205757.7673,452372.2047
1050009900,경남호텔,101,도로교차점,1,유,127.0708885,37.5709679,206262.4125,452383.0482
1050010000,신마운수,101,도로교차점,1,유,127.0767152,37.5713052,206777.1235,452420.8922
1050010100,현대홈타운상가앞,101,도로교차점,0,무,127.0743979,37.5714859,206572.3945,452440.7848
1050010200,화성빌라,101,도로교차점,1,유,127.0727403,37.5716085,206425.9474,452454.2786
1050010300,우진빌딩,101,도로교차점,1,유,127.0713747,37.5717178,206305.2971,452466.3172
1050010400,장평교서측,101,도로교차점,1,유,127.0768597,37.5719841,206789.8235,452496.2457
1050010500,서울시설공단,108,IC 및 JC,0,무,127.0350512,37.5721367,203096.4359,452510.9891
1050010600,장안APT,101,도로교차점,1,유,127.0744662,37.5721649,206578.3681,452516.1424
1050010700,세현빌딩,101,도로교차점,0,무,127.0682584,37.572098,206029.9712,452508.3066
1050010800,신답고가차도(북측),104,도로시설물,0,무,127.050335,37.5714803,204446.6525,452438.7516
1050010900,영일빌딩,101,도로교차점,1,유,127.0738697,37.5722091,206525.663,452521.0107
1050011000,장한로_답십리로_진입,101,도로교차점,0,무,127.0724406,37.5722461,206399.4122,452525.0205
1050011100,대일카공업사,101,도로교차점,1,유,127.0728107,37.5722784,206432.1061,452528.6307
1050011200,답십리로_장한로_진출,101,도로교차점,0,무,127.0724506,37.5723539,206400.293,452536.9882
1050011300,황학교(북단)_난계로_진출_1,101,도로교차점,0,무,127.0232934,37.5723865,202057.7428,452538.3892
1050011400,장한로_답십리로_진입,101,도로교차점,0,무,127.0706253,37.5724832,206239.031,452551.212
1050011500,성동구청,101,도로교차점,0,무,127.0360657,37.5724818,203186.0373,452549.3273
1050011600,장안동사무소,101,도로교차점,0,무,127.0685316,37.5725937,206054.0687,452563.3441
1050011700,서울시설공단,108,IC 및 JC,0,무,127.0374008,37.5726883,203303.9749,452572.2872
1050011800,성복교회,101,도로교차점,0,무,127.0769356,37.5726653,206796.4673,452571.8608
1050011900,답십리2파출소,101,도로교차점,1,유,127.0609651,37.5728534,205385.624,452591.7075
1050012000,두산위브아파트106동앞,101,도로교차점,1,유,127.0359011,37.5727417,203171.4852,452578.167
1050012100,답십리지구대앞,101,도로교차점,1,유,127.055066,37.5728697,204864.4996,452593.1892
1050012200,장평유치원,101,도로교차점,0,무,127.0739168,37.5728932,206529.7668,452596.9433
1050012300,장안중앙교회,101,도로교차점,0,무,127.0729003,37.5729601,206439.967,452604.2987
1050012400,삼부빌딩,101,도로교차점,1,유,127.0718186,37.5730223,206344.3993,452611.125
1050012600,거북빌딩,101,도로교차점,0,무,127.0688896,37.5732457,206085.6363,452635.7313
1050012700,마장동사거리_고산자로_진출_1,101,도로교차점,0,무,127.0379801,37.5732007,203355.1261,452629.1823
1050012800,마장동사거리_고산자로_진입_1,101,도로교차점,0,무,127.0381157,37.5731948,203367.1082,452628.5275
1050012900,마장램프(내부순환로),108,IC 및 JC,0,무,127.0344966,37.5761958,203047.272,452961.4794
1050013200,성심의원_고산자로_진출_1,101,도로교차점,0,무,127.0381443,37.5736073,203369.6102,452674.3138
1050013500,성심의원_하정로_진입_1,101,도로교차점,0,무,127.0385907,37.5738951,203409.0312,452706.2768
1050013600,시립동부병원앞,101,도로교차점,1,유,127.0306833,37.5739331,202710.5051,452710.2329
1050013700,동광동대문베르빌,101,도로교차점,1,유,127.0268007,37.5739671,202367.5264,452713.9022
1050014000,재덕정밀,101,도로교차점,1,유,127.0342364,37.5740247,203024.3765,452720.5131
1050014100,성심의원_하정로_진출_1,101,도로교차점,0,무,127.0386386,37.5739963,203413.2642,452717.5055
1050014200,전농초교,101,도로교차점,1,유,127.0528974,37.5740367,204672.8585,452722.5989
1050014300,용두4교,101,도로교차점,1,유,127.035081,37.5740483,203098.9892,452723.1589
1050014400,동대문구청,101,도로교차점,1,유,127.0380736,37.5741082,203363.3459,452729.9113
1050014500,대원빌딩,101,도로교차점,1,유,127.0373214,37.5741096,203296.8979,452730.0381
1050014800,동광베르빌,101,도로교차점,1,유,127.0257896,37.5744007,202278.1944,452762.0015
1050014900,성심의원_고산자로_진입_1,101,도로교차점,0,무,127.0381668,37.5745178,203371.5614,452775.3732
1050015000,양지교회,101,도로교차점,0,무,127.0576112,37.574885,205089.2076,452817.0024
1050015100,성화약국,101,도로교차점,0,무,127.0267303,37.5749202,202361.2737,452819.6808
1050015200,장안2단지,101,도로교차점,0,무,127.0767146,37.575056,206776.7293,452837.1855
1050015300,신설동역_난정로_진입_1,101,도로교차점,0,무,127.0231834,37.5750564,202047.949,452834.7198
1050015400,신설동역_난계로_진출_1,101,도로교차점,0,무,127.0233192,37.5750604,202059.941,452835.1585
1050015500,삼성레미안아파트,101,도로교차점,0,무,127.0741174,37.5752026,206547.2822,452853.2722
1050015600,신설동역_하정로_진입_1,101,도로교차점,0,무,127.0238258,37.5752497,202104.6884,452856.1832
1050015700,장안2파출소앞,101,도로교차점,1,유,127.0719879,37.5753093,206359.1631,452864.9668
1050015800,신설동역_하정로_진출_1,101,도로교차점,0,무,127.0238926,37.5753438,202110.5891,452866.6322
1050015900,천주교장안동교회,101,도로교차점,0,무,127.0696957,37.5755384,206156.6624,452890.2437
1050016000,이화빌딩,101,도로교차점,0,무,127.0673964,37.575403,205953.5614,452875.0723
1050016100,청량리교회,101,도로교차점,0,무,127.0450974,37.5754874,203983.7366,452883.2525
1050016200,신설동역_일반국도6호선_진입_1,101,도로교차점,0,무,127.023906,37.5757918,202111.7606,452916.3558
1050016300,장안LPG,101,도로교차점,0,무,127.0675655,37.5759448,205968.4506,452935.2131
1050016400,신설동역_일반국도6호선_진출_3,101,도로교차점,0,무,127.0238534,37.5758915,202107.1066,452927.4166
1050016600,SK아파트,101,도로교차점,0,무,127.0616267,37.5759016,205443.8438,452930.0515
1050016800,신설동역_보문로_진출_1,101,도로교차점,0,무,127.0231464,37.5761746,202044.6509,452958.8217
1050016900,신설동역_보문로_진입_1,101,도로교차점,0,무,127.0232822,37.5761765,202056.649,452959.0351
1050017100,동화빌딩,101,도로교차점,1,유,127.0676941,37.576357,205979.7777,452980.9657
1050017200,동대문등기소앞,101,도로교차점,1,유,127.026175,37.5765243,202312.1746,452997.7022
1050017300,동대부고,101,도로교차점,0,무,127.076514,37.5767791,206758.8473,453028.4173
1050017400,장안동정은스카이빌아파트101동,101,도로교차점,0,무,127.074208,37.5768994,206555.1404,453041.6029
1050017500,용두동 롯데캐슬피렌체 아파트,101,도로교차점,0,무,127.0349955,37.5768613,203091.3162,453035.3679
1050017600,전농119안전센터,101,도로교차점,1,유,127.0458316,37.5769091,204048.523,453041.0768
1050017700,안암대교,101,도로교차점,1,유,127.0279214,37.5770149,202466.427,453052.2065
1050017800,전농동사거리_전농로_진출_1,101,도로교차점,0,무,127.0578623,37.5769638,205111.2472,453047.7383
1050017900,전농동사거리_전농로_진입_2,101,도로교차점,0,무,127.0577268,37.5769711,205099.2739,453048.5379
1050018000,용두동사거리_무학로_진입_2,101,도로교차점,0,무,127.0304394,37.5772948,202688.8364,453083.3342
1050018100,용두동사거리_무학로_진출_1,101,도로교차점,0,무,127.0305751,37.5772993,202700.8259,453083.8356
1050018200,전농동사거리_사가정길_진출_2,101,도로교차점,0,무,127.0573485,37.5772255,205065.8413,453076.754
1050018300,전농동사거리_사가정길_진입_2,101,도로교차점,0,무,127.0573013,37.577335,205061.6638,453088.9114
1050018400,용두동사거리_일반국도6호선_진,101,도로교차점,0,무,127.0299497,37.5775488,202645.5772,453111.5155
1050018500,전농동사거리_사가정길_진입_1,101,도로교차점,0,무,127.058703,37.5776152,205185.4625,453120.0854
1050018600,용두동사거리_국도6호선_진입_2,101,도로교차점,0,무,127.0299026,37.5776502,202641.4079,453122.7679
1050018700,전농동사거리_사가정길_진출_1,101,도로교차점,0,무,127.0586829,37.5777222,205183.6748,453131.9515
1050018800,용두동사거리,101,도로교차점,1,유,127.0304887,37.5777652,202693.1753,453135.5504
1050018900,동부간선도로-사가정길램프(8),108,IC 및 JC,0,무,127.0769284,37.5774684,206795.394,453104.9459
1050019000,용두동사거리_국도6호선_진입_1,101,도로교차점,0,무,127.0310923,37.577873,202746.4931,453147.5267
1050019300,전농동사거리_전농로_진출_2,101,도로교차점,0,무,127.0574319,37.5780248,205073.1485,453165.477
1050019400,용두동사거리_일반국도6호선_진,101,도로교차점,0,무,127.0310482,37.5779752,202742.5935,453158.8754
1050019500,배봉산공원지하차도(서측),104,도로시설물,0,무,127.0622839,37.5780991,205501.7431,453173.9914
1050019600,전농동사거리_전농로_진입_1,101,도로교차점,0,무,127.0575495,37.5780789,205083.5388,453171.4806
1050019700,용두동소방파출소_일반국도6호선,101,도로교차점,0,무,127.0313324,37.5780479,202767.692,453166.951
1050019800,용두동소방파출소,101,도로교차점,0,무,127.0322116,37.5781871,202845.3532,453182.4227
1050020100,용두 치안센터,101,도로교차점,1,유,127.0341606,37.5781633,203017.515,453179.845
1050020200,제기동역,101,도로교차점,1,유,127.0349488,37.5781716,203087.1407,453180.7942
1050020300,롯데불로장생센터,101,도로교차점,1,유,127.0368179,37.5781806,203252.241,453181.8526
1050020400,한방천하 용두동 포스빌,101,도로교차점,1,유,127.0364644,37.5781807,203221.0201,453181.8526
1050020500,배봉산공원,101,도로교차점,0,무,127.0635854,37.5782553,205616.6952,453191.4107
1050020600,경동시장,101,도로교차점,1,유,127.0383275,37.5781777,203385.5913,453181.588
1050020800,장안동삼거리_장한로_진출_1,101,도로교차점,0,무,127.0722617,37.578289,206383.0946,453195.6986
1050020900,대광중고교,101,도로교차점,1,유,127.0231621,37.578387,202045.9797,453204.3711
1050021000,장안동삼거리_장한로_진입_1,101,도로교차점,0,무,127.0721259,37.5782929,206371.102,453196.1197
1050021100,용두동사거리_무학로_진출_2,101,도로교차점,0,무,127.0303386,37.578192,202679.9081,453182.9133
1050021200,용두동사거리_무학로_진입_1,101,도로교차점,0,무,127.030473,37.5782082,202691.7719,453184.7164
1050021300,동부파크연립,101,도로교차점,0,무,127.0743008,37.5783642,206563.2102,453204.1897
1050021400,배봉산공원지하차도(동측),104,도로시설물,0,무,127.0652069,37.5784652,205759.9133,453214.7997
1050021500,일동제약,101,도로교차점,0,무,127.0269201,37.5784729,202377.9266,453214.002
1050021600,보은빌딩,101,도로교차점,0,무,127.0276546,37.5786458,202442.8026,453233.2108
1050021700,배봉초교,101,도로교차점,1,유,127.0684037,37.5786776,206042.2784,453238.5727
1050021900,샤인빌딩,101,도로교차점,1,유,127.0303108,37.5786986,202677.4321,453239.136
1050022000,장안4동사무소,101,도로교차점,0,무,127.0702429,37.5787647,206204.7329,453248.3623
1050022100,장안동삼거리_사가정길_진출_1,101,도로교차점,0,무,127.071568,37.5787717,206321.7821,453249.2254
1050022200,장안지하차도(남측),101,도로교차점,0,무,127.0762961,37.5786262,206739.438,453233.4104
1050022300,장안동삼거리,101,도로교차점,1,유,127.0722199,37.5788708,206379.3582,453260.2686
1050022400,전농1동사무소,101,도로교차점,0,무,127.0499329,37.5789419,204410.6823,453266.8832
1050022500,우리은행청량리중앙지점,101,도로교차점,1,유,127.0413053,37.5789634,203648.5877,453268.9007
1050022600,장안동삼거리_사가정길_진입_1,101,도로교차점,0,무,127.0727939,37.5790066,206430.0421,453275.381
1050022700,안암2교,101,도로교차점,1,유,127.0246182,37.5793292,202174.571,453308.9779
1050022800,동부화물터미널앞,101,도로교차점,1,유,127.0737271,37.579411,206512.4439,453320.3291
1050022900,성바오로병원,101,도로교차점,1,유,127.0425486,37.5793587,203758.39,453312.8216
1050023300,청량리역,101,도로교차점,1,유,127.045159,37.5801778,203988.9307,453403.8384
1050023400,장안지하차도,108,IC 및 JC,1,유,127.0759984,37.5802559,206712.9909,453414.2654
1050023500,동대문구-중랑구경계(1),105,행정경계,0,무,127.077269,37.5807199,206825.182,453465.8503
1050023700,옥치과의원,101,도로교차점,0,무,127.0459363,37.5806812,204057.5638,453459.745
1050023800,장안지하차도(북측),104,도로시설물,0,무,127.0749775,37.5815902,206622.6995,453562.2814
1050023900,청량리역_홍릉길_진입_1,101,도로교차점,0,무,127.0450754,37.5808454,203981.5079,453477.9276
1050024000,푸른마을아파트,101,도로교차점,0,무,127.0753608,37.5811083,206656.5979,453508.8282
1050024100,안암오거리_무학로_진입_1,101,도로교차점,0,무,127.029542,37.5823526,202609.3973,453644.6644
1050024200,안암오거리,101,도로교차점,0,무,127.0296792,37.5823528,202621.5133,453644.6936
1050024300,동부간선도로-사가정길램프(5),108,IC 및 JC,0,무,127.0744478,37.5830265,206575.7831,453721.657
1050024400,동대문세무서,101,도로교차점,1,유,127.0480809,37.5824246,204246.9,453653.341
1050024500,안암오거리_안암로_진출_2,101,도로교차점,0,무,127.0292881,37.5824352,202586.964,453653.8335
1050024600,안암오거리_안암로_진입_2,101,도로교차점,0,무,127.0291937,37.5825133,202578.6222,453662.4914
1050024700,안암오거리,101,도로교차점,1,유,127.0295516,37.5826846,202610.2278,453681.5202
1050024800,고려치과,101,도로교차점,0,무,127.0300016,37.5826806,202649.9727,453681.0811
1050024900,삼일교,101,도로교차점,0,무,127.0359692,37.5828502,203177.0723,453700.094
1050025000,덕성빌딩,101,도로교차점,0,무,127.0372898,37.5828895,203293.7229,453704.5005
1050025100,안암오거리,101,도로교차점,0,무,127.0298761,37.5829366,202638.8797,453709.4969
1050025200,식당재료유통할인,101,도로교차점,0,무,127.0405142,37.5830329,203578.513,453720.5309
1050025300,안암오거리_안암로_진출_1,101,도로교차점,0,무,127.0297738,37.5830083,202629.8459,453717.4465
1050025400,서울시립대앞,101,도로교차점,0,무,127.0535898,37.5834711,204733.4217,453769.7513
1050025800,떡전교사거리,101,도로교차점,1,유,127.051492,37.5856653,204547.9964,454013.1751
1050026000,고대앞사거리_안암로_진입_2,101,도로교차점,0,무,127.0324264,37.5860651,202864.0237,454056.7939
1050026100,고대앞사거리,101,도로교차점,1,유,127.0328167,37.5864372,202898.479,454098.1096
1050026200,고대앞사거리_제기로_진출_1,101,도로교차점,0,무,127.0335587,37.5865196,202964.0115,454107.2813
1050026300,제기동한신아파트,101,도로교차점,1,유,127.037019,37.5865661,203269.6372,454112.5558
1050026600,홍파초교후문,101,도로교차점,1,유,127.0403675,37.5866723,203565.3853,454124.4579
1050026800,고대앞사거리_안암로_진입_1,101,도로교차점,0,무,127.0334006,37.5869601,202950.0364,454156.1589
1050026900,동부간선도로-일반국도6호선램프,108,IC 및 JC,0,무,127.0721663,37.5857848,206374.0331,454027.6378
1050027000,양지장여관,101,도로교차점,1,유,127.0376622,37.5876413,203326.4049,454231.9063
1050027100,동원빌딩,101,도로교차점,1,유,127.0553639,37.5878495,204889.8388,454255.7985
1050027200,시조사삼거리,101,도로교차점,0,무,127.0533908,37.5878933,204715.5642,454260.5537
1050027300,시조사삼거리_일반국도6호선_진,101,도로교차점,0,무,127.0542,37.5880556,204787.0255,454278.6092
1050027400,시조사삼거리_일반국도6호선_진,101,도로교차점,0,무,127.0541206,37.5882077,204780.0048,454295.4797
1050027500,시조사삼거리,101,도로교차점,1,유,127.0537196,37.5883056,204744.5822,454306.334
1050027600,시조사삼거리_이문로_진입_1,101,도로교차점,0,무,127.0540466,37.5885444,204773.4426,454332.8504
1050027700,까치주유소,101,도로교차점,1,유,127.0685787,37.5886698,206056.9231,454347.6113
1050027800,동대문구-중랑구경계(2),105,행정경계,0,무,127.0711076,37.5889401,206280.2557,454377.7704
1050027900,회기역(2번출구),101,도로교차점,1,유,127.05881,37.5891233,205194.1102,454397.3508
1050028000,고려대역앞삼거리2,101,도로교차점,0,무,127.0356284,37.5892928,203146.7058,454415.1377
1050028100,고려대역앞삼거리3,101,도로교차점,0,무,127.0357281,37.5892193,203155.5083,454406.982
1050028300,동부간선도로-일반국도6호선램프,108,IC 및 JC,0,무,127.0697785,37.5898584,206162.7902,454479.6059
1050028500,회기역앞,101,도로교차점,1,유,127.0559552,37.5900476,204941.9163,454499.7836
1050028700,고대앞삼거리,101,도로교차점,0,무,127.0362736,37.59068,203203.6227,454569.1236
1050028800,세종대왕기념관_홍릉길_진입_1,101,도로교차점,0,무,127.0423958,37.5909815,203744.3126,454602.8135
1050028900,세종대왕기념관_홍릉길_진출_1,101,도로교차점,0,무,127.0425424,37.5910895,203757.2525,454614.8013
1050029000,세종대왕기념관_회기로_진출_1,101,도로교차점,0,무,127.0419842,37.5912835,203707.9478,454636.3198
1050029100,국방연구원,101,도로교차점,0,무,127.039289,37.5912699,203469.9151,454634.7088
1050029400,세종대왕기념관_회기로_진입_1,101,도로교차점,0,무,127.0430796,37.5914958,203804.6827,454659.9229
1050029500,경희대학교앞,101,도로교차점,0,무,127.0523086,37.5915864,204619.759,454670.3873
1050029600,중랑교,101,도로교차점,1,유,127.0672212,37.5915837,205936.7971,454670.9305
1050029800,중랑교,108,IC 및 JC,0,무,127.0685713,37.5919205,206056.0063,454708.4003
1050029900,중랑교,108,IC 및 JC,0,무,127.0690421,37.5921672,206097.5667,454735.8088
1050030000,동대문구-중랑구경계(3),105,행정경계,0,무,127.0703467,37.592483,206212.7581,454770.9432
1050030100,청량초교,101,도로교차점,0,무,127.0577667,37.5927529,205101.725,454800.1392
1050030200,회기역(1번출구),101,도로교차점,0,무,127.0581195,37.5932581,205132.8401,454856.231
1050030300,동부간선도로-일반국도6호선램프,108,IC 및 JC,0,무,127.0690147,37.5934161,206095.0455,454874.4258
1050030400,이경시장삼거리,101,도로교차점,1,유,127.0685661,37.5937653,206055.3985,454913.1487
1050030500,외대앞역지하차도(동측),104,도로시설물,0,무,127.064136,37.594729,205664.0789,455019.829
1050030600,이치과의원,102,도로시.종점,0,무,127.0632303,37.5950999,205584.0688,455060.9453
1050030700,동부간선도로-일반국도6호선램프,108,IC 및 JC,0,무,127.0684432,37.5953267,206044.4199,455086.4367
1050030800,휘경성모의원,102,도로시.종점,0,무,127.0627739,37.5953004,205543.7462,455083.1703
1050030900,외대앞역지하차도(서측),104,도로시설물,0,무,127.0615826,37.595876,205438.4947,455146.988
1050031000,동대문구-중랑구경계(4),105,행정경계,0,무,127.0693906,37.5964504,206127.9922,455211.2206
1050031100,월곡램프(내부순환로),105,행정경계,0,무,127.0407949,37.5968993,203602.6448,455259.5631
1050031200,신종월교(동),101,도로교차점,0,무,127.0411892,37.5971292,203637.4493,455285.0872
1050031300,이경지구대,101,도로교차점,1,유,127.0678752,37.5971355,205994.1103,455287.1645
1050031600,중랑교서측,108,IC 및 JC,0,무,127.0689601,37.5979176,206089.8545,455374.0355
1050031700,샤넬의원,101,도로교차점,0,무,127.0609319,37.5974981,205380.9139,455326.9786
1050031800,경희빌딩,101,도로교차점,0,무,127.0571003,37.5984219,205042.4863,455429.2976
1050031900,공간미술,101,도로교차점,0,무,127.0578148,37.5986351,205105.5631,455453.0043
1050032000,신이문역앞,101,도로교차점,0,무,127.0676318,37.5992516,205972.4443,455522.0123
1050032100,이문고가차도(남측),104,도로시설물,0,무,127.0676813,37.599519,205976.7987,455551.6926
1050032200,이문가도교,101,도로교차점,0,무,127.0700642,37.6000724,206187.1771,455613.2641
1050032300,쌍둥이빌딩(A동),101,도로교차점,1,유,127.0675823,37.600542,205967.9694,455665.2284
1050032400,사슴약국,101,도로교차점,1,유,127.0620516,37.6008635,205479.5508,455700.571
1050032500,이화교(서단),101,도로교차점,0,무,127.0710336,37.6014848,206272.6659,455770.0954
1050032600,동대문구-중랑구경계(5),105,행정경계,0,무,127.0724718,37.6015007,206399.6662,455771.9475
1050032700,동대문구-성북구경계(2),105,행정경계,0,무,127.0611843,37.6032211,205402.7929,455962.183
1050032800,신이문역,101,도로교차점,0,무,127.0673672,37.6044207,205948.6681,456095.7041
1050032900,이문대우2차아파트,101,도로교차점,0,무,127.0700087,37.6048783,206181.8854,456146.6652
1050033000,연탄공장,101,도로교차점,1,유,127.0707309,37.6048946,206245.6501,456148.5173
1050033100,이문동우편취급소,101,도로교차점,1,유,127.0620503,37.6050267,205479.1274,456162.6403
1050033200,이문고가차도,101,도로교차점,1,유,127.0670465,37.6051055,205920.2935,456171.6864
1050033500,열린문교회앞,101,도로교차점,0,무,127.0661486,37.6055161,205840.979,456217.2065
1050033600,석관코오롱아파트,101,도로교차점,1,유,127.0665885,37.6059855,205879.7836,456269.3262
1050033700,동대문구-성북구경계(3),105,행정경계,0,무,127.0673486,37.6062902,205946.882,456303.193
1050033800,한천1로삼거리,101,도로교차점,0,무,127.0677553,37.6072582,205982.7088,456410.6639
1050033900,석계철도청앞,101,도로교차점,0,무,127.0702813,37.6072973,206205.7509,456415.1649
1050034000,동대문구-성북구경계(4),105,행정경계,0,무,127.0707973,37.608059,206251.252,456499.7401
1050034100,현대아파트101동앞,103,속성변화점,0,무,127.0705247,37.6005762,206227.8052,455669.2158
1050034200,이문대우아파트앞,102,도로시.종점,0,무,127.0704857,37.6025442,206224.1972,455887.6338
1050034300,현대아파트105동앞삼거리,101,도로교차점,0,무,127.0711153,37.6026401,206279.7805,455898.3186
1050034400,서초구-동작구경계(4),108,IC 및 JC,0,무,126.9848228,37.5001291,198657.9524,444518.558
1050034500,롯데플라자앞,101,도로교차점,0,무,127.0460459,37.5806171,204067.2517,453452.6389
1050034600,신이문지하차도보(서측),104,도로시설물,0,무,127.0661276,37.6008681,205839.4918,455701.3232
1050034700,이문고가차도(북측),104,도로시설물,0,무,127.0671712,37.6048561,205931.3245,456144.0193
1050034800,동부지하차도(동측),101,도로교차점,0,무,127.0674113,37.6048361,205952.5304,456141.8123
1050034900,쌍용아파트116동,101,도로교차점,1,유,127.0675261,37.6014456,205962.9423,455765.5057
1050035000,답십리로_장한로_진출,101,도로교차점,0,무,127.0706119,37.5723756,206237.8584,452539.2695
1050035100,답십리로_장한로_진입,101,도로교차점,0,무,127.0713882,37.5718629,206306.4835,452482.4199
1050035200,장한로_답십리로_진출,101,도로교차점,0,무,127.0715589,37.5719053,206321.5564,452487.1353
1050035300,장한로_답십리로_진출,101,도로교차점,0,무,127.0717367,37.5728877,206337.1763,452596.1861
1050035400,답십리로_장한로_진입,101,도로교차점,0,무,127.0718724,37.5728826,206349.1701,452595.6268
1050035500,서울은석초등학교,101,도로교차점,0,무,127.0762213,37.5788157,206732.8152,453254.4325
1060000200,면목교,101,도로교차점,0,무,127.0798301,37.5767464,207051.7853,453025.0279
1060000600,중랑교동측,104,도로시설물,0,무,127.071015,37.5926733,206271.7603,454792.1099
1060001100,상봉역,101,도로교차점,0,무,127.0855416,37.5963673,207554.3226,455203.1751
1060001700,동부제일병원,101,도로교차점,0,무,127.1082844,37.600499,209562.2495,455663.8156
1060001800,망우리고개(서울-구리시계),105,행정경계,0,무,127.1154398,37.601614,210193.9721,455788.3224
1060002200,능산삼거리,101,도로교차점,1,유,127.1010369,37.6083872,208921.3005,456538.613
1060002300,북부간선도로구리시계,105,행정경계,0,무,127.1169709,37.610596,210327.9331,456785.3938
1060003000,신내진출램프(북부간선도로),108,IC 및 JC,0,무,127.0928531,37.6174034,208197.7013,457538.5668
1060003200,경춘북로구리시계,105,행정경계,0,무,127.1057641,37.620484,209337.1932,457881.6851
1060003300,중곡3동우편취급국,101,도로교차점,1,유,127.0861644,37.5708569,207611.9235,452371.8538
1060003400,면곡시장,101,도로교차점,0,무,127.0834135,37.5713697,207368.8508,452428.5549
1060004000,면목역,101,도로교차점,0,무,127.0875957,37.5883934,207736.5522,454318.3251
1060004100,중랑초교,101,도로교차점,0,무,127.0735071,37.589139,206492.1618,454400.015
1060004200,동원사거리,101,도로교차점,0,무,127.0936476,37.5897504,208270.9057,454469.4554
1060004400,망우공동묘지,102,도로시.종점,0,무,127.1031328,37.5909382,209108.4948,454602.1688
1060004600,혜원사거리,101,도로교차점,0,무,127.0932177,37.5941536,208232.4551,454958.1246
1060004900,태릉시장,101,도로교차점,0,무,127.0782072,37.5993659,206906.3366,455535.4141
1060005000,이화교동단,101,도로교차점,0,무,127.0742483,37.6015292,206556.5427,455775.2402
1060005100,중화역입구대원사약국,101,도로교차점,1,유,127.0777766,37.6015808,206868.1043,455781.2125
1060005200,중화초교,104,도로시설물,0,무,127.0959384,37.6028861,208471.7455,455927.5696
1060005300,봉화삼거리,101,도로교차점,0,무,127.0871539,37.602973,207696.0264,455936.4589
1060005400,중화동제일시장,101,도로교차점,0,무,127.0770774,37.6051773,206806.0339,456180.3327
1060005500,숭곡고교,101,도로교차점,0,무,127.1061056,37.6058977,209369.1716,456262.7898
1060005700,신묵초교,101,도로교차점,0,무,127.076536,37.6080552,206757.9621,456499.7141
1060005900,먹골역입구,101,도로교차점,0,무,127.0758012,37.611883,206692.7422,456924.5035
1060006000,봉화초교,101,도로교차점,0,무,127.0912689,37.6133753,208058.2801,457091.3491
1060006100,법장사,101,도로교차점,0,무,127.0843468,37.6148163,207446.9732,457250.7186
1060006200,영안장로교회,101,도로교차점,0,무,127.0887725,37.6149944,207837.693,457270.843
1060006400,중랑구립정보도서관,101,도로교차점,0,무,127.0858731,37.6161497,207581.5935,457398.8326
1060006500,삼성아파트,101,도로교차점,0,무,127.0795183,37.6167019,207020.4856,457459.6259
1060006600,면목근로청소년아파트,102,도로시.종점,0,무,127.0851155,37.5735499,207518.9881,452670.6676
1060006700,중랑구민회관,101,도로교차점,1,유,127.084596,37.5737476,207473.0722,452692.5646
1060006800,면목4동빗물펌프장,101,도로교차점,1,유,127.0800388,37.5741432,207070.4601,452736.1216
1060006900,용마산역,101,도로교차점,1,유,127.0872698,37.5742649,207709.2242,452750.1955
1060007000,면목4동사무소,101,도로교차점,0,무,127.085325,37.574991,207537.3505,452830.629
1060007100,면목교,101,도로교차점,0,무,127.0797668,37.5760431,207046.2537,452946.9624
1060007200,면목교,101,도로교차점,0,무,127.0797184,37.5765154,207041.9391,452999.3792
1060007300,용마빌라,103,속성변화점,1,유,127.090041,37.5773352,207953.6997,453091.1911
1060007400,일반국도3호선-면목천길진입로1,101,도로교차점,0,무,127.0804113,37.5776927,207103.0339,453130.1078
1060007500,면목천길-일반국도3호선진출로,101,도로교차점,0,무,127.0807445,37.5783203,207132.4078,453199.7869
1060007600,면목천길-일반국도3호선진입로,101,도로교차점,0,무,127.0796792,37.5780277,207038.3326,453167.2253
1060007700,면남초등교입구,101,도로교차점,0,무,127.0858593,37.5780063,207584.2395,453165.3387
1060007800,두산아파트(501동),101,도로교차점,1,유,127.0805253,37.5780025,207113.0686,453164.492
1060007900,면목동성원아파트,103,속성변화점,1,유,127.0912862,37.5786215,208063.5549,453234.0664
1060008000,동부간선도로-사가정길램프(1),108,IC 및 JC,0,무,127.0787604,37.5782263,206957.1509,453189.2026
1060008100,사거리슈퍼,101,도로교차점,0,무,127.0831002,37.5792231,207340.399,453300.1706
1060008200,중랑견인차량보관소,101,도로교차점,0,무,127.0823888,37.5795631,207277.5339,453337.8474
1060008300,용마한신아파트,101,도로교차점,1,유,127.0932057,37.5806244,208232.8886,453456.5285
1060008400,사가정역,101,도로교차점,1,유,127.0884791,37.5807011,207815.38,453464.6359
1060008600,장안교_일반국도3호선_진출_1,101,도로교차점,0,무,127.0797304,37.5808923,207042.5879,453485.1676
1060008700,장안교_일반국도3호선_진입_2,101,도로교차점,0,무,127.0795947,37.580897,207030.5991,453485.6866
1060008800,동부간선도로-사가정길램프(2),108,IC 및 JC,0,무,127.0789869,37.5812541,206976.8783,453525.2676
1060009000,유수지주차장,101,도로교차점,1,유,127.0833659,37.5811339,207363.6824,453512.261
1060009100,동부간선도로-사가정길램프(3),108,IC 및 JC,0,무,127.0789398,37.5813555,206972.7064,453536.5191
1060009200,장안교_사가정길_진입_1,101,도로교차점,0,무,127.0803789,37.5813083,207099.8297,453531.3933
1060009300,장안교_사가정길_진출_1,101,도로교차점,0,무,127.0803919,37.5814159,207100.9688,453543.3391
1060009400,장안교사거리,101,도로교차점,1,유,127.0796919,37.5814152,207039.1334,453543.2082
1060009500,장안교_일반국도3호선_진입_1,101,도로교차점,0,무,127.079785,37.5819788,207047.3023,453605.7618
1060009600,장안교_일반국도3호선_진출_2,101,도로교차점,0,무,127.0796492,37.5819826,207035.3095,453606.177
1060009700,연세정내과,101,도로교차점,0,무,127.0885619,37.5826523,207822.489,453681.2072
1060009800,중랑구가전가구재활용센타,101,도로교차점,1,유,127.0839325,37.5830218,207413.5482,453721.8473
1060009900,동부간선도로-사가정길램프(4),108,IC 및 JC,0,무,127.0766717,37.5831417,206772.2077,453734.6043
1060010000,해은빌딩,101,도로교차점,1,유,127.0936984,37.5837078,208276.0687,453798.7942
1060010100,신한은행면목지점,101,도로교차점,0,무,127.088378,37.5841547,207806.0848,453847.948
1060010200,남북교회,101,도로교차점,0,무,127.0835504,37.5844861,207379.6484,453884.3375
1060010300,명진빌딩,101,도로교차점,0,무,127.0947697,37.585656,208370.4722,454015.118
1060010400,면목한신아파트,101,도로교차점,0,무,127.0765127,37.5858917,206757.9098,454039.8105
1060010500,중화중교,101,도로교차점,1,유,127.0949018,37.5859171,208382.1139,454044.1164
1060010600,면목2동사거리,101,도로교차점,1,유,127.0799132,37.5866482,207058.1834,454124.0227
1060010900,면목사거리,101,도로교차점,1,유,127.0841075,37.5876019,207428.5435,454230.2015
1060011000,서일대학,101,도로교차점,0,무,127.0960548,37.5879778,208483.7141,454272.9285
1060011100,면목8동사무소,101,도로교차점,1,유,127.0942241,37.5879921,208322.0233,454274.3513
1060011200,동부간선도로-일반국도6호선램프,108,IC 및 JC,0,무,127.0732412,37.5872298,206468.8467,454188.0941
1060011300,미화공원,102,도로시.종점,0,무,127.1000575,37.5881845,208837.217,454296.2393
1060011400,다일어린이집,101,도로교차점,1,유,127.0980742,37.5889585,208661.9566,454381.9645
1060011500,태영빌딩,101,도로교차점,0,무,127.0906989,37.5890805,208010.5552,454394.8428
1060011600,대아상사자동차정비소,101,도로교차점,0,무,127.0938589,37.5891238,208289.6383,454399.9228
1060011700,신성모약국,101,도로교차점,0,무,127.0967948,37.5893923,208548.9075,454429.9855
1060011800,동부간선도로-일반국도6호선램프,108,IC 및 JC,0,무,127.0719275,37.59016,206352.5652,454513.2225
1060011900,예삐유치원,101,도로교차점,0,무,127.0759704,37.5899618,206709.6497,454491.5081
1060012000,겸재삼거리,101,도로교차점,0,무,127.0974434,37.5905684,208606.0576,454560.5841
1060012100,중랑전화국,101,도로교차점,1,유,127.0801195,37.5913262,207075.9634,454643.2421
1060012200,상봉시장앞_면목천길_진출_1,101,도로교차점,0,무,127.0859492,37.5913786,207590.8269,454649.519
1060012300,상봉시장앞_면목동길_진입_1,101,도로교차점,0,무,127.0866603,37.5917103,207653.5978,454686.3931
1060012400,동부간선도로-일반국도6호선램프,108,IC 및 JC,0,무,127.0716432,37.5912815,206327.366,454637.6775
1060012500,상봉시장앞_면목동길_진입_2,101,도로교차점,0,무,127.0865438,37.5921585,207643.2621,454736.1215
1060012600,상봉시장앞_면목천길_진출_2,101,도로교차점,1,유,127.0863544,37.5921625,207626.5308,454736.5478
1060012700,상봉시장앞,101,도로교차점,0,무,127.0864739,37.5926941,207637.0356,454795.5643
1060012800,중랑교동측,108,IC 및 JC,0,무,127.0716607,37.5927959,206328.7807,454805.7631
1060012900,중랑교동측,108,IC 및 JC,0,무,127.0716158,37.592898,206324.8068,454817.086
1060013000,상봉2동주민센터,101,도로교차점,1,유,127.0802029,37.5930959,207083.1601,454839.6691
1060013100,서울시체육회,101,도로교차점,1,유,127.0727424,37.5931076,206424.2849,454840.4307
1060013200,삼원빌딩,101,도로교차점,0,무,127.0903624,37.5935418,207980.3596,454889.9678
1060013300,우리은행중랑교지점,101,도로교차점,1,유,127.0743905,37.5934975,206569.806,454883.8224
1060013400,한남프라자,101,도로교차점,0,무,127.0873636,37.5935598,207715.5151,454891.7141
1060013500,동부간선도로-일반국도6호선램프,108,IC 및 JC,0,무,127.0709171,37.5940429,206263.0034,454944.1093
1060013600,동1로지하차도(남측),104,도로시설물,0,무,127.0802248,37.5934392,207085.0651,454877.7692
1060013700,동부산부인과의원,101,도로교차점,0,무,127.0861559,37.5939846,207608.8137,454938.773
1060013800,동부시장,101,도로교차점,1,유,127.077249,37.5942133,206822.1884,454963.4704
1060013900,상봉역(7호선),101,도로교차점,0,무,127.0860014,37.5946075,207595.1061,455007.8876
1060014000,문수아파트,101,도로교차점,0,무,127.0900051,37.5946186,207948.6876,455009.4513
1060014100,동일로지하차도,101,도로교차점,1,유,127.0803091,37.5950098,207092.3592,455052.0977
1060014200,청림빌딩,101,도로교차점,0,무,127.0891052,37.59521,207869.1537,455075.0151
1060014300,상봉시외버스터미널앞,101,도로교차점,1,유,127.0931032,37.5953142,208222.2144,455086.9214
1060014400,망우제2동우리은행,103,속성변화점,0,무,127.0991873,37.5954456,208759.5061,455102.0583
1060014500,우림시장,101,도로교차점,1,유,127.1001223,37.5955761,208842.0665,455116.6335
1060014600,동부간선도로-일반국도6호선램프,108,IC 및 JC,0,무,127.070696,37.5956163,206243.347,455118.7291
1060014700,중앙성심의원,102,도로시.종점,0,무,127.0994493,37.5960347,208782.5779,455167.4634
1060014800,한샘교회,101,도로교차점,0,무,127.080412,37.5960185,207101.353,455164.059
1060014900,한일써너스빌(103동),101,도로교차점,1,유,127.0903484,37.5960901,207978.8501,455172.8053
1060015100,한샘교회_일반국도3호선_진입_1,101,도로교차점,0,무,127.0804392,37.5967673,207103.6837,455247.173
1060015200,한일써너스빌(102동),101,도로교차점,1,유,127.0919654,37.596666,208121.587,455236.8558
1060015300,동1로지하차도(북측),104,도로시설물,0,무,127.0803629,37.597034,207096.9185,455276.7617
1060015400,E-마트,101,도로교차점,1,유,127.0929456,37.5968869,208208.1253,455261.4674
1060015500,중랑교동측,108,IC 및 JC,0,무,127.0707809,37.5976708,206250.6715,455346.7641
1060015600,상봉지하차도,101,도로교차점,0,무,127.0880897,37.5970829,207779.2729,455282.8022
1060015700,전진카센터,101,도로교차점,0,무,127.0939792,37.5972101,208299.367,455297.4243
1060015800,한일써너스빌리젠시,101,도로교차점,0,무,127.0929007,37.5973053,208204.1168,455307.9019
1060015900,코스트코 상봉점,101,도로교차점,1,유,127.0893657,37.5973753,207891.9316,455315.3587
1060016000,한일써너스빌리젠시2,101,도로교차점,0,무,127.0938901,37.5978108,208291.4322,455364.0942
1060016100,한일써너스빌(101동),101,도로교차점,1,유,127.0915145,37.5978861,208081.6382,455372.2442
1060016200,LG전자스토어,101,도로교차점,0,무,127.0950602,37.5981224,208394.7257,455398.7811
1060016300,망우역,101,도로교차점,0,무,127.0928062,37.5981879,208195.6739,455405.8464
1060016400,동서울시장,101,도로교차점,1,유,127.0878642,37.5984345,207759.2209,455432.8036
1060016500,상봉2지구대,101,도로교차점,1,유,127.0952967,37.5987604,208415.543,455469.6111
1060016600,성누가의원,101,도로교차점,1,유,127.100398,37.5992032,208865.9848,455519.2243
1060016700,신내지하차도,101,도로교차점,1,유,127.0973197,37.5992308,208594.1372,455521.9987
1060016800,중랑경찰서망우지구대,101,도로교차점,0,무,127.0954093,37.5992229,208425.4312,455520.9564
1060016900,망우2파출소,101,도로교차점,0,무,127.0955066,37.5994762,208434.0019,455549.0765
1060017000,원동빌딩,101,도로교차점,1,유,127.0988391,37.5995442,208728.2812,455556.9238
1060017100,장안중학교,101,도로교차점,1,유,127.079892,37.5995661,207055.0988,455557.7596
1060017200,장스여성병원,101,도로교차점,1,유,127.097107,37.5998185,208575.2915,455587.2082
1060017300,망우사거리,101,도로교차점,0,무,127.1004455,37.5998813,208870.0981,455594.4947
1060017400,청광아파트,102,도로시.종점,0,무,127.1050723,37.5998483,209278.684,455591.2759
1060017500,청량리차량사무소망우분소,101,도로교차점,0,무,127.0907321,37.5999602,208012.3183,455602.3772
1060017600,상봉지하차도(북측),104,도로시설물,0,무,127.0875295,37.6004272,207729.4597,455653.9424
1060017700,성주교통,101,도로교차점,0,무,127.0986056,37.6001472,208707.5834,455623.8266
1060017800,신내건영2차아파트(210동),102,도로시.종점,0,무,127.0913382,37.60019,208065.8172,455627.936
1060017900,망우1동우체국,101,도로교차점,1,유,127.1022497,37.6002564,209029.3776,455636.2989
1060018100,동부제일병원,101,도로교차점,0,무,127.1094378,37.6004073,209664.1143,455653.7614
1060018200,망우동우체국,101,도로교차점,1,유,127.1004694,37.6005667,208872.1232,455670.5663
1060018300,금호어울림아파트112동,101,도로교차점,0,무,127.1097445,37.6005926,209691.1702,455674.3553
1060018400,장호기업,101,도로교차점,1,유,127.1021106,37.6009141,209017.0105,455709.2803
1060018500,신내지하차도,101,도로교차점,0,무,127.0967178,37.6009268,208540.7898,455710.1867
1060018600,동남교통,101,도로교차점,0,무,127.1082709,37.6010159,209560.9949,455721.1866
1060018700,나들이공원길-일반국도6호선진입,101,도로교차점,0,무,127.1132099,37.6009334,209997.1476,455712.5418
1060018800,일반국도3호선-나들이공원길삼거,101,도로교차점,0,무,127.1136717,37.6012993,210037.8746,455753.2011
1060018900,제일3빌라,101,도로교차점,1,유,127.0874188,37.6012196,207719.6039,455741.8795
1060019000,나들이고원길-설학재길진입로1,101,도로교차점,0,무,127.1113945,37.6010496,209836.821,455725.2544
1060019100,나들이공원길사거리,101,도로교차점,0,무,127.1133684,37.6013269,210011.0914,455756.2359
1060019200,이화교동단,104,도로시설물,0,무,127.076055,37.6015473,206716.0754,455777.3715
1060019300,중화역,101,도로교차점,1,유,127.0795017,37.6016022,207020.4383,455783.7143
1060019400,이화교동단,101,도로교차점,0,무,127.0738097,37.6015777,206517.801,455780.5918
1060019500,중흥초교,101,도로교차점,0,무,127.0834588,37.6018371,207369.8474,455810.0936
1060019600,아이네트학원,101,도로교차점,0,무,127.1081375,37.6020029,209549.0887,455830.7243
1060019700,능산지하차도(남측),104,도로시설물,0,무,127.1005188,37.6016499,208876.3565,455790.7932
1060019800,상봉중학교옆,101,도로교차점,0,무,127.0894351,37.6022655,207897.5419,455858.124
1060019900,정동빌딩,101,도로교차점,0,무,127.0966859,37.6022485,208537.8264,455856.872
1060020000,이화교(동단)_중랑천길_진출_1,101,도로교차점,0,무,127.0742763,37.6024092,206558.9338,455872.9045
1060020100,경동제일교회,101,도로교차점,0,무,127.0849934,37.6022918,207505.3144,455860.682
1060020200,건영상가,101,도로교차점,0,무,127.0962166,37.6023156,208496.3766,455864.2843
1060020300,중화초교,101,도로교차점,0,무,127.0959937,37.6025347,208476.669,455888.5805
1060020400,동원중교,101,도로교차점,0,무,127.1077523,37.6028829,209514.9573,455928.3558
1060020500,성은교회앞,101,도로교차점,0,무,127.0774351,37.6033581,206837.784,455978.4552
1060020600,현대자동차,101,도로교차점,1,유,127.0791172,37.6035333,206986.307,455998.0272
1060020700,동원중동측,101,도로교차점,1,유,127.1099376,37.603608,209707.839,456009.0538
1060020800,신현중학교,101,도로교차점,0,무,127.0924433,37.6041426,208162.9724,456066.7219
1060020900,신내아파트,101,도로교차점,1,유,127.0902044,37.6041721,207965.267,456069.8091
1060021000,한진장로교회앞,101,도로교차점,0,무,127.0975109,37.6043589,208610.4282,456091.1875
1060021100,원린원광사회복지관,101,도로교차점,0,무,127.0954364,37.6045924,208427.2246,456116.9117
1060021200,송곡고교,101,도로교차점,0,무,127.1068229,37.604593,209432.6718,456118.0624
1060021300,송곡고교후문,101,도로교차점,0,무,127.1086096,37.6052112,209590.3637,456186.8542
1060021400,능산지하차도(북측),104,도로시설물,0,무,127.1008547,37.6054733,208905.5666,456215.1857
1060021500,우리은행중화동지점,101,도로교차점,1,유,127.0787596,37.6053787,206954.5569,456202.8151
1060021600,녹주맥반석,101,도로교차점,0,무,127.0953897,37.6055498,208422.9913,456223.1686
1060021700,동성아파트앞,101,도로교차점,0,무,127.098009,37.605827,208654.2433,456254.1712
1060021800,중랑구청,101,도로교차점,0,무,127.0927066,37.6058332,208186.0357,456254.3828
1060021900,엔젤유통,101,도로교차점,0,무,127.0735674,37.6061753,206496.0059,456290.8612
1060022000,양원역,101,도로교차점,0,무,127.1079939,37.6062917,209535.8595,456306.7107
1060022100,신묵초등학교,101,도로교차점,0,무,127.076807,37.6065745,206782.026,456335.3899
1060022200,중랑구보건소,101,도로교차점,1,유,127.0919843,37.6065874,208122.1736,456338.0262
1060022300,덕산빌딩앞,101,도로교차점,1,유,127.0784875,37.606775,206930.3994,456357.7737
1060022400,중랑구청사거리,101,도로교차점,1,유,127.0952561,37.606903,208411.0378,456373.3397
1060022500,한국전력동부지점,101,도로교차점,1,유,127.0782053,37.608254,206905.3443,456521.9032
1060022600,신내동성아파트,101,도로교차점,1,유,127.1002416,37.6082757,208851.0937,456526.1634
1060022700,용남교통,101,도로교차점,0,무,127.1058403,37.6084815,209345.4186,456549.5391
1060022800,화훼단지,101,도로교차점,0,무,127.1009752,37.609071,208915.777,456614.5001
1060022900,북부간선도로-동부간선도로램프(,108,IC 및 JC,0,무,127.0725493,37.6087044,206405.8973,456571.4919
1060023000,양원경로당,101,도로교차점,0,무,127.1067358,37.6094228,209424.3704,456654.1027
1060023100,묵2동사무소,101,도로교차점,0,무,127.0761961,37.6097694,206727.7996,456689.9499
1060023200,묵동우체국,101,도로교차점,1,유,127.0778865,37.6099539,206877.0339,456710.5515
1060023300,동성아파트앞,101,도로교차점,1,유,127.0961134,37.6103358,208486.3468,456754.4283
1060023400,신내변전소,101,도로교차점,0,무,127.0946698,37.6105115,208358.8703,456773.7958
1060023500,중랑구-구리시경계(3),105,행정경계,0,무,127.1171702,37.6108859,210345.4873,456817.5892
1060023600,북부간선도로-동부간선도로램프(,108,IC 및 JC,0,무,127.0727137,37.6116502,206420.1535,456898.4493
1060023700,먹골역,101,도로교차점,0,무,127.0778485,37.6105297,206873.6271,456774.4577
1060023800,먹골역,101,도로교차점,0,무,127.0775308,37.6114675,206845.4943,456878.5093
1060023900,먹골역,101,도로교차점,1,유,127.0774647,37.612085,206839.6001,456947.0476
1060024000,삼양빌딩,101,도로교차점,1,유,127.0778473,37.6120701,206873.3822,456945.4248
1060024100,부부약국,101,도로교차점,0,무,127.0795614,37.6120804,207024.7242,456946.6948
1060024200,신내노인종합복지관,102,도로시.종점,0,무,127.0888095,37.6127512,207841.1982,457021.8789
1060024300,신내차량기지입구,101,도로교차점,1,유,127.1013129,37.6130475,208945.113,457055.8745
1060024400,중랑권역공영차고지입구,101,도로교차점,1,유,127.1042492,37.6131596,209204.3576,457068.601
1060024500,한신빌라,101,도로교차점,0,무,127.0729423,37.6134538,206440.1867,457098.6474
1060024600,(주)서울환경,101,도로교차점,0,무,127.105438,37.6135446,209309.2651,457111.4503
1060024700,고봉카센타,101,도로교차점,1,유,127.0754495,37.6137462,206661.5213,457131.2758
1060024800,중랑공영차고지,101,도로교차점,1,유,127.1014098,37.6138198,208953.5797,457141.5997
1060024900,신내주유소,101,도로교차점,0,무,127.1004527,37.6140306,208869.0505,457164.9095
1060025000,중랑권역공영차고지,102,도로시.종점,0,무,127.1046613,37.6142677,209240.6056,457191.6325
1060025100,북부간선도로-동부간선도로램프(,108,IC 및 JC,0,무,127.0725979,37.6135457,206409.7689,457108.8217
1060025200,태릉중입구,101,도로교차점,0,무,127.0816106,37.6144677,207205.4244,457211.8078
1060025300,신안아파트,101,도로교차점,0,무,127.0792234,37.6145044,206994.6558,457215.7023
1060025400,신내IC2,108,IC 및 JC,0,무,127.1051493,37.6149591,209283.6019,457268.4149
1060025500,화성APT,101,도로교차점,0,무,127.0959956,37.6144593,208475.4847,457212.0772
1060025700,해성교회,101,도로교차점,0,무,127.0785471,37.6150768,206934.8927,457279.1797
1060025800,신내IC1,108,IC 및 JC,0,무,127.101912,37.6151852,208997.7563,457293.194
1060025900,신내IC10,108,IC 및 JC,0,무,127.1017032,37.6150827,208979.3293,457281.8042
1060026200,신내IC4,108,IC 및 JC,0,무,127.1049791,37.6151403,209268.556,457288.5063
1060026300,신내진로APT,103,속성변화점,0,무,127.09378,37.6154247,208279.7562,457319.0288
1060026400,신내IC,108,IC 및 JC,0,무,127.1027082,37.6162371,209067.9224,457410.0236
1060026500,중랑소방서,101,도로교차점,1,유,127.0954526,37.6153847,208427.4363,457314.7357
1060026600,신내IC,108,IC 및 JC,0,무,127.1025923,37.6162936,209057.6861,457416.286
1060026800,묵동극동늘푸른아파트,101,도로교차점,1,유,127.0763399,37.6155404,206739.9794,457330.4715
1060027000,금성초교,101,도로교차점,0,무,127.089237,37.6156901,207878.6325,457348.0969
1060027100,월릉교동측,105,행정경계,0,무,127.0723223,37.6156736,206385.2575,457344.9817
1060027200,진로APT,101,도로교차점,0,무,127.0929731,37.6157815,208208.4773,457358.5577
1060027300,신내IC12,108,IC 및 JC,0,무,127.1029937,37.6157942,209093.1831,457360.8981
1060027400,전원연립,101,도로교차점,0,무,127.0774749,37.6159476,206840.1441,457375.7583
1060027500,중랑구-노원구경계(7),105,행정경계,0,무,127.0729453,37.6160166,206440.2315,457383.0918
1060027600,신내IC13,108,IC 및 JC,0,무,127.1021357,37.6160003,209017.4044,457383.6828
1060027700,신내IC9,108,IC 및 JC,0,무,127.0983791,37.6165074,208685.6834,457439.6161
1060027900,신내IC,108,IC 및 JC,0,무,127.1006534,37.6162774,208886.5055,457414.3015
1060028000,봉화환승주차장,101,도로교차점,1,유,127.0934305,37.6164237,208248.7893,457429.8826
1060028100,묵동교,101,도로교차점,1,유,127.0760054,37.6165966,206710.346,457447.6822
1060028200,신내두산대림아파트,101,도로교차점,0,무,127.08639,37.6168788,207627.1548,457479.7953
1060028300,신내우체국,101,도로교차점,0,무,127.0901635,37.6170244,207960.287,457496.2683
1060028400,북부간선도로-봉수1길램프(2),108,IC 및 JC,0,무,127.0938202,37.6170528,208283.1219,457499.7365
1060028500,중랑구-노원구경계(6),105,행정경계,0,무,127.075859,37.6170735,206697.3814,457500.599
1060028600,봉화산역,101,도로교차점,1,유,127.0906242,37.6176849,208000.8883,457569.6111
1060028700,원묵초교,101,도로교차점,0,무,127.0870493,37.6178338,207685.2574,457585.8405
1060028800,태릉고시텔,101,도로교차점,0,무,127.0789882,37.6178166,206973.5797,457583.3005
1060028900,신내IC5,108,IC 및 JC,0,무,127.1034166,37.6173211,209130.331,457530.4042
1060029000,신내IC6,108,IC 및 JC,0,무,127.1033952,37.6180573,209128.3513,457612.1076
1060029100,묵동IC(북부간선도로),108,IC 및 JC,0,무,127.0923772,37.6175456,208155.6733,457554.3088
1060029200,중랑구-노원구경계(5),105,행정경계,0,무,127.0788349,37.6181333,206960.014,457618.4435
1060029400,브라운스톤태릉아파트(102동),101,도로교차점,0,무,127.0834822,37.618264,207370.2968,457633.3068
1060029500,원묵중학교,101,도로교차점,1,유,127.0845036,37.6182676,207460.467,457633.7831
1060029600,묵동IC(북부간선도로),108,IC 및 JC,0,무,127.0924968,37.6176254,208166.2243,457563.1759
1060029700,두산대림아파트,101,도로교차점,1,유,127.087809,37.6189416,207752.2183,457708.8599
1060029800,해오름,101,도로교차점,1,유,127.0845174,37.6193131,207461.5782,457749.8296
1060029900,일반국도47호선-새우개1길삼거리,101,도로교차점,0,무,127.1048371,37.6195524,209255.4699,457778.1884
1060030000,중랑구-노원구경계(4),105,행정경계,0,무,127.0858392,37.6198146,207578.2279,457805.5917
1060030100,중랑구-노원구경계(3),105,행정경계,0,무,127.0864753,37.6199896,207634.3606,457825.0709
1060030200,중랑구-노원구경계(2),105,행정경계,0,무,127.0876276,37.6200188,207736.0909,457828.4067
1060030300,중랑구-노원구경계(1),105,행정경계,0,무,127.0878116,37.6200757,207752.3285,457834.7291
1060030400,중앙선하부지하보차도(남측),104,도로시설물,0,무,127.072564,37.5939614,206408.456,454935.1805
1060030500,중앙선하부지하보차도(북측),104,도로시설물,0,무,127.0725044,37.594277,206403.1679,454970.1995
1060030600,이화교(서측)_중랑천길_진입_1,101,도로교차점,0,무,127.0738095,37.6005268,206517.8764,455663.947
1060030700,이화교동단,101,도로교차점,0,무,127.0738126,37.6014696,206518.0694,455768.5948
1060030800,용마터널(서측),104,도로시설물,0,무,127.0907358,37.5804918,208014.7332,453441.5983
1060030900,남양주축산농협신내동지점,101,도로교차점,0,무,127.0964055,37.6018362,208513.1084,455811.089
1060031000,동부아파트203동,102,도로시.종점,1,유,127.0964916,37.6014432,208520.7535,455767.4815
1060031100,능말입구,102,도로시.종점,0,무,127.1059571,37.6145744,209354.9735,457225.7963
1070000400,과기원후문,101,도로교차점,1,유,127.0452901,37.6047234,203999.1932,456128.1343
1070000900,정릉터널동측(내부순환로),104,도로시설물,0,무,126.9921659,37.6097834,199308.2843,456688.8041
1070001600,보문3교,101,도로교차점,0,무,127.0211006,37.5859726,201863.6915,454046.2511
1070001700,안암역,101,도로교차점,1,유,127.0293692,37.5863108,202593.9959,454083.9808
1070001900,경동고교입구,101,도로교차점,0,무,127.0178511,37.5879514,201576.6354,454265.8064
1070002300,성북경찰서앞,101,도로교차점,0,무,127.015418,37.589967,201361.702,454489.4869
1070002900,서울사대부고앞,101,도로교차점,1,유,127.0362773,37.5930865,203203.8496,454836.2159
1070003000,성북파출소,101,도로교차점,0,무,126.999403,37.5932395,199947.2799,454852.5833
1070003200,성북동서울아파트,101,도로교차점,0,무,126.9892725,37.5964552,199052.6396,455209.5376
1070003300,성북구민회관입구,101,도로교차점,0,무,127.0065757,37.5964904,200580.7089,455213.4121
1070003400,성북빌리지,101,도로교차점,0,무,126.9966838,37.5966212,199707.1407,455227.9195
1070003700,아일랜드대사관,101,도로교차점,0,무,126.9972417,37.5995932,199756.4168,455557.771
1070003900,길음교,101,도로교차점,0,무,127.0220563,37.6016621,201947.6932,455787.6246
1070004100,성북구보건소,101,도로교차점,0,무,127.0382742,37.6025802,203379.776,455889.9823
1070004300,아리랑고개입구,101,도로교차점,1,유,127.0132625,37.6036006,201171.118,456002.6312
1070004400,생명의전화,101,도로교차점,0,무,127.0371588,37.6037071,203281.2339,456015.0187
1070004700,의릉,101,도로교차점,0,무,127.0601116,37.6045961,205307.9712,456114.7375
1070004800,상월곡역,101,도로교차점,1,유,127.0477215,37.6059854,204213.8237,456268.3108
1070005100,석관중학교후문,101,도로교차점,0,무,127.0673183,37.6072514,205944.1304,456409.8732
1070005300,고려대보건과학대학,101,도로교차점,0,무,127.0015793,37.6079209,200139.4526,456482.0572
1070005500,석관고교,101,도로교차점,0,무,127.0671567,37.6104311,205929.6014,456762.7807
1070006200,국민은행장위동지점,101,도로교차점,0,무,127.048987,37.6135907,204325.1237,457112.4738
1070006300,장위동원천주유소,101,도로교차점,0,무,127.0534053,37.6142764,204715.1819,457188.7889
1070006500,안암오거리_돌다리길_진입_1,101,도로교차점,0,무,127.0294652,37.5830335,202602.5873,453720.2405
1070006600,안암오거리_참살이길_진입_1,101,도로교차점,0,무,127.0296004,37.5830479,202614.5302,453721.8458
1070006700,동신초교,101,도로교차점,0,무,127.0177787,37.583322,201570.3392,453751.9988
1070006800,진흥빌딩,101,도로교차점,0,무,127.0204039,37.5834359,201802.2177,453764.6927
1070006900,신일빌딩,101,도로교차점,0,무,127.0218509,37.5839034,201930.0117,453816.6041
1070007000,보문시장입구,101,도로교차점,1,유,127.0199417,37.5843038,201761.3687,453861.0073
1070007100,보문사입구,101,도로교차점,1,유,127.017768,37.5847073,201569.3684,453905.7571
1070007200,보문역,101,도로교차점,1,유,127.0193986,37.5853382,201713.3783,453975.8038
1070007300,서울삼선초등학교,101,도로교차점,0,무,127.0128855,37.5856089,201138.1046,454005.7445
1070007400,모래마을숯불갈비,101,도로교차점,1,유,127.0206962,37.5858068,201827.9727,454027.8361
1070007500,일정서예원,101,도로교차점,0,무,127.0109612,37.5862253,200968.1359,454074.1394
1070007600,고대앞사거리_인촌로_진출_1,101,도로교차점,0,무,127.0322802,37.5863537,202851.0999,454088.8291
1070007800,용문고로터리,101,도로교차점,0,무,127.023704,37.5864923,202093.6149,454103.9833
1070007900,진선실업,101,도로교차점,0,무,127.0165945,37.5869517,201465.6689,454154.8399
1070008000,용문중고,101,도로교차점,0,무,127.0229757,37.5878576,202029.2507,454255.5032
1070008400,성북세무서,101,도로교차점,0,무,127.0104134,37.5883828,200919.7266,454313.5903
1070008600,한성대입구역,101,도로교차점,1,유,127.0061562,37.5884849,200543.72,454324.8866
1070008800,차사랑서비스,101,도로교차점,1,유,127.0186399,37.5885874,201646.2942,454336.4174
1070009200,보문2교,101,도로교차점,0,무,127.018956,37.5888317,201674.2078,454363.5372
1070009300,대명빌딩,101,도로교차점,1,유,127.0166511,37.5889581,201470.6356,454377.5256
1070009400,안암골고시원,102,도로시.종점,0,무,127.0292314,37.5890088,202581.7277,454383.4227
1070009500,동원슈퍼마켓,101,도로교차점,0,무,127.022332,37.5890662,201972.3652,454389.6208
1070009600,박태민한의원,101,도로교차점,1,유,127.0052971,37.5891514,200467.8374,454398.8642
1070009700,성신여자대학교 미디어정보관,101,도로교차점,0,무,127.0196737,37.589423,201737.5788,454429.1761
1070009800,테마모텔,101,도로교차점,1,유,127.0174249,37.589539,201538.9618,454442.0155
1070009900,성북해법교실,101,도로교차점,0,무,127.0177161,37.5897739,201564.6794,454468.0902
1070010000,성북녹십자약국,101,도로교차점,1,유,127.0094252,37.5899124,200832.4284,454483.3486
1070010100,경덕하이츠빌라,101,도로교차점,0,무,127.0065356,37.5900496,200577.2164,454498.5594
1070010200,동양유치원,101,도로교차점,1,유,127.0164931,37.5903114,201456.6524,454527.7274
1070010300,성북경찰서,101,도로교차점,0,무,127.0169509,37.5904468,201497.0808,454542.7558
1070010400,니키,101,도로교차점,1,유,127.0167916,37.5912481,201482.994,454631.6941
1070010500,성신여대로터리,101,도로교차점,1,유,127.0199079,37.5913739,201758.2163,454645.7115
1070010600,동암약국,101,도로교차점,1,유,127.0134474,37.5915465,201187.6367,454664.7579
1070010800,성북구청입구,101,도로교차점,1,유,127.0132149,37.5918135,201167.105,454694.3913
1070010900,동일하이빌아파트,101,도로교차점,0,무,127.0150152,37.5919897,201326.0926,454713.9733
1080018700,약사정사,102,도로시.종점,0,무,127.0021347,37.6580483,200188.3675,462045.6748
1080018800,동아운수,101,도로교차점,0,무,127.0135903,37.6606851,201199.1488,462338.4123
1080018900,우이성원아파트,101,도로교차점,1,유,127.013476,37.6611073,201189.0559,462385.2807
1080019000,강북구-도봉구경계(7),105,행정경계,0,무,127.0167367,37.6621106,201476.7472,462496.6809
1080019100,삼양교통(주)좌측출입구,101,도로교차점,0,무,127.0118161,37.663007,201042.5676,462596.098
1080019200,삼양교통(주)우측출입구,101,도로교차점,1,유,127.0122321,37.6631059,201079.2704,462607.0879
1080019300,우이동,101,도로교차점,0,무,127.0125809,37.6631889,201110.0454,462616.3028
1080019400,삼양교통(주),103,속성변화점,0,무,127.0119133,37.6632525,201051.1379,462623.3541
1080019500,오패산터널,104,도로시설물,0,무,127.0293761,37.6264028,202593.2082,458533.7573
1090000200,도봉역,101,도로교차점,0,무,127.0454848,37.6806173,204012.3056,464551.5857
1090000300,도봉산역,101,도로교차점,0,무,127.045819,37.6873934,204041.423,465303.6857
1090000400,시계(도봉로),105,행정경계,1,유,127.0448677,37.6936614,203957.1795,465999.3295
1090000500,우이3교,101,도로교차점,0,무,127.0366708,37.6371335,203236.6945,459724.9766
1090000700,우이교,101,도로교차점,0,무,127.0311741,37.6431317,202751.3154,460390.5373
1090000800,도봉문화정보센터,101,도로교차점,0,무,127.0445672,37.6443373,203933.2772,460524.8286
1090000900,한일병원,101,도로교차점,1,유,127.0280015,37.6451288,202471.2456,460612.1102
1090001300,창동시장입구,101,도로교차점,0,무,127.0334585,37.6465245,202952.7877,460767.1742
1090001500,숭미파출소,101,도로교차점,0,무,127.0257254,37.6472651,202270.3028,460849.1592
1090001600,창1동주민센터,101,도로교차점,0,무,127.0438085,37.6481046,203866.1259,460942.924
1090001700,창일중학교,101,도로교차점,0,무,127.0474311,37.6494596,204185.7432,461093.4722
1090002000,정의여중입구,101,도로교차점,0,무,127.0363353,37.6513648,203206.468,461304.4911
1090002400,창동역서측,103,속성변화점,1,유,127.0460573,37.6528111,204064.323,461465.3898
1090002700,농협창동유통센타,101,도로교차점,0,무,127.0533222,37.6544859,204705.3087,461651.6194
1090002800,도봉보건소,101,도로교차점,0,무,127.0395157,37.6567118,203486.874,461898.0718
1090002900,선덕고교입구,101,도로교차점,0,무,127.0278572,37.6577297,202458.0939,462010.6718
1090003100,삼익세라믹아파트,101,도로교차점,0,무,127.0351185,37.6581592,203098.8102,462058.5615
1090003200,창동운동장,101,도로교차점,1,유,127.049966,37.6600136,204408.816,462264.9777
1090003600,방학사거리,101,도로교차점,0,무,127.0424663,37.6628216,203746.9296,462576.3075
1090003800,방학동새마을금고,101,도로교차점,0,무,127.0360672,37.6649036,203182.2313,462807.1495
1090004000,방학중학교,101,도로교차점,0,무,127.033403,37.6673511,202947.0691,463078.7184
1090004200,신도봉사거리,101,도로교차점,0,무,127.0438902,37.6712651,203872.129,463513.5174
1090004400,도봉산관광풀장,101,도로교차점,0,무,127.0395041,37.6869733,203484.4403,465256.795
1090004500,신창교,101,도로교차점,1,유,127.0395045,37.6332752,203486.9842,459296.8402
1090004600,과연약국,101,도로교차점,0,무,127.0427181,37.6345274,203770.5785,459435.9518
1090004700,삼흥자동차공업사,101,도로교차점,0,무,127.038155,37.6361197,203367.7429,459612.502
1090004800,남대문약국,101,도로교차점,0,무,127.0373581,37.6378548,203297.3235,459805.0547
1090004900,외환은행창동대우APT상가점,101,도로교차점,0,무,127.039496,37.6401254,203485.9188,460057.1502
1090005000,수산트리플아파트,101,도로교차점,0,무,127.0336627,37.6407202,202971.0439,460122.9654
1090005100,태양연립,103,속성변화점,0,무,127.0341412,37.6408603,203013.2715,460138.5229
1090005200,창림초교,101,도로교차점,1,유,127.0405885,37.6412922,203582.2803,460186.6904
1090005300,태영데시앙아파트,101,도로교차점,0,무,127.0332278,37.6415128,202932.6264,460210.9131
1090005400,번창교,101,도로교차점,0,무,127.0319887,37.6426137,202823.2293,460333.0697
1090005500,(주) 석원산업,101,도로교차점,1,유,127.054238,37.6426327,204786.8799,460336.082
1090005600,협창실업주식회사,101,도로교차점,0,무,127.0347611,37.6433302,203067.8816,460412.6847
1090005700,문화예술연계학교앞,101,도로교차점,0,무,127.0404273,37.6436503,203567.9451,460448.4035
1090005800,(주)에스엠,101,도로교차점,1,유,127.033229,37.6443162,202932.6264,460522.0637
1090005900,수정오피스텔,101,도로교차점,1,유,127.0335512,37.6448396,202961.0427,460580.1663
1090006000,성북택시,101,도로교차점,1,유,127.0326538,37.6451674,202881.8263,460616.5201
1090006300,녹천지하보차도,101,도로교차점,1,유,127.0491373,37.645461,204336.5454,460649.7492
1090006400,녹천교서단,101,도로교차점,1,유,127.0548102,37.6458042,204837.1773,460688.1108
1090006500,창동대우아파트,102,도로시.종점,1,유,127.0506461,37.6458247,204469.684,460690.1776
1090006600,서울외고,102,도로시.종점,0,무,127.0516776,37.6460779,204560.7008,460718.3294
1090006700,녹천역입구,101,도로교차점,1,유,127.0528648,37.6460754,204665.476,460718.1177
1090006800,도봉전화국,101,도로교차점,0,무,127.034321,37.6462009,203028.919,460731.286
1090006900,창북중교입구,101,도로교차점,0,무,127.0393838,37.6466142,203475.7112,460777.3342
1090007000,쌍문교,101,도로교차점,1,유,127.0253261,37.6467948,202235.078,460796.9485
1090007100,우이동다실,101,도로교차점,0,무,127.0272582,37.649069,202405.5217,461049.4047
1090007200,쌍문초교,101,도로교차점,0,무,127.0228694,37.6490822,202018.2073,461050.7721
1090007300,만복중앙교회,101,도로교차점,0,무,127.0233145,37.6495401,202057.4749,461101.6018
1090007400,덕성여대기숙사,101,도로교차점,0,무,127.0217902,37.649676,201922.9571,461116.6535
1090007500,동광판유리,101,도로교차점,0,무,127.0250686,37.6500716,202212.2565,461160.6357
1090007600,동성빌라,101,도로교차점,0,무,127.0223085,37.6501877,201968.6805,461173.4628
1090007700,숭미초교,101,도로교차점,0,무,127.0287178,37.6507414,202534.2749,461235.0658
1090007800,소피아관광호텔,101,도로교차점,0,무,127.0359882,37.6506724,203175.8651,461227.6252
1090007900,이마트,101,도로교차점,1,유,127.0466668,37.6513071,204118.1923,461298.4903
1090008000,서영실업,101,도로교차점,0,무,127.0372254,37.6513289,203285.0166,461300.5336
1090008100,창동아파트(3단지)311동,101,도로교차점,1,유,127.0439855,37.6513537,203881.5723,461303.5465
1090008200,창동고등학교,101,도로교차점,1,유,127.0376953,37.6514187,203326.4833,461310.5236
1090008300,창동삼성아파트,102,도로시.종점,1,유,127.0478822,37.6516119,204225.4334,461332.3756
1090008500,도봉등기소,101,도로교차점,0,무,127.0438655,37.6516915,203870.9651,461341.0354
1090008600,신원리베르텔,101,도로교차점,1,유,127.0464968,37.651722,204103.1639,461344.5279
1090008700,창원초교,101,도로교차점,1,유,127.0415549,37.6517065,203667.0619,461342.6031
1090008800,도봉구보건소,102,도로시.종점,0,무,127.0492982,37.6519274,204350.3699,461367.4594
1090009000,사랑의교회,101,도로교차점,0,무,127.0233692,37.651882,202062.2374,461361.529
1090009100,삼보사,101,도로교차점,0,무,127.0258014,37.6520625,202276.8678,461381.6162
1090009200,극동쌍용아파트,101,도로교차점,0,무,127.0282264,37.6521088,202490.8633,461386.8232
1090009300,북부교육청,101,도로교차점,1,유,127.043653,37.6522434,203852.1849,461402.2813
1090009400,창동아파트2단지,101,도로교차점,1,유,127.0440035,37.6523249,203883.1148,461411.3433
1090009500,가든빌라,101,도로교차점,0,무,127.0236512,37.6523511,202087.1083,461413.5991
1090009600,창4동주민센터,101,도로교차점,1,유,127.051218,37.6523857,204519.7565,461418.4183
1090009700,상아프라자,101,도로교차점,1,유,127.0451279,37.6526002,203982.3179,461441.9503
1090009800,창동하이마트,101,도로교차점,1,유,127.0524282,37.6527142,204626.5293,461454.9308
1090009900,도봉경찰서,101,도로교차점,1,유,127.0533403,37.6529107,204707.002,461476.7824
1090010000,창동주공1단지입구,101,도로교차점,0,무,127.0410539,37.6535961,203622.7643,461552.3136
1090010100,창동견인차량보관소,101,도로교차점,0,무,127.0506157,37.6539221,204466.5129,461588.913
1090010200,극동방송문화센터,101,도로교차점,1,유,127.0518824,37.6542362,204578.2732,461623.8381
1090010300,창동견인보관소앞,101,도로교차점,1,유,127.0477865,37.6548187,204216.7987,461688.2907
1090010400,창동구민회관앞,101,도로교차점,1,유,127.0384263,37.6548941,203390.8301,461696.2869
1090010500,동북초등학교,101,도로교차점,0,무,127.0279532,37.6553543,202466.6472,461747.0356
1090010600,환승주차장,101,도로교차점,0,무,127.0500644,37.6553684,204417.7766,461749.4096
1090010700,쌍문한양아파트앞,101,도로교차점,0,무,127.0331597,37.6555261,202926.0706,461766.2444
1090010800,창동농수산센타,101,도로교차점,0,무,127.0529611,37.6560384,204673.347,461823.9164
1090010900,대성하이츠빌라앞,101,도로교차점,0,무,127.0424731,37.6563704,203747.8595,461860.2892
1090011000,창동현대아파트,101,도로교차점,0,무,127.0403826,37.6564097,203563.3916,461864.5754
1090011100,(주)울모드,101,도로교차점,0,무,127.0458933,37.6569796,204049.628,461928.0438
1090011200,초당초교,101,도로교차점,0,무,127.022863,37.6574839,202017.4136,461983.2715
1090011300,방학동우성아파트후문,101,도로교차점,0,무,127.0248634,37.6575568,202193.9334,461991.4101
1090011400,삼산교회,101,도로교차점,0,무,127.01526,37.6575395,201346.5347,461989.304
1090011500,쌍문주택은행,101,도로교차점,0,무,127.0329685,37.6580273,202909.1035,462043.8506
1090011600,연세한의원,101,도로교차점,0,무,127.0342981,37.6580999,203026.42,462051.9469
1090011700,자운초교앞,101,도로교차점,0,무,127.0458726,37.6581978,204047.7296,462063.259
1090011800,신동아2단지아파트,101,도로교차점,0,무,127.0228001,37.6582857,202011.8467,462072.2669
1090012000,원당어린이집,101,도로교차점,0,무,127.0250274,37.6584054,202208.3796,462085.602
1090012100,청구아파트,101,도로교차점,0,무,127.0264632,37.6584623,202335.0624,462091.952
1090012200,성원프라자,101,도로교차점,0,무,127.0277855,37.6585092,202451.7439,462097.1907
1090012300,창동연립,101,도로교차점,1,유,127.041728,37.6590925,203681.9781,462162.391
1090012400,가인지하차도(서측),104,도로시설물,0,무,127.0433914,37.6593016,203828.7335,462185.6625
1090012500,자운고등학교,101,도로교차점,0,무,127.0498853,37.6593119,204401.7428,462187.0842
1090012600,창동변전소,101,도로교차점,0,무,127.0410823,37.6593173,203624.9868,462187.3148
1090012700,가인초교,101,도로교차점,1,유,127.0449342,37.6594941,203964.8619,462207.0938
1100033300,양지근린공원,101,도로교차점,1,유,127.0766263,37.6477316,206762.3468,460903.3865
1100033500,상명여자중고등학교,101,도로교차점,1,유,127.0680498,37.6478365,206005.4506,460914.4442
1100033600,서울제일교회앞,101,도로교차점,1,유,127.0771176,37.64786,206805.6857,460917.674
1100033700,수암초교앞,101,도로교차점,0,무,127.0806633,37.6480164,207118.5826,460935.2953
1100033800,당현초교,101,도로교차점,0,무,127.0593556,37.6483488,205238.1435,460970.7794
1100033900,상계백병원,101,도로교차점,1,유,127.062154,37.6489889,205485.0582,461041.9878
1100034000,노해근린공원,101,도로교차점,1,유,127.0695868,37.6492034,206140.9837,461066.2492
1100034100,하이곤태권도장,101,도로교차점,0,무,127.0819693,37.649679,207233.6765,461119.9219
1100034200,상계성원아파트,101,도로교차점,0,무,127.0687216,37.6501893,206064.5504,461175.622
1100034400,을지중,101,도로교차점,0,무,127.0712066,37.6502679,206283.8376,461184.512
1100034500,상계주공3단지(동부간선도로),108,IC 및 JC,0,무,127.0554503,37.6503805,204893.3694,461196.07
1100034600,중계종합상가,101,도로교차점,0,무,127.0780007,37.6506419,206883.3675,461226.4963
1100034700,중계제일은행,101,도로교차점,0,무,127.0754535,37.6506874,206658.5771,461231.3646
1100034800,청구스포츠센타,101,도로교차점,0,무,127.0745972,37.6507051,206583.0119,461233.2696
1100034900,당현2교,101,도로교차점,1,유,127.0684987,37.6507926,206044.8297,461242.5644
1100035000,상계3단지주공아파트308동,101,도로교차점,0,무,127.0586197,37.6508458,205173.0241,461247.8799
1100035100,상계2-6단지,101,도로교차점,1,유,127.0613705,37.6514447,205415.7372,461314.5092
1100035200,청암고교,101,도로교차점,1,유,127.0729506,37.651497,206437.6351,461321.0435
1100035300,신상중교,101,도로교차점,1,유,127.064158,37.6520818,205661.6726,461385.3867
1100035400,대웅빌딩,101,도로교차점,1,유,127.0775778,37.6521869,206845.9024,461397.9466
1100035500,상계주공3단지(동부간선도로),104,도로시설물,0,무,127.0553377,37.6507979,204883.405,461242.3859
1100035600,중계우성아파트3차,101,도로교차점,0,무,127.0720273,37.6522571,206356.0946,461405.3464
1100035800,중계대림e편한세상아파트앞,101,도로교차점,1,유,127.0712513,37.6526182,206287.5854,461445.3679
1100035900,신광상운,101,도로교차점,0,무,127.070773,37.6528158,206245.3578,461467.2754
1100036000,상계중학교,101,도로교차점,1,유,127.0678513,37.6529169,205987.5208,461478.3086
1100036100,노원구-도봉구경계(4),105,행정경계,0,무,127.0542302,37.6529961,204785.5305,461486.3074
1100036200,창동교,101,도로교차점,1,유,127.0551464,37.653105,204866.3714,461498.4408
1100036400,소망교회,101,도로교차점,1,유,127.0710179,37.6531189,206266.9478,461500.9305
1100036600,창동교동단,101,도로교차점,1,유,127.0563429,37.6533571,204971.9404,461526.4867
1100036700,새성교회,101,도로교차점,0,무,127.0692713,37.653323,206112.8013,461523.4731
1100036800,화랑카센타,101,도로교차점,1,유,127.0739006,37.6534502,206521.2965,461537.8964
1100037000,상계6동우체국,101,도로교차점,1,유,127.0576084,37.6536378,205083.5948,461557.7076
1100037100,중계벽산아파트3차,101,도로교차점,0,무,127.0729913,37.6537741,206441.0261,461573.7805
1100037200,노원역_일반국도3호선_진입_2,101,도로교차점,0,무,127.060663,37.6538423,205353.1318,461580.5735
1100037300,노원역_일반국도3호선_진출_2,101,도로교차점,0,무,127.0607961,37.6538646,205364.8703,461583.0649
1100037400,노원구청(동부간선도로),104,도로시설물,0,무,127.0550181,37.6547992,204854.9376,461686.4787
1100037500,현대증권빌딩,101,도로교차점,1,유,127.0594197,37.6540421,205243.4034,461602.6868
1100037600,노원역_노해길_진출_2,101,도로교차점,0,무,127.0600231,37.6541098,205296.64,461610.2326
1100037700,노원역_노해길_진입_2,101,도로교차점,0,무,127.0599892,37.6542145,205293.6406,461621.8517
1100037800,노원역,101,도로교차점,1,유,127.0606143,37.6542866,205348.7975,461629.8931
1100037900,노원역_노해길_진입_1,101,도로교차점,0,무,127.0612296,37.6543701,205403.0885,461639.1931
1100038000,노원역_노해길_진출_1,101,도로교차점,0,무,127.0611923,37.6544741,205399.7861,461650.7297
1100038100,노원구청(동부간선도로),102,도로시.종점,0,무,127.0552351,37.6545705,204874.0994,461661.1108
1100038200,중계주공4ㆍ5단지,101,도로교차점,1,유,127.0781823,37.6545551,206899.0309,461660.8372
1100038300,덕영빌딩,101,도로교차점,1,유,127.0618476,37.6545666,205457.6075,461661.0403
1100038400,중계중학교,101,도로교차점,0,무,127.075966,37.6546176,206703.4505,461667.6105
1100038500,원광초교,101,도로교차점,1,유,127.0742418,37.6547001,206551.3003,461676.6442
1100038600,창동차량기지국,101,도로교차점,1,유,127.0558732,37.6546851,204930.4007,461673.8599
1100038700,노원역_일반국도3호선_진출_1,101,도로교차점,0,무,127.0604128,37.6547779,205330.9865,461684.4081
1100038800,한국통신상계,101,도로교차점,1,유,127.0631659,37.6548659,205573.9162,461694.3339
1100038900,노원역_일반국도3호선_진입_1,101,도로교차점,0,무,127.0605458,37.6548005,205342.7205,461686.921
1100039000,노원재활용센타,101,도로교차점,0,무,127.073399,37.6549624,206476.9036,461705.702
1100039100,노원구보건소,101,도로교차점,0,무,127.0571717,37.6549706,205044.9655,461705.6099
1100039200,염광교,101,도로교차점,0,무,127.0724033,37.6551462,206389.0268,461726.0385
1100039300,상계소방파출소앞,101,도로교차점,0,무,127.0718835,37.6552324,206343.148,461735.5635
1100039400,노블레스관광호텔,101,도로교차점,1,유,127.058947,37.6553559,205201.5992,461748.4725
1100039500,도봉운전면허시험장,101,도로교차점,1,유,127.0602526,37.6556337,205316.7828,461779.383
1100039600,상계6.7동주민센터,101,도로교차점,1,유,127.0670234,37.6557337,205914.2443,461790.888
1100039700,위성프라자,101,도로교차점,1,유,127.0613661,37.6558858,205415.0248,461807.4289
1100039800,성임빌딩,101,도로교차점,1,유,127.0617224,37.6559672,205446.4574,461816.4776
1100039900,찬양치과의원,101,도로교차점,1,유,127.0641372,37.6565094,205659.5003,461876.8028
1100040000,현대쇼핑센타,101,도로교차점,1,유,127.0747737,37.6566668,206598.0623,461894.9684
1100040200,원산빌딩,101,도로교차점,0,무,127.0739187,37.6568648,206522.598,461916.8802
1100040300,상계초교입구,101,도로교차점,1,유,127.066597,37.6571016,205876.512,461942.6841
1100040400,중계종합사회복지관,101,도로교차점,0,무,127.0769281,37.6571801,206788.1173,461952.0911
1100040500,새싹교,101,도로교차점,0,무,127.0717425,37.6573236,206330.5273,461967.6564
1100040600,중계초등교앞,101,도로교차점,0,무,127.0722957,37.6573685,206379.3431,461972.6835
1100040700,삿갓봉근린공원,101,도로교차점,1,유,127.0750881,37.6578258,206625.7013,462023.6247
1100040800,세일학원,101,도로교차점,0,무,127.0615334,37.6577937,205429.6479,462019.1964
1100041200,불암교,101,도로교차점,1,유,127.0716428,37.6582729,206321.6479,462073.0181
1100041300,진성카쎈타,101,도로교차점,0,무,127.0726472,37.6580453,206410.2994,462047.8254
1100041500,데미안 빌딩,101,도로교차점,1,유,127.0744095,37.658331,206565.7781,462079.6521
1100041600,동우상가,101,도로교차점,0,무,127.0769413,37.6583396,206789.1756,462080.7847
1100041700,도봉면허시험장,101,도로교차점,1,유,127.0594903,37.658509,205249.3139,462098.4712
1100041800,상계중앙시장,101,도로교차점,1,유,127.0711124,37.6586909,206274.8166,462119.3732
1100042000,수성약국,101,도로교차점,0,무,127.0614297,37.6588379,205420.4224,462135.0895
1100042100,상계초교,101,도로교차점,0,무,127.0649529,37.6589214,205731.293,462144.5579
1100042300,백합교회,101,도로교차점,0,무,127.0733066,37.6592357,206468.3755,462179.985
1100042400,상계역입구,101,도로교차점,1,유,127.0727253,37.6597366,206417.0463,462235.5476
1100042500,상계역,101,도로교차점,0,무,127.0724467,37.659995,206392.4351,462264.2027
1100042700,상계10동주민센터,101,도로교차점,1,유,127.0617491,37.6608921,205448.4528,462363.1041
1100042800,재현중/고등학교,101,도로교차점,0,무,127.0788031,37.6609167,206953.2176,462366.9586
1100042900,삼정의원,101,도로교차점,1,유,127.0713914,37.6609039,206299.2487,462365.0091
1100043000,상계한의원,101,도로교차점,0,무,127.0742547,37.6609937,206551.8857,462375.1747
1100043100,상계교,104,도로시설물,0,무,127.0531022,37.6594087,204685.5875,462197.9924
1100043300,성은약국,101,도로교차점,1,유,127.0740114,37.6611207,206530.4015,462389.2505
1100043400,청암3단지 아파트,102,도로시.종점,0,무,127.0798013,37.6612002,207041.2711,462398.497
1100043500,온수골사거리,101,도로교차점,1,유,127.0587787,37.6611888,205186.343,462395.8634
1100043600,상계역국민은행앞,101,도로교차점,1,유,127.0737429,37.6613135,206506.6948,462410.6289
1100043800,상계10단지앞,101,도로교차점,1,유,127.056331,37.6613946,204970.3555,462418.5726
1100043900,대림상계아파트상가앞,101,도로교차점,0,무,127.0742494,37.6617474,206551.3442,462458.8306
1100044000,상계교,101,도로교차점,1,유,127.0524649,37.6617078,204629.205,462453.1318
1100044100,노원구-도봉구경계(5),105,행정경계,0,무,127.0513717,37.6618354,204532.742,462467.247
1100044200,정진아트리움,101,도로교차점,1,유,127.0757555,37.6618348,206684.2306,462468.6363
1100044400,노원성당,104,도로시설물,0,무,127.0521722,37.664236,204603.2237,462733.7216
1100044500,당고개입구오거리,101,도로교차점,1,유,127.0758764,37.6625807,206694.8318,462551.4272
1100044600,당고개입구오거리,101,도로교차점,1,유,127.0754092,37.6627647,206653.5917,462571.824
1100044700,벽산빌딩,101,도로교차점,1,유,127.0735327,37.6630151,206488.0028,462599.4834
1100044800,상계제일중교_상계로_진출_1,101,도로교차점,0,무,127.0755636,37.663279,206667.1712,462628.9086
1100044900,당고개입구오거리,101,도로교차점,0,무,127.0759486,37.6633976,206701.1265,462642.1016
1100045000,영진카센타,101,도로교차점,1,유,127.0738193,37.663547,206513.2441,462658.5385
1100045100,당고개입구오거리,101,도로교차점,0,무,127.0758341,37.663956,206690.9777,462704.0723
1100045300,상계3동사무소,101,도로교차점,1,유,127.0749107,37.6639921,206609.4997,462708.0157
1100045500,보람한신아파트,101,도로교차점,0,무,127.0671016,37.6642261,205920.4704,462733.4686
1100045600,주공10단지앞,101,도로교차점,0,무,127.0551236,37.6644117,204863.6224,462753.377
1100045700,마들역,101,도로교차점,1,유,127.0578788,37.6645672,205106.7032,462770.7788
1100045800,상계9동사무소,101,도로교차점,0,무,127.0634238,37.6648175,205595.9319,462798.8738
1090012800,벽산아파트,101,도로교차점,0,무,127.0248821,37.6595769,202195.5209,462215.6185
1090012900,창동현대I'PARK3차,101,도로교차점,0,무,127.0452761,37.6595469,203995.0245,462212.9605
1090013200,방학4동사무소앞,101,도로교차점,0,무,127.024231,37.6601949,202138.0532,462284.1986
1090013300,가인지하차도(동측),104,도로시설물,0,무,127.0467338,37.6601619,204123.6123,462281.2831
1090013400,한성교회앞,101,도로교차점,1,유,127.0488311,37.6606065,204308.6446,462330.7268
1090013500,대안주유소앞,101,도로교차점,0,무,127.0475204,37.661275,204192.9597,462404.8632
1090013600,우마당,101,도로교차점,1,유,127.0244864,37.6614337,202160.5509,462421.6979
1090013700,재인빌딩,101,도로교차점,0,무,127.0348398,37.6614903,203074.08,462428.2654
1090013800,10번종점,101,도로교차점,0,무,127.0240402,37.6615062,202121.1808,462429.7412
1090013900,신동아아파트,101,도로교차점,1,유,127.0276123,37.6618106,202436.3531,462463.608
1090014000,도봉로_방학로_진출,101,도로교차점,0,무,127.0423802,37.6619306,203739.3825,462477.4144
1090014100,상계교(서단),101,도로교차점,1,유,127.0506473,37.6619101,204468.8186,462475.502
1090014200,방학신동아APT,101,도로교차점,1,유,127.0314651,37.6621624,202776.2905,462502.7664
1090014300,창동중교,101,도로교차점,1,유,127.0487883,37.6623,204304.7766,462518.6821
1090014500,성원아파트,101,도로교차점,1,유,127.0347327,37.6625563,203064.5811,462546.5815
1090014600,서울문화고교,101,도로교차점,1,유,127.0466193,37.6627281,204113.3672,462566.11
1090014700,도봉로_방학로_진입,101,도로교차점,0,무,127.0438712,37.6627408,203870.8983,462567.3983
1090014900,방학지하차도(동측),104,도로시설물,0,무,127.0459276,37.662765,204052.3343,462570.1719
1090015000,방학동이수아파트,101,도로교차점,0,무,127.0448396,37.6627801,203956.3367,462571.7985
1090015100,현대자동차서비스북부사업소,101,도로교차점,1,유,127.0445352,37.6627838,203929.4815,462572.1954
1090015200,방학지하차도(서측),104,도로시설물,0,무,127.0434078,37.6628022,203830.0089,462574.1908
1090015300,도봉로_방학로_진입,101,도로교차점,0,무,127.0410776,37.6628932,203624.402,462584.2049
1090015400,신한은행방학지점,101,도로교차점,1,유,127.0374125,37.6628816,203301.0132,462582.7765
1090015500,도봉로_방학로_진입,101,도로교차점,0,무,127.0431771,37.6628605,203809.6423,462580.6563
1090015800,신방학중학교,101,도로교차점,0,무,127.0283612,37.6639159,202502.3566,462697.2943
1090015900,도봉로_방학로_진출,101,도로교차점,0,무,127.0427088,37.6639273,203768.2714,462699.043
1090016000,도봉로_방학로_진출,101,도로교차점,0,무,127.0425631,37.6638679,203755.4194,462692.4375
1090016100,도봉정보산업고,101,도로교차점,1,유,127.048639,37.6642404,204291.4881,462734.0461
1090016200,창도초등학교,101,도로교차점,0,무,127.0503195,37.6642425,204439.7609,462734.357
1090016300,도봉독서실(도봉상고),101,도로교차점,1,유,127.0465202,37.6642518,204104.5395,462735.2175
1090016400,금광포란재아파트,101,도로교차점,0,무,127.0447249,37.6642515,203946.1426,462735.1035
1090016500,서울시소방학교,101,도로교차점,0,무,127.0443876,37.6642909,203916.3769,462739.4692
1090016600,도봉소방서,101,도로교차점,1,유,127.0427617,37.664608,203772.9063,462774.5927
1090016700,샛별선교원,103,속성변화점,0,무,127.0452317,37.6660308,203990.7647,462932.611
1090016800,LG대경주유소,101,도로교차점,1,유,127.0429995,37.6660744,203793.8122,462937.3596
1090016900,성보빌딩,101,도로교차점,0,무,127.0445884,37.6660646,203933.9982,462936.3416
1090017000,녹산교회,101,도로교차점,1,유,127.0442432,37.6661277,203903.5446,462943.331
1090017100,방학대상아파트,101,도로교차점,1,유,127.0462495,37.6660769,204080.5618,462937.769
1090017200,대상타운현대아파트,101,도로교차점,0,무,127.049066,37.6660624,204329.059,462936.2874
1090017300,ESA 아파트,101,도로교차점,1,유,127.0460867,37.6669953,204066.142,463039.696
1090017400,방학역,101,도로교차점,1,유,127.0431776,37.6670546,203809.4756,463046.1565
1090017500,메인프라자,101,도로교차점,0,무,127.0450812,37.6681306,203977.3675,463165.6683
1090017600,도봉월드상가,101,도로교차점,0,무,127.0480321,37.6681481,204237.718,463167.7321
1090017700,도봉구청,101,도로교차점,1,유,127.0461464,37.6682361,204071.3477,463177.4159
1090017800,별장맨션,102,도로시.종점,0,무,127.0287567,37.6692423,202537.07,463288.4805
1090017900,청룡각,101,도로교차점,1,유,127.0462587,37.6693202,204081.1902,463297.7486
1090018000,오봉초교,101,도로교차점,0,무,127.0397633,37.670885,203508.0597,463471.1635
1090018100,서원아파트,102,도로시.종점,0,무,127.04815,37.6711829,204247.9475,463504.5771
1090018200,도봉중교,101,도로교차점,1,유,127.0464766,37.6712408,204100.3097,463510.9271
1090018300,오봉초등학교,101,도로교차점,0,무,127.0409763,37.6712465,203615.0574,463511.3273
1090018400,영락사,101,도로교차점,0,무,127.0409917,37.6729929,203616.3274,463705.1615
1090018500,오일뱅크,101,도로교차점,1,유,127.0444415,37.6743391,203920.6008,463854.7248
1090018600,합동제일석유전문점,101,도로교차점,0,무,127.0436006,37.6755264,203846.3566,463986.467
1090018700,도봉동제일교회,101,도로교차점,1,유,127.043713,37.6770783,203856.1991,464158.7111
1090018900,도봉초등학교,102,도로시.종점,0,무,127.0360089,37.677776,203176.5387,464235.8677
1090019000,럭키아파트,101,도로교차점,1,유,127.0450531,37.6779605,203974.3643,464256.6806
1090019100,노원교(서단),101,도로교차점,1,유,127.0496378,37.6793549,204378.7234,464411.65
1090019200,도봉교,101,도로교차점,0,무,127.0435668,37.6797235,203843.1578,464452.2973
1090019300,삼성래미안아파트,101,도로교차점,1,유,127.0485263,37.6798071,204280.6501,464461.7886
1090019400,도봉산교회,101,도로교차점,1,유,127.0501457,37.6799954,204423.4909,464482.7701
1090019500,도봉삼환아파트,101,도로교차점,0,무,127.047476,37.6801924,204187.9782,464504.5079
1090019600,삼환아파트(도봉동),101,도로교차점,0,무,127.0477222,37.6807118,204209.6675,464562.1673
1090019700,상계극동아파트,101,도로교차점,1,유,127.0507926,37.6818321,204480.4479,464686.654
1090019800,극동종합상가,101,도로교차점,0,무,127.0486761,37.6825991,204293.7059,464771.6847
1090019900,이화창고,101,도로교차점,0,무,127.0464306,37.6833938,204095.5856,464859.7911
1090020000,김성아치과의원,101,도로교차점,0,무,127.0459681,37.6834978,204054.7835,464871.3136
1090020100,창신약국,101,도로교차점,0,무,127.0459998,37.6837719,204057.5616,464901.7408
1090020200,도봉산지구대,101,도로교차점,1,유,127.0513556,37.683983,204529.978,464925.4145
1090020300,선교어린이집,101,도로교차점,0,무,127.0436421,37.6843603,203849.566,464966.9434
1090020400,상도교(서단),101,도로교차점,1,유,127.0505493,37.6861385,204458.7247,465164.616
1090020500,도봉산입구,102,도로시.종점,0,무,127.0357992,37.6863225,203157.6792,465184.4313
1090020600,도봉고등학교,101,도로교차점,0,무,127.0421756,37.6873279,203720.0577,465296.2632
1090020700,도봉산성당,101,도로교차점,0,무,127.0444698,37.6873938,203922.4114,465303.6715
1090020800,평화길-해동길삼거리,101,도로교차점,0,무,127.0463649,37.6892226,204089.4715,465506.7229
1090020900,서울창포원앞(경보),101,도로교차점,0,무,127.0467807,37.6893039,204126.1428,465515.7717
1090021000,도봉산역,101,도로교차점,1,유,127.0454814,37.6895796,204011.5251,465546.3091
1090021100,도봉권역공영차고지,102,도로시.종점,0,무,127.0434418,37.6896753,203831.6195,465556.8518
1090021200,도봉검문소,101,도로교차점,1,유,127.0453822,37.6902223,204002.7409,465617.6409
1090021300,X-SPORTS LAND,101,도로교차점,1,유,127.0453231,37.6906085,203997.5021,465660.5035
1090021400,도봉로종점,101,도로교차점,0,무,127.0492064,37.6906394,204340.0118,465664.1049
1090021500,도봉파크빌3단지아파트삼거리,101,도로교차점,0,무,127.0492098,37.6881587,204340.4557,465388.7714
1090021600,방학로_도봉로_진출,101,도로교차점,0,무,127.0410732,37.6627854,203624.0138,462572.2393
1090021700,방학로_도봉로_진입,101,도로교차점,0,무,127.0422021,37.6617736,203723.6731,462459.9849
1090021800,창동지하차도(동측),104,도로시설물,0,무,127.0502842,37.6521573,204437.3651,461393.0182
1100000100,월릉교서측,104,도로시설물,0,무,127.0705006,37.6159812,206224.3964,457378.9954
1100000200,월릉교동측,104,도로시설물,0,무,127.0720139,37.6164475,206357.9583,457430.8538
1100000700,하계아파트7단지,101,도로교차점,0,무,127.0700799,37.6318141,206185.9408,459136.2564
1100001700,당현초교(동부간선도로),108,IC 및 JC,0,무,127.0565295,37.6477081,204988.7816,460899.5129
1100001900,동부간선도로-느티울1길램프(3),108,IC 및 JC,0,무,127.0556013,37.6499518,204906.721,461148.4924
1100002700,동일초교(동부간선도로),101,도로교차점,0,무,127.0523608,37.6644025,204619.8554,462752.2194
1100002900,상계8동주민센터(동부간선도로),108,IC 및 JC,0,무,127.0508879,37.6670025,204489.745,463040.7156
1100003400,노원교,101,도로교차점,1,유,127.0516546,37.6788437,204556.6682,464355.0126
1100003500,동부간선도로수락분기점,101,도로교차점,0,무,127.0554905,37.6871175,204894.5027,465273.5219
1100003600,동1로의정부시계,105,행정경계,0,무,127.0554316,37.6891342,204889.1783,465497.3531
1100003700,석계역,101,도로교차점,0,무,127.0648528,37.6148827,205725.8411,457256.7123
1100004100,광운대역,101,도로교차점,0,무,127.0601731,37.6230257,205312.0936,458160.2287
1100004200,한천교,101,도로교차점,0,무,127.068333,37.6236553,206032.3984,458230.596
1100004300,공릉신명아파트,101,도로교차점,0,무,127.071576,37.6250188,206318.5723,458382.1497
1100004400,공릉파출소,101,도로교차점,0,무,127.079069,37.6268645,206979.8622,458587.5254
1100004500,공릉라이프아파트,101,도로교차점,0,무,127.0692478,37.6276043,206112.8319,458668.9586
1100004600,공릉동부아파트,101,도로교차점,0,무,127.0780671,37.6276931,206891.3491,458679.422
1100004800,인덕대학입구,101,도로교차점,0,무,127.0558016,37.6281513,204925.8365,458728.8724
1100004900,서울과학기술대,101,도로교차점,0,무,127.0763629,37.6300499,206740.6951,458940.8838
1100005000,녹천중교,101,도로교차점,0,무,127.0610674,37.631495,205390.431,459100.2857
1100005200,한천중학교,101,도로교차점,0,무,127.0728488,37.6318715,206430.3382,459142.8142
1100005300,청백1단지아파트,101,도로교차점,0,무,127.0521719,37.6340993,204605.0583,459388.8559
1100005400,월계역입구,101,도로교차점,1,유,127.059761,37.6346141,205274.8916,459446.3989
1100005600,연촌초교,101,도로교차점,0,무,127.0718843,37.6351504,206344.9305,459506.6699
1100005800,중평중교,101,도로교차점,0,무,127.0613572,37.6371461,205415.6005,459727.5057
1100006100,중평초교,101,도로교차점,0,무,127.0646105,37.6380589,205702.674,459829.0133
1100006400,중계롯데아파트,101,도로교차점,0,무,127.0606091,37.6396458,205349.3917,460004.9103
1100006500,중계그린아파트,101,도로교차점,0,무,127.0635341,37.6404651,205607.4933,460096.0131
1100006700,용동초교,101,도로교차점,0,무,127.0682911,37.6418172,206027.2328,460246.3791
1100007000,중계본동종점,101,도로교차점,1,유,127.0831687,37.6441963,207340.062,460511.4902
1100007300,한글비근린공원앞,101,도로교차점,0,무,127.0750657,37.644514,206624.9013,460546.1526
1100007400,어린이교통공원,101,도로교차점,0,무,127.0615489,37.6448815,205431.9518,460586.0685
1100007800,불암중학교앞,101,도로교차점,0,무,127.0742319,37.6463105,206551.1642,460745.4903
1100007900,중계8단지,101,도로교차점,0,무,127.0742557,37.6475945,206553.1461,460887.995
1100008100,구민체육센터,101,도로교차점,0,무,127.0700417,37.6477668,206181.247,460906.8334
1100008400,불암초교,101,도로교차점,0,무,127.0811308,37.6505807,207159.5931,461219.9346
1100008500,은행사거리,101,도로교차점,0,무,127.0767607,37.6506656,206773.9356,461229.0363
1100009400,상계중앙시장,101,도로교차점,0,무,127.071728,37.6589895,206329.1092,462152.5521
1100009800,당고개입구오거리,101,도로교차점,0,무,127.0756035,37.6635187,206670.6715,462655.5222
1100009900,온곡초교입구,101,도로교차점,0,무,127.06621,37.6644436,205841.7832,462757.5458
1100010000,청원초교,101,도로교차점,0,무,127.0611138,37.6650876,205392.0965,462828.7188
1100010200,상원초교,101,도로교차점,0,무,127.0605561,37.6688882,205342.6193,463250.5184
1100010400,당고개길남양주시계,105,행정경계,0,무,127.0921483,37.6778475,208128.8885,464247.1838
1100010500,우현빌딩,101,도로교차점,0,무,127.0650372,37.6142978,205742.1636,457191.8089
1100010600,대호장여관,101,도로교차점,0,무,127.0658264,37.6144761,205811.8308,457211.6449
1100010700,북부간선도로-동부간선도로램프(,108,IC 및 JC,0,무,127.0705959,37.6146137,206232.9216,457227.2236
1100010800,석계역동,101,도로교차점,1,유,127.066412,37.6148122,205863.5041,457248.9909
1100011200,월릉IC(북부간선도로),108,IC 및 JC,0,무,127.0678359,37.6150447,205989.2074,457274.8859
1100011300,석계역,101,도로교차점,0,무,127.0647201,37.6152965,205714.0891,457302.6397
1100011400,월릉IC(북부간선도로),108,IC 및 JC,0,무,127.0677678,37.6151845,205983.1827,457290.3998
1100011500,석계고가차도(동측),104,도로시설물,0,무,127.0689468,37.6156153,206087.2368,457338.2807
1100011700,동부간선도로-화랑로램프(4),108,IC 및 JC,0,무,127.069621,37.6157006,206146.7574,457347.7944
1100011800,마들길-화랑로진입로,101,도로교차점,0,무,127.0695864,37.6158051,206143.6933,457359.3966
1100011900,월릉교서측,108,IC 및 JC,1,유,127.0701121,37.6158594,206190.1063,457365.4487
1100012000,마들길-화랑로진출로,101,도로교차점,0,무,127.0699223,37.6163868,206173.2987,457423.9722
1100012100,한전빌라,101,도로교차점,0,무,127.0597583,37.6164911,205275.9383,457434.9316
1100012400,월릉교동측,101,도로교차점,1,유,127.07293,37.6167368,206438.8151,457463.0272
1100012500,염상국치과의원,101,도로교차점,0,무,127.0642153,37.6167719,205669.4142,457466.3575
1100012600,공릉초교,101,도로교차점,1,유,127.0741699,37.6171537,206548.247,457509.3823
1100012700,예음피아노학원,101,도로교차점,0,무,127.0585952,37.6172533,205173.1897,457519.4633
1100012800,태릉입구역,101,도로교차점,1,유,127.0756738,37.6176743,206680.9772,457567.2741
1100012900,월계한진아파트,101,도로교차점,0,무,127.0699774,37.6178727,206178.042,457588.8945
1100013000,북부간선도로-동부간선도로램프(,108,IC 및 JC,0,무,127.0701804,37.6183986,206195.9252,457647.2837
1100013100,북부지청앞,101,도로교차점,1,유,127.0772787,37.6182244,206822.6139,457628.4356
1100013200,서울선곡초교,101,도로교차점,0,무,127.0572953,37.6182611,205058.3603,457631.25
1100013300,북부간선도로-동부간선도로램프(,108,IC 및 JC,0,무,127.072021,37.6187365,206358.3946,457684.9083
1100013400,영흥빌딩,101,도로교차점,1,유,127.0753332,37.6186496,206650.8147,457675.4889
1100013500,구묵동교,101,도로교차점,1,유,127.0785708,37.6186788,206936.6496,457678.9711
1100013700,북부포커스빌,101,도로교차점,0,무,127.0770457,37.6190096,206801.9693,457715.576
1100013800,서울동아의원,101,도로교차점,1,유,127.0782831,37.6192634,206911.1895,457743.8336
1100013900,공릉초교뒤,101,도로교차점,1,유,127.0733848,37.6195463,206478.7276,457774.879
1100014100,북부간선도로-동부간선도로램프(,108,IC 및 JC,0,무,127.0701709,37.6196418,206194.9784,457785.261
1100014200,북부간선도로-동부간선도로램프(,108,IC 및 JC,0,무,127.072,37.6197929,206356.4466,457802.1552
1100014300,노원주유소,101,도로교차점,1,유,127.0749188,37.6198624,206614.1284,457810.0686
1100014500,광운대학교 백련재,101,도로교차점,0,무,127.0545558,37.6201749,204816.3785,457843.5146
1100014700,화랑대역,101,도로교차점,1,유,127.0844348,37.6204341,207454.1756,457874.234
1100014900,대덕프라자,103,속성변화점,0,무,127.0833193,37.6210345,207355.6345,457940.7859
1100015000,북부간선도로-동부간선도로램프(,108,IC 및 JC,0,무,127.0710746,37.6223838,206274.5343,458089.6598
1100015100,화랑대사거리,108,IC 및 JC,1,유,127.0872263,37.6215882,207700.5032,458002.5572
1100015200,어린이공원,101,도로교차점,1,유,127.0726293,37.6218332,206411.832,458028.6524
1100015300,영시티빌라,101,도로교차점,1,유,127.052468,37.6221555,204631.941,458063.2347
1100015400,안성민치과의원,101,도로교차점,1,유,127.0741565,37.6221446,206546.6216,458063.3129
1100015500,태릉초교,101,도로교차점,0,무,127.0858951,37.6222198,207582.912,458072.5486
1100015600,준효약국,101,도로교차점,0,무,127.0792321,37.6222736,206994.6922,458078.003
1100015700,공릉중,103,속성변화점,0,무,127.082973,37.6223244,207324.9428,458083.9257
1100015800,성북전동차사무소,102,도로시.종점,0,무,127.0654391,37.6224559,205777.0233,458097.299
1100015900,공릉2치안센터,101,도로교차점,1,유,127.0869546,37.6225011,207676.4205,458103.8587
1100016000,북부간선도로-동부간선도로램프(,108,IC 및 JC,0,무,127.0697899,37.622401,206161.1178,458091.4787
1100016100,공릉동대아아파트,101,도로교차점,0,무,127.0712625,37.6227918,206291.0821,458134.949
1100016200,월계중앙교회,101,도로교차점,0,무,127.0722517,37.622984,206378.3939,458156.3459
1100016300,화랑타운아파트710동,101,도로교차점,0,무,127.0903454,37.6233738,207975.6704,458200.9951
1100016400,경성택시,101,도로교차점,1,유,127.0737761,37.6232999,206512.9454,458191.5143
1100016500,화랑타운아파트711동,101,도로교차점,0,무,127.0900642,37.6235194,207950.8265,458217.1349
1100016600,장석교회,101,도로교차점,0,무,127.0508059,37.6238905,204485.097,458255.7195
1100016700,태릉현대홈타운스위트2단지203동,101,도로교차점,0,무,127.0908899,37.6242664,208023.6399,458300.1084
1100016800,현대빌라,101,도로교차점,0,무,127.0820218,37.6244038,207240.7684,458314.6389
1100016900,한천교동측,101,도로교차점,0,무,127.0707221,37.6246665,206243.2189,458342.9913
1100017000,월계주유소,101,도로교차점,1,유,127.0502275,37.6245679,204433.997,458330.8741
1100017100,밀레니엄타워,101,도로교차점,0,무,127.089061,37.6247235,207862.138,458350.6968
1100017200,화랑대역,101,도로교차점,0,무,127.092364,37.6247886,208153.7182,458358.2022
1100017300,비선아파트,101,도로교차점,1,유,127.0862308,37.6249157,207612.2808,458371.793
1100017400,태릉현대홈타운스위트2단지201동,101,도로교차점,0,무,127.0921862,37.6249871,208138.0019,458380.2156
1100017500,태능현대아파트5동앞,102,도로시.종점,0,무,127.0826237,37.6250157,207293.8439,458382.6052
1100017600,지암빌딩,101,도로교차점,0,무,127.0902508,37.6251536,207967.1248,458398.5336
1100017700,송링1길삼거리,101,도로교차점,0,무,127.0924831,37.6251729,208164.1869,458400.8619
1100017800,송림1길둘째삼거리,101,도로교차점,0,무,127.0927632,37.6253305,208188.8946,458418.3818
1100017900,반야빌딩,101,도로교차점,0,무,127.0798991,37.6255085,207053.271,458437.0962
1100018000,공릉역,101,도로교차점,1,유,127.0730054,37.6256191,206444.7038,458448.8675
1100018100,월계초교앞,101,도로교차점,1,유,127.051987,37.6257371,204589.2548,458460.7318
1100018200,공릉동지흥주택,101,도로교차점,0,무,127.091448,37.6258259,208072.7467,458473.2521
1100018300,상신교통(주),102,도로시.종점,0,무,127.0531146,37.6258224,204688.7913,458470.2568
1100018400,공릉동 주택,101,도로교차점,0,무,127.0917456,37.6259935,208098.9934,458491.8788
1100018500,안식일태릉교회,101,도로교차점,0,무,127.0920251,37.6261564,208123.6482,458509.9807
1100018600,월계1단지주공아파트,101,도로교차점,0,무,127.0527109,37.6261977,204653.1336,458511.8923
1100018700,월계공단,101,도로교차점,0,무,127.0511905,37.6265193,204518.8954,458547.5087
1100018800,원자력병원입구,101,도로교차점,0,무,127.0825533,37.6277045,207287.3616,458681.0293
1100018900,삼화상운,101,도로교차점,0,무,127.0499105,37.6277067,204405.8267,458679.2419
1100019000,신창중교,101,도로교차점,0,무,127.0477539,37.6276266,204215.4586,458670.2461
1100019100,한전노원변전소,101,도로교차점,0,무,127.0596736,37.6280023,205267.6436,458712.5475
1100019200,원자력병원입구,101,도로교차점,1,유,127.0850235,37.6279799,207505.3889,458711.7832
1100019300,원자력병원,101,도로교차점,0,무,127.082329,37.6280329,207267.5283,458717.4626
1100019400,진아교통,101,도로교차점,0,무,127.0643617,37.6281208,205681.471,458725.9701
1100019500,한성빌라,101,도로교차점,0,무,127.0467247,37.6282611,204124.574,458740.6254
1100019600,원자력병원내,103,속성변화점,0,무,127.0825368,37.6285305,207285.827,458772.7076
1100019700,인덕대학입구,101,도로교차점,1,유,127.0565424,37.6286231,204991.1995,458781.2814
1100019800,충은교회,102,도로시.종점,0,무,127.0629525,37.6285856,205557.0394,458777.4736
1100020100,노원문화원,101,도로교차점,0,무,127.0703542,37.628706,206210.4105,458791.3021
1100020200,서울과학기술대입구,101,도로교차점,1,유,127.0713961,37.6289384,206302.3577,458817.1683
1100020300,인덕공전,101,도로교차점,1,유,127.0550181,37.628985,204856.6213,458821.3709
1100020500,우성빌라,101,도로교차점,1,유,127.0734546,37.6292827,206484.0429,458855.5184
1100020600,녹천중교,101,도로교차점,0,무,127.063863,37.6291087,205637.3737,458835.5894
1100020800,월계지하차도(남측),104,도로시설물,0,무,127.0578196,37.6294284,205103.8867,458870.7327
1100020900,위례정보산업고교앞,101,도로교차점,1,유,127.0742041,37.6294918,206550.1835,458878.7859
1100021000,염광여중앞,101,도로교차점,0,무,127.0509055,37.6298172,204493.5362,458913.531
1100021100,동부간선도로-월계로램프(8),108,IC 및 JC,0,무,127.0640541,37.6297052,205654.2048,458901.8101
1100021200,신계초교,101,도로교차점,0,무,127.0541052,37.6299504,204775.9762,458928.4744
1100021300,성천감리교회,102,도로시.종점,0,무,127.0589298,37.6301488,205201.8356,458950.7429
1100021400,하계지하차도(남측),104,도로시설물,0,무,127.0709474,37.6298755,206262.6701,458921.1497
1100021500,월계사슴아파트,102,도로시.종점,1,유,127.0592141,37.6303231,205226.9181,458970.1104
1100021600,한무리어린이공원,101,도로교차점,0,무,127.072988,37.6303071,206442.7678,458969.1836
1100021700,공릉지하차도(남측),104,도로시설물,0,무,127.0678736,37.629947,205991.335,458928.8858
1100021800,바다약국,101,도로교차점,0,무,127.0587751,37.6307394,205188.1361,459016.2898
1100021900,월계지하차도(북측),104,도로시설물,0,무,127.0605204,37.6311478,205342.1709,459061.7094
1100022000,위례상고,101,도로교차점,0,무,127.0736707,37.6309606,206502.9712,459041.7696
1100022100,라이프아파트,101,도로교차점,1,유,127.0675964,37.631059,205966.7816,459052.2877
1100022200,경기고앞길종점,102,도로시.종점,0,무,127.0717082,37.6311101,206329.729,459058.2289
1100022300,공릉도시개발아파트1단지,101,도로교차점,0,무,127.0703791,37.6311441,206212.3992,459061.9083
1100022400,월계 흥화브라운빌,101,도로교차점,1,유,127.0447647,37.6311785,203951.4039,459064.3438
1100022500,초안교,101,도로교차점,0,무,127.0417164,37.6315125,203682.3143,459101.2894
1100022600,하계2지구대,101,도로교차점,0,무,127.0674292,37.6317457,205951.9649,459128.4878
1100022700,동부간선도로-월계로램프(1),108,IC 및 JC,0,무,127.0647329,37.6317056,205713.9632,459123.8751
1100022800,월계로-미들길진출로,101,도로교차점,0,무,127.0619363,37.6319589,205467.0913,459151.8223
1100022900,미들길-월계로진입로,101,도로교차점,0,무,127.0618533,37.6320446,205459.7636,459161.3252
1100023000,중현초교,104,도로시설물,0,무,127.0667113,37.6333881,205888.4648,459310.7332
1100023100,월계1교서측,108,IC 및 JC,0,무,127.0623948,37.6322493,205507.539,459184.076
1100023200,하계지하보차도,104,도로시설물,0,무,127.0694518,37.633221,206130.3782,459292.3609
1100023300,인덕공고,101,도로교차점,1,유,127.0570157,37.6322834,205032.7284,459187.5549
1100023400,초안아파트(1단지),101,도로교차점,0,무,127.044147,37.6322646,203896.8202,459184.8617
1100023500,월계1교서측,108,IC 및 JC,0,무,127.0623131,37.6323354,205500.3225,459193.6305
1100023600,청백아파트3단지,101,도로교차점,0,무,127.0508608,37.6323501,204489.4352,459194.6513
1100023700,청백아파트4단지,101,도로교차점,0,무,127.0523445,37.6324031,204620.4042,459200.6044
1100023800,하계미성아파트,101,도로교차점,0,무,127.0695565,37.6329849,206139.6386,459266.1671
1100023900,노원구-도봉구경계(1),105,행정경계,0,무,127.0436128,37.6331526,203849.6185,459283.3927
1100024000,월계1교동측,108,IC 및 JC,0,무,127.064067,37.6333013,205655.0639,459300.9419
1100024100,삼성시티빌 103동앞,101,도로교차점,0,무,127.0707216,37.633313,206242.4522,459302.6625
1100024200,월계1교동측,108,IC 및 JC,0,무,127.0639826,37.6333861,205647.6091,459310.3454
1100024300,수정교회,101,도로교차점,1,유,127.0713512,37.633495,206298.0148,459322.9032
1100024400,하계극동아파트,101,도로교차점,1,유,127.0643062,37.6335191,205676.1627,459325.1265
1100024500,월계1교서측,108,IC 및 JC,0,무,127.0608073,37.6340732,205367.2883,459386.423
1100024600,경기기계공고,101,도로교차점,0,무,127.0720646,37.6336914,206360.9643,459344.7446
1100024700,연지초등학교,101,도로교차점,0,무,127.0603757,37.6340537,205329.1864,459384.2305
1100024800,월계1교동측,108,IC 및 JC,0,무,127.0620262,37.6344188,205474.844,459424.8486
1100024900,월계4치안센터,101,도로교차점,0,무,127.0592123,37.6342797,205226.486,459409.2447
1100025000,연지초교,101,도로교차점,1,유,127.0586975,37.6343912,205181.0393,459421.5963
1100025100,하계5.6단지,101,도로교차점,1,유,127.0661417,37.6346376,205838.0881,459449.3751
1100025200,공릉터널(남측),104,도로시설물,0,무,127.082283,37.6345714,207262.8317,459443.1592
1100025300,미성아파트5동앞,101,도로교차점,0,무,127.0700126,37.634884,206179.7459,459476.9703
1100025400,유토피아빌딩,101,도로교차점,0,무,127.0706747,37.6350666,206238.166,459497.2904
1100025500,청구빌라4단지401동,101,도로교차점,0,무,127.0712711,37.635248,206290.7967,459517.4649
1100026000,하계역,101,도로교차점,1,유,127.0682133,37.6359679,206020.8405,459597.1615
1100026400,청백아파트1단지105동,102,도로시.종점,0,무,127.0524466,37.6360336,204629.1851,459603.5602
1100026500,공릉터널(북측),104,도로시설물,0,무,127.0804415,37.6364394,207100.1104,459650.346
1100026600,선경빌라,101,도로교차점,0,무,127.0706886,37.6364366,206239.2769,459649.3441
1100026800,코오롱연립,101,도로교차점,0,무,127.0721762,37.6364834,206370.581,459654.638
1100026900,공릉터널,101,도로교차점,1,유,127.0800461,37.6367696,207065.1853,459686.9644
1100027000,타워빌라,101,도로교차점,1,유,127.079063,37.6368904,206978.4018,459700.2994
1100027100,한화그린빌,101,도로교차점,1,유,127.0786818,37.6369784,206944.7468,459710.0361
1100027200,을지병원,101,도로교차점,1,유,127.0703484,37.6372204,206209.1871,459736.3143
1100027400,코오롱마들마을,101,도로교차점,0,무,127.076639,37.6373173,206764.4064,459747.5012
1100027600,우방아파트_노원길_진입_1,101,도로교차점,0,무,127.0789927,37.6373637,206972.1452,459752.8247
1100027800,우방아파트_노원길_진출_1,101,도로교차점,0,무,127.0785487,37.637563,206932.945,459774.918
1100027900,한성여객(주),101,도로교차점,1,유,127.071061,37.6376453,206272.0522,459783.5161
1100028000,노원자동차검사소,101,도로교차점,1,유,127.0724883,37.6379781,206397.9941,459820.5578
1100028100,중계지하차도,101,도로교차점,1,유,127.0820084,37.6381461,207238.2501,459839.8969
1100028200,선경아파트입구,101,도로교차점,1,유,127.0771554,37.6381122,206809.9148,459835.7663
1100028300,건영옴니백화점앞,101,도로교차점,0,무,127.0655074,37.6383101,205781.8194,459856.9468
1100028400,노원구민회관,101,도로교차점,1,유,127.0669778,37.6387196,205911.5673,459902.4913
1100028500,대진고교앞,101,도로교차점,1,유,127.0754004,37.638741,206654.958,459905.4363
1100028600,중계동까르프,101,도로교차점,0,무,127.0684651,37.6391546,206042.8079,459950.8654
1100028700,삼화빌딩,101,도로교차점,1,유,127.0757365,37.639107,206684.5914,459946.0764
1100028800,홈플러스중계점,101,도로교차점,0,무,127.06936,37.6394027,206121.7686,459978.4615
1100028900,하계중,101,도로교차점,1,유,127.0731406,37.6402469,206455.3725,460072.4102
1100029000,한신코아빌라앞,101,도로교차점,0,무,127.0688383,37.6405798,206075.6318,460109.0784
1100029100,중계2동사무소앞,101,도로교차점,1,유,127.0644395,37.6407183,205687.3811,460124.1698
1100029200,노원구-도봉구경계(2),105,행정경계,0,무,127.0545183,37.6406671,204811.7508,460117.9326
1100029300,중계동교회앞,101,도로교차점,0,무,127.0703049,37.6409903,206205.0331,460154.7273
1100029400,중계근린공원,101,도로교차점,1,유,127.0658888,37.6411398,205815.2588,460171.0439
1100029500,등나무근린공원앞,101,도로교차점,0,무,127.0673882,37.6415627,205947.5666,460218.0686
1100029600,혜성여고,101,도로교차점,1,유,127.072492,37.6416223,206398.0107,460225.0221
1100029700,동부간선로월계분기점,101,도로교차점,0,무,127.0560962,37.6417971,204950.9384,460243.4324
1100029800,하계주유소,101,도로교차점,0,무,127.0706229,37.6425596,206232.9732,460328.9293
1100029900,북부여성발전센터,101,도로교차점,0,무,127.0624373,37.6429169,205510.5068,460368.0779
1100030000,노원경찰서,101,도로교차점,1,유,127.0717998,37.6430781,206336.7959,460386.5556
1100030100,중계그린아파트105동앞,101,도로교차점,0,무,127.0636663,37.6432758,205618.9498,460407.9773
1100030200,중원초교앞,101,도로교차점,1,유,127.0647847,37.6435934,205717.6274,460443.3007
1100030300,중계그린아파트101동앞,101,도로교차점,0,무,127.0619,37.6441095,205463.0007,460500.4042
1100030500,중원중학교,101,도로교차점,0,무,127.0671829,37.6442799,205929.2309,460519.6413
1100030600,서울동천학교앞,101,도로교차점,0,무,127.0744756,37.6442967,206572.8477,460521.9911
1100030700,중계중앙교회,102,도로시.종점,0,무,127.0906487,37.6443409,208000.1987,460528.1589
1100030800,서라벌고교,101,도로교차점,1,유,127.0764758,37.6444521,206749.3615,460539.3793
1100031000,마들지하차도(남측),104,도로시설물,0,무,127.0563706,37.6433225,204975.0562,460412.7523
1100031100,중계시영3단지목련아파트311동,101,도로교차점,0,무,127.0696467,37.6449898,206146.613,460598.5932
1100031200,서울시립상계직업전문학교,101,도로교차점,1,유,127.0608969,37.6449652,205374.4048,460595.329
1100031300,상계주공아파트1단지,101,도로교차점,1,유,127.0599976,37.6450885,205295.0297,460608.955
1100031600,하계현대아파트,101,도로교차점,1,유,127.070767,37.6453134,206245.4615,460634.5766
1100031900,녹천교,101,도로교차점,1,유,127.056904,37.645512,205021.9791,460655.7864
1100032100,중계역,101,도로교차점,1,유,127.063911,37.645532,205640.3689,460658.4074
1100032300,노원구-도봉구경계(3),105,행정경계,0,무,127.0557815,37.6456664,204922.9025,460672.8708
1100032600,노원우체국,101,도로교차점,1,유,127.0820818,37.6457269,207243.9953,460681.2948
1100032700,대진여고,101,도로교차점,1,유,127.0663057,37.6462284,205851.6612,460735.8501
1100032800,당현교,101,도로교차점,1,유,127.0635159,37.6463063,205605.4438,460744.331
1100032900,당현초교(동부간선도로),104,도로시설물,0,무,127.056589,37.6472339,204994.07,460846.8872
1100033000,노원우체국,101,도로교차점,0,무,127.0814062,37.6464068,207184.3052,460756.7012
1100033100,당현초교(동부간선도로),108,IC 및 JC,0,무,127.0567693,37.6469516,205009.9929,460815.5673
1100033200,양지근린공원앞,101,도로교차점,1,유,127.0760691,37.6475853,206713.1805,460887.1113
1070023000,내부순환로-정릉길램프(1),108,IC 및 JC,1,유,127.0303743,37.6042385,202682.1217,456073.779
1070023100,길음역,101,도로교차점,1,유,127.0251618,37.6042801,202221.8457,456078.2584
1070023200,유진피아노음악학원,101,도로교차점,0,무,127.0392932,37.604277,203469.6811,456078.3495
1070023300,돈암동현대아파트,101,도로교차점,1,유,127.0266825,37.6042799,202356.1229,456078.2783
1070023400,길음램프(내부순환로),108,IC 및 JC,0,무,127.0263759,37.6039021,202329.0682,456036.3337
1070023500,정릉2파출소,103,속성변화점,1,유,127.0108287,37.6044532,200956.1929,456097.2327
1070023600,정릉입구,101,도로교차점,1,유,127.011674,37.6045748,201030.8338,456110.7332
1070023700,자산빌딩,101,도로교차점,0,무,127.0393629,37.6045592,203475.8195,456109.6762
1070023800,길음뉴타운 상가동,101,도로교차점,0,무,127.0226166,37.604667,201997.0853,456121.1463
1070023900,길음램프(내부순환로),108,IC 및 JC,0,무,127.0261522,37.6040261,202309.3055,456050.0948
1070024000,정릉2동 주민센터,101,도로교차점,1,유,127.0110774,37.6048072,200978.1534,456136.5234
1070024100,북부간선도로-화랑로램프(6),108,IC 및 JC,0,무,127.0456957,37.6048694,204035.0039,456144.3486
1070024200,북부간선도로-화랑로램프(5),108,IC 및 JC,0,무,127.045618,37.6049581,204028.1418,456154.1996
1070024300,새마을지도자정릉2동부녀회,101,도로교차점,1,유,127.0099029,37.6050814,200874.4365,456166.9505
1070024400,하월곡램프(북부간선도로),108,IC 및 JC,0,무,127.049414,37.6067378,204363.2291,456351.8934
1070024500,정릉지구대,101,도로교차점,1,유,127.0101066,37.6052936,200892.4282,456190.4985
1070024600,하월곡램프(북부간선도로),108,IC 및 JC,0,무,127.0492765,37.6069248,204351.073,456372.6381
1070024700,한국예술종합캠퍼스,102,도로시.종점,0,무,127.0583635,37.6054395,205153.5549,456208.246
1070024800,길음뉴타운1단지,101,도로교차점,0,무,127.0221638,37.6057494,201957.0802,456241.2673
1070024900,봉국사,108,IC 및 JC,0,무,127.0068004,37.606513,200600.473,456325.8101
1070025000,축협(하월곡지점),101,도로교차점,1,유,127.0369319,37.6060115,203261.0938,456270.7761
1070025100,성북동아에코빌아파트,101,도로교차점,0,무,127.0403924,37.6061461,203566.6571,456285.8397
1070025200,타타타노래방,101,도로교차점,1,유,127.0312655,37.6062559,202760.7406,456297.7188
1070025300,월곡뉴타운정류장,101,도로교차점,1,유,127.0277951,37.606445,202454.3031,456318.6033
1070025400,성북쓰레기하치장,101,도로교차점,0,무,127.0368015,37.6064969,203249.5579,456324.6453
1070025500,월곡중학교앞,101,도로교차점,1,유,127.0488395,37.6065647,204312.5109,456332.6525
1070025600,봉국사,108,IC 및 JC,0,무,127.0068961,37.6065899,200608.9207,456334.3503
1070025700,동덕여자대학교,101,도로교차점,0,무,127.040853,37.6065464,203607.3022,456330.2869
1070025800,동덕빌딩,101,도로교차점,0,무,127.0376931,37.6067066,203328.2776,456347.9428
1070025900,송계길-한천1로진출로,101,도로교차점,0,무,127.06741,37.6065007,205952.2811,456326.5691
1070026000,석관동새마을금고,101,도로교차점,0,무,127.0612271,37.6067817,205406.3139,456357.374
1070026100,석관중학교,101,도로교차점,1,유,127.0659775,37.6072192,205825.739,456406.2252
1070026200,서울북공업고등학교,101,도로교차점,1,유,127.0309525,37.607268,202733.0686,456410.0435
1070026300,성북우체국,101,도로교차점,1,유,127.0287324,37.6073361,202537.0305,456417.539
1070026400,정릉3동주민센터앞,101,도로교차점,1,유,127.0039214,37.6076653,200346.2513,456453.6938
1070026500,현대백화점 주차장,101,도로교차점,1,유,127.0292435,37.6079403,202582.142,456484.611
1070026600,부동산,101,도로교차점,0,무,127.0473657,37.607843,204182.3003,456474.4587
1070026700,한천1로-송계길진입로,101,도로교차점,0,무,127.0673666,37.6080206,205948.3309,456495.2511
1070026800,정릉램프(내부순환로본선),108,IC 및 JC,0,무,127.0008136,37.6080645,200071.8347,456497.997
1070026900,정릉램프(내부순환로본선),108,IC 및 JC,0,무,127.0019216,37.6079125,200169.6775,456481.1241
1070027000,길음삼성APT,101,도로교차점,0,무,127.0210176,37.6081802,201855.8021,456511.0377
1070027100,하월곡생명중앙교회,101,도로교차점,0,무,127.036212,37.6083186,203197.4349,456526.8086
1070027200,은실어린이집,101,도로교차점,0,무,127.0596654,37.6083062,205268.307,456526.496
1070027300,국민은행정릉,101,도로교차점,0,무,127.0099839,37.6083419,200881.5556,456528.8287
1070027400,내부순환로-정릉길램프(8),108,IC 및 JC,0,무,126.9986374,37.6090208,199879.6911,456604.1299
1070027500,숭인초등학교,101,도로교차점,1,유,127.0306022,37.6084072,202702.0947,456536.4705
1070027600,월곡두산위브아파트,101,도로교차점,0,무,127.0395038,37.6084504,203488.0798,456541.5533
1070027700,서울 숭인초등학교,101,도로교차점,0,무,127.0392641,37.6084755,203466.9131,456544.3314
1070027800,월곡두산위브),101,도로교차점,0,무,127.0371561,37.6085643,203280.7788,456554.1136
1070027900,석관우체국,101,도로교차점,1,유,127.0528113,37.6086666,204663.0871,456566.1264
1070028000,영일당구장,101,도로교차점,1,유,127.0231173,37.6087159,202041.1879,456570.5432
1070028100,도원교통,101,도로교차점,1,유,126.9995779,37.6086189,199962.7284,456559.5293
1070028200,미아사거리_미아로_진출_1,101,도로교차점,0,무,127.0298639,37.608565,202636.9037,456553.9643
1070028300,미아사거리_종암로_진입_1,101,도로교차점,0,무,127.0304744,37.6085781,202690.8015,456555.4373
1070028400,새석관시장,101,도로교차점,1,유,127.0532106,37.6088724,204698.3296,456588.9864
1070028500,미아사거리_종암로_진출_1,101,도로교차점,0,무,127.030549,37.6087746,202697.3812,456577.2482
1070028600,미아사거리_미아로_진입_1,101,도로교차점,0,무,127.0297518,37.6086261,202627.0025,456560.7441
1070028700,국민은행석관,101,도로교차점,1,유,127.058906,37.6090447,205201.2085,456608.4112
1070028800,석관고,101,도로교차점,1,유,127.0643238,37.6091869,205679.5697,456624.5091
1070028900,미아사거리,101,도로교차점,1,유,127.0303672,37.6091058,202681.3248,456613.9936
1070029100,미아사거리_월계로_진출_1,101,도로교차점,0,무,127.0307971,37.6093968,202719.2659,456646.3118
1070029200,미아사거리_도봉로_진출_1,101,도로교차점,0,무,127.0301679,37.6097309,202663.705,456683.3685
1070029300,상호상사,101,도로교차점,0,무,127.0073639,37.6094854,200650.2035,456655.7231
1070029400,미아사거리_도봉로_진입_1,101,도로교차점,0,무,127.0303038,37.6097324,202675.6996,456683.5432
1070029500,월드카인테리어,101,도로교차점,0,무,127.0051858,37.6097546,200457.8809,456685.5879
1070029700,석관초교입구,101,도로교차점,1,유,127.0579311,37.6100006,205115.06,456714.4564
1070029800,내부순환로-정릉길램프(9),108,IC 및 JC,0,무,126.9961723,37.6098868,199662.0332,456700.2583
1070029900,신한은행(장위지점),101,도로교차점,0,무,127.0515904,37.609979,204555.2087,456711.7325
1070030000,길음뉴타운2단지,101,도로교차점,0,무,127.0149006,37.6100572,201315.6542,456719.2652
1070030200,석관초등학교,101,도로교차점,0,무,127.0595907,37.6103512,205261.5735,456753.4574
1070030300,성북구-중랑구경계(1),105,행정경계,0,무,127.0717587,37.6103898,206335.9386,456758.4976
1070030400,조정신산부인과,101,도로교차점,1,유,127.0561178,37.6103867,204954.9231,456757.2089
1070030500,국민대학교내,103,속성변화점,0,무,126.9978446,37.6104756,199809.6911,456765.6011
1070030800,숭곡초교,101,도로교차점,1,유,127.033249,37.6106234,202935.7187,456782.5192
1070031100,길음1동사무소앞,101,도로교차점,0,무,127.018675,37.6108243,201648.8975,456804.4612
1070031300,국민대학교앞,101,도로교차점,1,유,126.9943294,37.6108022,199499.3141,456801.8585
1070031400,돌곶이역,101,도로교차점,0,무,127.0570256,37.6108497,205035.0499,456808.6483
1070031500,석관지구대,101,도로교차점,1,유,127.0626227,37.6110029,205529.2331,456825.9633
1070032000,길음뉴타운(삼성래미안 2차),101,도로교차점,0,무,127.0213345,37.6111921,201883.7157,456845.3394
1070032100,북부간선도로-동부간선도로램프(,108,IC 및 JC,0,무,127.0704252,37.6113487,206218.1234,456864.8386
1070032300,한샘빌라,101,도로교차점,0,무,126.999902,37.6112089,199991.35,456846.9841
1070032500,대왕기업운수(주),101,도로교차점,0,무,127.0087103,37.6112621,200769.0678,456852.9285
1070032600,미아초교앞,101,도로교차점,0,무,127.0221831,37.6113479,201958.6377,456862.6438
1070032700,방천시장입구,101,도로교차점,1,유,127.035105,37.6115935,203099.549,456890.2577
1070032800,북악터널(동측),104,도로시설물,0,무,126.9907364,37.6116609,199182.0813,456897.1966
1070033000,길음3동동부아파트,101,도로교차점,0,무,127.0236461,37.6118512,202087.7921,456918.5328
1070033100,국민대학교법학관앞,101,도로교차점,0,무,126.9952465,37.6117879,199580.2969,456911.2545
1070033200,신현빌딩,101,도로교차점,1,유,127.0053912,37.6120586,200476.0049,456941.3082
1070033300,성북구-강북구경계(2),105,행정경계,0,무,127.0257142,37.6121282,202270.3814,456949.3304
1070033400,길음동부아파트108동,101,도로교차점,1,유,127.024876,37.6120769,202196.3773,456943.6153
1070033500,정릉터널(서측),104,도로시설물,0,무,127.0057088,37.6122684,200504.0508,456964.5916
1070033600,미아삼거리역,101,도로교차점,1,유,127.0301755,37.6123301,202664.2807,456971.8531
1070033800,장위동우체국,101,도로교차점,0,무,127.0553406,37.6124563,204886.167,456986.8761
1070033900,성북구-강북구경계(3),105,행정경계,0,무,127.0220324,37.6124221,201945.3027,456981.8652
1070034000,길음중앙교회,101,도로교차점,0,무,127.0176355,37.6122369,201557.0869,456961.2272
1070034100,정릉터널(동측),104,도로시설물,0,무,127.0067832,37.6126354,200598.9041,457005.3375
1070034200,창문여고앞,101,도로교차점,0,무,127.0370977,37.612638,203275.4444,457006.2513
1070034400,장위동드림빌_장위동길_진입_1,101,도로교차점,0,무,127.0374058,37.6127206,203302.646,457015.4288
1070034500,정릉4동주민센터,101,도로교차점,1,유,127.0074501,37.6128329,200657.7838,457027.2628
1070034600,장위사거리,101,도로교차점,1,유,127.060727,37.6128533,205361.7184,457031.233
1070034700,창문여고앞,101,도로교차점,0,무,127.0379939,37.6130551,203354.5574,457052.5764
1070034800,창문여고앞,101,도로교차점,1,유,127.0376578,37.6132183,203324.8711,457070.6739
1070035000,성북구-강북구경계(1),105,행정경계,0,무,127.0379195,37.6135726,203347.9668,457110.0034
1070035100,석관빗물펌프장,101,도로교차점,0,무,127.0658488,37.6136129,205813.8724,457115.8414
1070035200,대한소방안전,101,도로교차점,1,유,127.0652921,37.6137868,205764.7153,457135.1091
1070035300,월릉교서측,105,행정경계,0,무,127.07071,37.613986,206243.049,457157.5706
1070035400,성북구-노원구경계(2),105,행정경계,0,무,127.0705716,37.6140177,206230.8245,457161.0775
1070035600,월릉IC(북부간선도로),105,행정경계,0,무,127.0633396,37.6142194,205592.2863,457183.0066
1070035700,성북구-노원구경계(4),105,행정경계,0,무,127.0651287,37.614046,205750.2598,457163.8688
1070035800,서울길음초교,102,도로시.종점,0,무,127.0165001,37.6141084,201456.8097,457168.9255
1070035900,두산아파트,101,도로교차점,0,무,127.0671025,37.61414,205924.5214,457174.4202
1070036000,내고향한우,101,도로교차점,0,무,127.0413427,37.614248,203650.1703,457185.102
1070036100,석계고가차도(서측),104,도로시설물,0,무,127.0632298,37.6142331,205582.5907,457184.5248
1070036200,성북제일교회,101,도로교차점,0,무,127.0001106,37.6149363,200009.765,457260.6875
1070036300,산장아파트,101,도로교차점,0,무,127.0019114,37.6160126,200168.7535,457380.1471
1070036400,장곡초교,101,도로교차점,0,무,127.0485532,37.6160295,204286.6883,457383.1257
1070036600,햇님유치원,101,도로교차점,0,무,127.0051968,37.616171,200458.8168,457397.7419
1070036700,정릉e 편한세상아파트,101,도로교차점,1,유,127.0088558,37.6162576,200781.8638,457407.3727
1070036800,정릉풍림아이원아파트126동,103,속성변화점,0,무,127.0078197,37.6166381,200690.3805,457449.6026
1070036900,장곡초교,101,도로교차점,0,무,127.0493314,37.6167908,204355.3478,457467.6603
1070037000,정릉풍림아파트,101,도로교차점,1,유,127.0086954,37.6167289,200767.6986,457459.6832
1070037100,정릉대우아파트,101,도로교차점,1,유,127.0034179,37.616831,200301.7598,457470.9787
1070037200,광운대입구,101,도로교차점,1,유,127.0566018,37.6169641,204997.2215,457487.2524
1070037300,정릉풍림아이원아파트121동,101,도로교차점,1,유,127.0076587,37.6172701,200676.1671,457519.7384
1070037400,뜻깊은독서실,101,도로교차점,0,무,127.0520468,37.6172163,204595.0608,457515.0208
1070037500,피오레아파트,102,도로시.종점,0,무,127.0003898,37.6173258,200034.4185,457525.8906
1070037600,광운대입구,101,도로교차점,1,유,127.0565684,37.6174926,204994.2363,457545.9154
1070037700,꿈의숲아파트(1),101,도로교차점,0,무,127.0504047,37.6174912,204450.0688,457545.4479
1070037800,은행나무집식당,101,도로교차점,0,무,127.0004685,37.617603,200041.3629,457556.6612
1070037900,꿈의숲아파트(2),101,도로교차점,1,유,127.0507495,37.6177092,204480.496,457569.6574
1070038000,광운대입구_광운길_진출_1,101,도로교차점,0,무,127.0569051,37.6178441,205023.9374,457584.9476
1070038100,대진운수,102,도로시.종점,0,무,127.000451,37.6178864,200039.816,457588.1207
1070038200,광운대입구_한천로_진입_1,101,도로교차점,0,무,127.0566261,37.6180268,204999.3,457605.2064
1070038300,성북구-노원구경계(6),105,행정경계,0,무,127.0570943,37.617974,205040.6331,457599.3676
1070038400,북한산관리공단입구,101,도로교차점,0,무,126.9983532,37.6180648,199854.6095,457607.916
1070038500,북한산공원생태문화센터,102,도로시.종점,0,무,126.9974181,37.6183389,199772.0594,457638.3431
1070038600,장위솜틀집,101,도로교차점,1,유,127.046745,37.6183606,204126.9171,457641.7741
1070038700,성북구-강북구경계(4),105,행정경계,0,무,127.0086553,37.6184806,200764.1367,457654.0971
1070038800,정릉초등학교,101,도로교차점,0,무,127.0063691,37.6194237,200562.2902,457758.7635
1070038900,신진전원빌라,102,도로시.종점,0,무,126.9981419,37.6194784,199835.9564,457764.8142
1070039000,정릉풍림아이원아파트107동,101,도로교차점,0,무,127.0072727,37.6195131,200642.0622,457768.6854
1070039100,광운초교앞,101,도로교차점,1,유,127.0539726,37.6197592,204764.9169,457797.3447
1070039200,정릉풍림아이원아파트101동,102,도로시.종점,0,무,127.0066164,37.6198871,200584.1184,457810.1986
1070039300,성북구-노원구경계(7),105,행정경계,0,무,127.0543229,37.6200283,204795.8238,457827.2296
1070039400,정릉풍림아이원아파트102동,101,도로교차점,0,무,127.0065624,37.6201839,200579.3559,457843.1393
1070039500,정릉풍림아이원아파트103동,102,도로시.종점,0,무,127.0074777,37.620249,200660.1598,457850.3624
1070039600,청운사(조계종),102,도로시.종점,0,무,127.006745,37.6210607,200595.469,457940.4532
1070039700,상아A빌딩,101,도로교차점,1,유,127.0456393,37.6211803,204029.1468,457954.6786
1070039800,오현초교,101,도로교차점,1,유,127.0463538,37.6221583,204092.1707,458063.2638
1070039900,미림연립,101,도로교차점,0,무,127.0486826,37.6223276,204297.7523,458082.1551
1070040000,고려페인트,101,도로교차점,1,유,127.0508032,37.6230406,204484.9127,458161.3874
1070040100,청운맨션,101,도로교차점,1,유,127.0478673,37.6231748,204225.7273,458176.1512
1070040200,월계교2교(남단)_한천로_진입_1,101,도로교차점,0,무,127.0498872,37.6238023,204404.0031,458245.8886
1070040300,월계교2교(남단)_월계로_진출_1,101,도로교차점,0,무,127.0492033,37.6238817,204343.6214,458254.6718
1070040400,월계교2교(남단)_월계로_진입_1,101,도로교차점,0,무,127.0491232,37.6239691,204336.5523,458264.3686
1070040500,월계2교,101,도로교차점,1,유,127.0496086,37.6241834,204379.3869,458288.1702
1070040600,성북구-노원구경계(8),105,행정경계,0,무,127.0500278,37.6244306,204416.3757,458315.634
1070040700,솔샘지하차도(남측),104,도로시설물,0,무,127.008397,37.6134613,200741.3825,457097.0158
1070040800,솔샘터널,104,도로시설물,0,무,127.0085038,37.6173137,200750.7752,457524.5833
1070040900,솔샘지하차도(북측),104,도로시설물,0,무,127.0086967,37.6139941,200767.8409,457156.1503
1070041000,한신한진아파트106동,101,도로교차점,0,무,127.0090322,37.5925019,200797.6878,454770.753
1070041100,서경대본관,102,도로시.종점,0,무,127.0115767,37.6153384,201022.0996,457305.3735
1070041200,길음교,101,도로교차점,0,무,127.0203639,37.6021888,201798.2343,455846.0532
1070041300,동소문로_정릉로_진출,101,도로교차점,0,무,127.0221864,37.6021388,201959.1712,455840.5323
1070041400,길음교,101,도로교차점,0,무,127.022474,37.6016677,201984.576,455788.2568
1070041500,돈암삼부아파트,101,도로교차점,0,무,127.0246879,37.6022521,202180.0593,455853.1611
1070041600,길음역,102,도로시.종점,0,무,127.024844,37.6029717,202193.823,455933.0428
1070041700,신종월교(서),101,도로교차점,0,무,127.040554,37.5971656,203581.3576,455289.1088
1080000700,송중동주민센터,101,도로교차점,0,무,127.0334002,37.6165366,202948.8319,457438.8291
1080001000,삼양입구사거리,101,도로교차점,0,무,127.0210905,37.619478,201861.9588,457764.9806
1080001100,북서울꿈의숲,101,도로교차점,0,무,127.0447662,37.6195786,203952.1529,457776.8782
1080001200,미양초교,101,도로교차점,0,무,127.0120256,37.6201299,201061.6613,457837.1891
1080001300,삼양시장,101,도로교차점,0,무,127.0184107,37.6248994,201625.2621,458366.6443
1080001600,강북구장애인종합복지관,101,도로교차점,1,유,127.0393945,37.6287424,203477.4877,458793.7428
1080001800,수유일공원,101,도로교차점,0,무,127.017763,37.6311929,201567.9532,459065.1457
1080001900,번동중학교앞,101,도로교차점,0,무,127.0372404,37.6314442,203287.216,459093.541
1080002200,한신대,101,도로교차점,0,무,127.0134932,37.6338248,201191.0077,459357.2008
1080002300,화계사입구,101,도로교차점,0,무,127.0175012,37.6341923,201544.7756,459398.0451
1080002400,화계유치원,101,도로교차점,0,무,127.0194329,37.6343878,201715.2806,459419.7749
1080002600,강북구선거관리위윈회,101,도로교차점,1,유,127.0255848,37.6348557,202258.271,459471.8338
1080002800,번동사거리,101,도로교차점,1,유,127.0338569,37.6354687,202988.3954,459540.1004
1080002900,대한병원,101,도로교차점,0,무,127.0232341,37.6352846,202050.773,459519.3907
1080003200,국립재활원,101,도로교차점,0,무,127.0094478,37.639485,200833.8724,459985.3758
1080003300,강북구청,101,도로교차점,0,무,127.027392,37.6396325,202417.6299,460002.062
1080003400,국립재활원앞,101,도로교차점,0,무,127.012197,37.6399704,201076.5112,460039.2802
1080003500,아카데미하우스,102,도로시.종점,0,무,127.0010273,37.6403441,200090.6717,460080.6875
1080003600,우이초등교앞,101,도로교차점,0,무,127.0169343,37.6408105,201494.6105,460132.5828
1080003800,국립4.19묘지,101,도로교차점,0,무,127.0104803,37.647357,200924.9046,460859.0933
1080003900,국립4.19묘지입구,101,도로교차점,0,무,127.0142934,37.6482705,201261.3931,460960.5318
1080004000,미아사거리_월계로_진입_1,101,도로교차점,0,무,127.0308721,37.6093067,202725.8936,456636.3081
1080004100,남산약국,101,도로교차점,0,무,127.0376955,37.6138996,203328.1748,457146.2973
1080004200,미아6동우편취급소앞,101,도로교차점,0,무,127.0221553,37.6143902,201956.0977,457200.3057
1080004300,롯데백화점,101,도로교차점,1,유,127.0299322,37.6152694,202642.6956,457298.0752
1080004400,유봉빌딩,101,도로교차점,1,유,127.0308375,37.6152848,202722.624,457299.8116
1080004500,미아4동지구대,101,도로교차점,1,유,127.0298728,37.616453,202637.4039,457429.441
1080004600,삼양입구사거리,101,도로교차점,1,유,127.0305251,37.616473,202694.9948,457431.6802
1080004700,상원빌딩,101,도로교차점,0,무,127.0340547,37.6165471,203006.617,457440.0154
1080004800,명가하이츠빌라,101,도로교차점,1,유,127.0347231,37.6166995,203065.6192,457456.9487
1080004900,산장빌라,103,속성변화점,0,무,127.0378153,37.6166852,203338.6259,457455.4635
1080005000,중앙교회(대한예수교장로회),101,도로교차점,1,유,127.0349134,37.6168198,203082.4203,457470.3102
1080005100,삼양입구사거리,101,도로교차점,1,유,127.0297861,37.6171407,202629.731,457505.7735
1080005200,(구)코리아웨딩홀,101,도로교차점,0,무,127.0288351,37.6171683,202545.7695,457508.8064
1080005300,솔샘빌딩,101,도로교차점,0,무,127.0272064,37.617239,202401.9682,457516.6116
1080005400,타워로얄맨션,101,도로교차점,0,무,127.0338738,37.617335,202990.6097,457527.4603
1080005500,북한산시티아파트,101,도로교차점,0,무,127.0130517,37.617314,201152.295,457524.664
1080005600,순복음 새서울교회,101,도로교차점,0,무,127.0154077,37.6171775,201360.3042,457509.543
1080005700,미아사,101,도로교차점,0,무,127.0154508,37.6186581,201364.079,457673.8761
1080005800,삼양중앙감리교회,101,도로교차점,0,무,127.0138565,37.618767,201223.3204,457685.9411
1080005900,SK 북한산시티,101,도로교차점,0,무,127.0131971,37.6188052,201165.1119,457690.1744
1080006000,솔샘길삼거리,101,도로교차점,0,무,127.0089612,37.6189886,200791.1374,457710.4832
1080006100,공주능입구,101,도로교차점,0,무,127.0361115,37.6186085,203188.1216,457668.8804
1080006200,금강빌딩,101,도로교차점,0,무,127.0152472,37.6194419,201346.0873,457760.8712
1080006300,SK백운마을,101,도로교차점,0,무,127.0103845,37.6194621,200916.7889,457763.0541
1080006500,미아동소방소앞,101,도로교차점,0,무,127.0153013,37.6201486,201350.8514,457839.3058
1080007200,무유빌딩,101,도로교차점,0,무,127.0122023,37.6207275,201077.2568,457903.5172
1080007300,성북시장,101,도로교차점,0,무,127.0271105,37.6215097,202393.3692,457990.6136
1080007400,오치과의원,101,도로교차점,1,유,127.0279987,37.6217409,202471.7744,458016.288
1080007500,월계교2교(남단)_한천로_진출_1,101,도로교차점,0,무,127.0492164,37.6245328,204344.7467,458326.9306
1080007600,한진아파트,101,도로교차점,0,무,127.0448489,37.6251311,203959.155,458393.1448
1080007700,미아공영주차장입구,101,도로교차점,0,무,127.0124152,37.6251205,201095.9894,458391.0924
1080007800,랜드마크2,101,도로교차점,0,무,127.0138527,37.6252872,201222.8838,458409.6132
1080007900,삼성생명,101,도로교차점,1,유,127.0265734,37.6253337,202345.8325,458415.0159
1080008000,완성아파트,101,도로교차점,0,무,127.0370904,37.625413,203274.2436,458424.135
1080008100,용빌딩,101,도로교차점,0,무,127.0324173,37.6254692,202861.7111,458430.2205
1080008200,정은빌라,101,도로교차점,0,무,127.0123868,37.6258988,201093.4634,458477.4819
1080008300,성우하이츠빌앞,101,도로교차점,1,유,127.0294895,37.6260498,202603.2325,458494.5717
1080008400,평강약국,101,도로교차점,0,무,127.0254847,37.6260633,202249.7001,458495.9688
1080008500,미아역,101,도로교차점,1,유,127.0262006,37.6262492,202312.8918,458516.6161
1080008600,두산힐스빌,101,도로교차점,0,무,127.0269206,37.6264195,202376.4446,458535.5417
1080008700,번3동주민센터,101,도로교차점,0,무,127.0474547,37.6265912,204189.1053,458555.3162
1080008800,동국빌딩,101,도로교차점,1,유,127.0181918,37.6265858,201605.8945,458553.8109
1080008900,해모로아파트105동,101,도로교차점,0,무,127.0385672,37.6266271,203404.5512,458558.9405
1080009000,미아동아맨션,101,도로교차점,0,무,127.0122077,37.6267362,201077.6484,458570.4167
1080009100,우원빌딩,101,도로교차점,0,무,127.0251702,37.6268653,202221.9193,458584.979
1080009200,보승사,101,도로교차점,0,무,127.0292837,37.6271178,202585.0291,458613.1052
1080009300,아파트상가,101,도로교차점,0,무,127.0397702,37.6270343,203510.7353,458604.1843
1080009400,체대입시학원,101,도로교차점,1,유,127.0258802,37.6270526,202284.5813,458605.7809
1080009500,한진그랑빌APT,101,도로교차점,1,유,127.0375014,37.6271888,203310.4453,458621.25
1080009600,송림주택1차,101,도로교차점,0,무,127.0317466,37.6271417,202802.4443,458615.826
1080009700,지하차도(북측)3,104,도로시설물,0,무,127.0123062,37.6275962,201086.3287,458665.8691
1080009800,우광주택,101,도로교차점,0,무,127.0322142,37.6271773,202843.7194,458619.7948
1080009900,미아2동사무소,101,도로교차점,1,유,127.0180751,37.6275613,201595.5757,458662.0786
1080010000,한마음약국,101,도로교차점,1,유,127.0379347,37.6275606,203348.6777,458662.5251
1080010100,강북중앙교회,101,도로교차점,0,무,127.0414799,37.6276732,203661.6274,458675.1563
1080010200,번동주공아파트(306동),101,도로교차점,0,무,127.0410143,37.627978,203620.5111,458708.9701
1080010300,인수봉길-쌈지마당길진입로,101,도로교차점,0,무,127.0122696,37.627975,201083.0936,458707.9104
1080010400,쌈지마당길-인수봉길진출로,101,도로교차점,0,무,127.0126017,37.6279877,201112.4067,458709.3312
1080010500,신망애피아노,101,도로교차점,0,무,127.0136568,37.6281795,201205.5402,458730.6302
1080010600,네네치킨,101,도로교차점,1,유,127.0180195,37.6282292,201590.6545,458736.215
1080010700,쌈지마당길-인수봉길진입로,101,도로교차점,0,무,127.0127958,37.6286781,201129.533,458785.9604
1080010800,번동평화교회,101,도로교차점,1,유,127.0388406,37.628294,203428.6084,458743.964
1080010900,인수봉길-쌈지마당길진출로,101,도로교차점,0,무,127.0126672,37.6287132,201118.1801,458789.848
1080011000,번동초등학교,101,도로교차점,0,무,127.0402359,37.6284374,203551.7722,458759.929
1080011100,한빛맹학교,101,도로교차점,0,무,127.0153428,37.6284356,201354.3686,458759.073
1080011200,강북유니온빌딩앞,101,도로교차점,0,무,127.0433885,37.6284649,203830.0615,458763.104
1080011300,북부안식일교회,101,도로교차점,0,무,127.0179926,37.628634,201588.2732,458781.1413
1080011400,강북장애인복지관,101,도로교차점,1,유,127.0391336,37.6285436,203454.4689,458771.6765
1080011500,우광타운,102,도로시.종점,0,무,127.0300543,37.6286165,202653.0007,458779.4712
1080011600,새마을금고(번2.3동지점),101,도로교차점,0,무,127.0396194,37.6286499,203497.3473,458783.4928
1080011700,가정약국,101,도로교차점,0,무,127.0150626,37.6286823,201329.63,458786.4574
1080011800,번동주공3단지,101,도로교차점,1,유,127.0440864,37.6287195,203891.6579,458791.3863
1080011900,목화빌라,101,도로교차점,1,유,127.0251,37.6289765,202215.6572,458819.3001
1080012000,덕수빌딩,101,도로교차점,1,유,127.0398863,37.6291391,203520.8794,458837.7907
1080012100,번성교회앞,101,도로교차점,1,유,127.0387037,37.6299393,203416.4534,458926.5684
1080012200,용일빌딩,101,도로교차점,0,무,127.0173109,37.6300337,201528.0679,458936.4764
1080012400,강북구민운동장,101,도로교차점,1,유,127.0415595,37.6306487,203668.503,459005.4042
1080012500,지성한의원,101,도로교차점,0,무,127.0236399,37.6307418,202086.7169,459015.1923
1080012600,삼각산지구대,101,도로교차점,1,유,127.0178079,37.6307309,201571.9219,459013.8693
1080012700,수유치과의원,101,도로교차점,1,유,127.0243288,37.6309195,202147.5269,459034.9359
1080012800,강북구-노원구경계(1),105,행정경계,0,무,127.0416677,37.6312036,203678.028,459066.9993
1080012900,만능카종합공업사,101,도로교차점,0,무,127.0184275,37.6320809,201626.5813,459163.7099
1080013000,솔로몬소망어린이집,101,도로교차점,1,유,127.0176734,37.6322213,201560.0157,459179.2871
1080013300,(주)동아운수,102,도로시.종점,0,무,127.0134306,37.6325877,201185.5079,459219.8881
1080013400,창택약국,101,도로교차점,0,무,127.0136043,37.6326031,201200.8347,459221.598
1080013500,강북보건소,101,도로교차점,1,유,127.0387353,37.6328823,203419.1062,459253.2134
1080013600,화계사,102,도로시.종점,0,무,127.0078803,37.6329561,200695.5797,459260.7212
1080013700,강북구-도봉구경계(1),105,행정경계,0,무,127.0392084,37.6331196,203460.8576,459279.566
1080013800,국민은행수유지점,101,도로교차점,0,무,127.0234005,37.6336266,202065.5059,459335.3709
1080013900,번동천주교회,102,도로시.종점,0,무,127.0351281,37.6342148,203100.6469,459400.9757
1080014000,제세의원,101,도로교차점,1,유,127.0207204,37.6344949,201828.9194,459431.6812
1080014100,번동프라자약국,101,도로교차점,1,유,127.0355132,37.6346767,203134.6194,459452.2521
1080014200,수유사거리,101,도로교차점,0,무,127.0232934,37.6346845,202056.0231,459452.7837
1080014300,백산모텔,101,도로교차점,1,유,127.0240992,37.6347544,202127.1432,459460.5625
1080014400,강북경찰서,101,도로교차점,0,무,127.02836,37.6350453,202503.2227,459492.9476
1080014700,수유5동사무소,101,도로교차점,0,무,127.0195453,37.6354746,201725.1761,459540.3987
1080015000,파티오모텔,101,도로교차점,0,무,127.0245185,37.635604,202164.1321,459554.8602
1080015100,북부경찰서입구,101,도로교차점,0,무,127.0282201,37.6361667,202490.8402,459617.4078
1080015200,대한병원,101,도로교차점,1,유,127.0236716,37.6361691,202089.3607,459617.5666
1080015300,효성인텔리안,101,도로교차점,0,무,127.023061,37.6362461,202035.4643,459626.1008
1080015400,백십자약국,101,도로교차점,0,무,127.0129452,37.6368643,201142.5889,459694.5453
1080015500,강북구-도봉구경계(2),105,행정경계,0,무,127.0365105,37.6369511,203222.5521,459704.7245
1080015600,솔로몬어린이집,101,도로교차점,1,유,127.0293824,37.637242,202593.3929,459736.788
1080015700,우이초등학교,101,도로교차점,1,유,127.0171943,37.6372618,201517.6293,459738.7233
1080015800,서울강북경찰서,101,도로교차점,1,유,127.0264569,37.6374161,202335.1697,459756.0321
1080015900,한성빌딩,101,도로교차점,0,무,127.0229119,37.6377559,202022.2662,459793.667
1080016000,예일산부인과의원,101,도로교차점,1,유,127.0300752,37.6378783,202654.5118,459807.4319
1080016100,수유역,101,도로교차점,1,유,127.0256118,37.6379827,202260.557,459818.8972
1080016200,효성네오인텔리안,101,도로교차점,0,무,127.0274225,37.6385779,202420.3551,459885.0079
1080016300,미진빌라,102,도로시.종점,0,무,127.0089526,37.6386354,200790.1685,459891.0711
1080016400,강북웨딩홀,101,도로교차점,1,유,127.0282281,37.6390786,202491.4435,459940.6058
1080016500,현대주유소앞,101,도로교차점,1,유,127.0170402,37.639589,201503.9768,459997.01
1080016600,쌍문시장,101,도로교차점,0,무,127.0266805,37.6401243,202354.8177,460056.6192
1080016700,성우빌라트 6차,104,도로시설물,0,무,127.0314789,37.6420967,202778.2524,460275.6748
1080016800,강북구-도봉구경계(3),105,행정경계,0,무,127.0317692,37.6423942,202803.8641,460308.6949
1080016900,광산사거리,101,도로교차점,1,유,127.0223528,37.6425876,201972.789,460329.9255
1080017100,강북구-도봉구경계(4),105,행정경계,0,무,127.0308772,37.6428578,202725.1239,460360.13
1080017200,우이교사거리,101,도로교차점,1,유,127.0227418,37.6429259,202007.1126,460367.4759
1080017400,광산사거리,101,도로교차점,1,유,127.0223282,37.6432292,201970.6,460401.131
1080017500,국민마트,101,도로교차점,1,유,127.016264,37.6432378,201435.3967,460401.9821
1080017600,대원카센타,101,도로교차점,0,무,127.0235784,37.6436137,202080.9315,460443.8348
1080017700,원남빌딩,101,도로교차점,1,유,127.0227473,37.6436944,202007.5822,460452.7778
1080017800,성일빌딩,101,도로교차점,1,유,127.0215063,37.6438286,201898.0511,460467.6474
1080017900,우이시장,101,도로교차점,1,유,127.0199231,37.6449425,201758.2953,460591.2506
1080018000,강북구-도봉구경계(5),105,행정경계,0,무,127.0274679,37.6451063,202424.1577,460609.5983
1080018100,강북구-도봉구경계(6),105,행정경계,0,무,127.0251903,37.6466463,202223.1025,460780.4649
1080018400,월드아파트,101,도로교차점,0,무,127.0127876,37.653755,201128.4265,461569.2379
1080018500,동아운수에너지주유소,101,도로교차점,1,유,127.0132689,37.6560091,201170.8657,461819.4284
1080018600,청한빌라앞,101,도로교차점,1,유,127.0136643,37.65785,201205.7232,462023.7528
1130025500,창전삼거리,101,도로교차점,1,유,126.9332775,37.5525949,194104.1712,450343.592
1130025600,서교동사거리,101,도로교차점,0,무,126.9182088,37.5527275,192772.6604,450359.3656
1130025700,망원동진출입(강변북로),108,IC 및 JC,0,무,126.9007655,37.5519545,191231.2266,450275.0583
1130025800,유진빌딩,101,도로교차점,1,유,126.9168957,37.5538508,192656.7453,450484.1385
1130025900,김영만치과,101,도로교차점,1,유,126.9198847,37.5539645,192920.8715,450496.5303
1130026000,성산초교앞,101,도로교차점,1,유,126.9117268,37.5542409,192200.052,450527.8549
1130026100,백운아트빌라,101,도로교차점,1,유,126.9181068,37.554355,192763.8091,450540.0054
1130026200,신촌로터리_서강로_진입_2,101,도로교차점,0,무,126.9368731,37.5545481,194422.0378,450560.1559
1130026300,신촌로터리_서강로_진출,101,도로교차점,0,무,126.9370077,37.5545627,194433.9291,450561.767
1130026400,아현초등학교,101,도로교차점,1,유,126.9572225,37.5545595,196220.1304,450560.4122
1130026600,산울림소극장,101,도로교차점,0,무,126.9301434,37.5547648,193827.4164,450584.6279
1130026700,신촌로터리_신촌로_진출,101,도로교차점,0,무,126.9363298,37.554648,194374.0388,450571.2715
1130026800,서교동감리교회,101,도로교차점,0,무,126.9150955,37.5548249,192497.7702,450592.3916
1130026900,신촌로터리_신촌로_진입,101,도로교차점,0,무,126.936247,37.5547336,194366.7271,450580.7846
1130027100,서교가든,101,도로교차점,0,무,126.9157639,37.5549412,192556.8434,450605.2457
1130027200,망원동지하보도차도,108,IC 및 JC,0,무,126.8964153,37.5550046,190847.1956,450613.9968
1130027300,신촌로터리,101,도로교차점,1,유,126.9368615,37.555193,194421.062,450631.7326
1130027400,홍대입구역,101,도로교차점,0,무,126.9215542,37.5552148,193068.5093,450635.1722
1130027600,신촌로터리_일반국도6호선_진입_,101,도로교차점,0,무,126.9375535,37.5552189,194482.2118,450634.5687
1130027700,공암빌딩,101,도로교차점,0,무,126.9179239,37.5553253,192747.7406,450647.7114
1130027800,신촌로터리_일반국도6호선_진출_,101,도로교차점,0,무,126.9362079,37.5552919,194363.3151,450642.7474
1130027900,내부순환로연결램프(강변북로),108,IC 및 JC,0,무,126.8972467,37.5549677,190920.6611,450609.8137
1130028000,내부순환로연결램프(강변북로),108,IC 및 JC,0,무,126.8963689,37.5552315,190843.1243,450639.1785
1130028100,신촌로터리_일반국도6호선_진출_,101,도로교차점,0,무,126.9375108,37.5553215,194478.4421,450645.9612
1130028200,신촌로터리_일반국도6호선_진입_,101,도로교차점,0,무,126.9362639,37.5553904,194368.2698,450653.6768
1130028300,신촌현대백화점,101,도로교차점,1,유,126.9351872,37.5557189,194273.1596,450690.2056
1130028400,광남벨라스2차아파트,101,도로교차점,1,유,126.915059,37.5558238,192494.648,450703.2575
1130028500,강변북로-일반국도1호선램프(3),108,IC 및 JC,0,무,126.8963294,37.5558626,190839.7143,450709.2268
1130028600,동교로사거리,101,도로교차점,1,유,126.9205844,37.5560426,192982.8935,450727.1223
1130028700,마포구-중구경계(1),105,행정경계,0,무,126.9627153,37.55602,196705.5451,450722.2954
1130028800,한강공원입구,101,도로교차점,0,무,126.8989549,37.5561165,191071.7281,450737.1606
1130029100,신촌기차역입구,101,도로교차점,0,무,126.9428851,37.5566192,194953.4047,450789.6892
1130029200,망원성원APT,101,도로교차점,0,무,126.9017121,37.5566872,191315.4242,450800.2407
1130029400,아현삼거리_일반국도46호선_진입,101,도로교차점,0,무,126.9585765,37.5567641,196339.8796,450805.0365
1130029500,성산대교북단,108,IC 및 JC,0,무,126.8939091,37.5565467,190625.9437,450785.3945
1130029800,창천동삼거리,101,도로교차점,1,유,126.9317096,37.5569494,193965.9777,450826.9955
1130030000,청원제일주유소,101,도로교차점,1,유,126.9241005,37.5571069,193293.6701,450844.9872
1130030200,강변북로-일반국도1호선램프(4),108,IC 및 JC,0,무,126.8959478,37.5573273,190806.174,450871.8293
1130030300,동교초교,101,도로교차점,0,무,126.9044499,37.5572651,191557.3982,450864.1255
1130030400,성산대교북단,108,IC 및 JC,0,무,126.8947849,37.5573821,190703.4302,450878.0322
1130030500,아현역,104,도로시설물,0,무,126.9531856,37.5572317,195863.5732,450857.1581
1130030600,아현삼거리_일반국도6호선_진출,101,도로교차점,0,무,126.9583153,37.5573043,196316.828,450865.0041
1130030700,아현교차로,101,도로교차점,1,유,126.9593267,37.5572499,196406.1887,450858.9247
1130031000,아현역,101,도로교차점,1,유,126.9561818,37.5574097,196128.327,450876.7857
1130031200,청기와예식장,101,도로교차점,1,유,126.9187852,37.5575428,192824.0549,450893.7578
1130031300,대성카센터,101,도로교차점,1,유,126.9248695,37.5576938,193361.6682,450910.0748
1130031400,성산대교북단,108,IC 및 JC,0,무,126.8934766,37.5578619,190587.8894,450931.4132
1130031500,구립망원2동2노인정,101,도로교차점,0,무,126.8985069,37.5580785,191032.3856,450954.9561
1130031600,아현1동파출소,101,도로교차점,1,유,126.9603624,37.5579765,196497.741,450939.5372
1130031700,우성빌딩,101,도로교차점,0,무,126.9230461,37.5579803,193200.5799,450942.004
1130031800,성산대교북단,108,IC 및 JC,0,무,126.8940421,37.5581045,190637.8909,450958.28
1130031900,망원우체국,101,도로교차점,1,유,126.9082919,37.5580667,191896.953,450952.76
1130032000,강변북로-일반국도1호선램프(12),108,IC 및 JC,0,무,126.894887,37.5581835,190712.5499,450966.9665
1130032100,신촌전화국,101,도로교차점,1,유,126.9233661,37.5583834,193228.8904,450986.7187
1130032200,강변북로-일반국도1호선램프(13),108,IC 및 JC,0,무,126.8950002,37.5586296,190722.6103,451016.4581
1130032300,동교동삼거리,101,도로교차점,0,무,126.9260759,37.5586456,193468.3408,451015.6239
1130032400,신부파스카아파트 401동,101,도로교차점,0,무,126.9003624,37.5589115,191196.4276,451047.2297
1130032500,동교동삼거리_연희로_진출,101,도로교차점,0,무,126.9265306,37.5594559,193508.5903,451105.5227
1130032600,강변북로-일반국도1호선램프(7),108,IC 및 JC,0,무,126.8944997,37.559543,190678.5003,451117.889
1130032800,망원초교,101,도로교차점,0,무,126.9027304,37.5599743,191405.7796,451164.9695
1130032900,강변북로-증산로램프(3),108,IC 및 JC,0,무,126.8907801,37.5602445,190349.9487,451196.1279
1130033000,경성고교입구,101,도로교차점,1,유,126.9163152,37.5603147,192606.0894,451201.6008
1130033100,강변북로-일반국도1호선램프(5),108,IC 및 JC,0,무,126.89624,37.5600798,190832.3317,451177.3017
1130033200,난지분기점(강변북로),108,IC 및 JC,0,무,126.8911412,37.5603059,190381.8611,451202.8955
1130033300,강변북로-일반국도1호선램프(6),108,IC 및 JC,0,무,126.8960314,37.5602533,190813.9177,451196.5695
1130033400,타조기획,101,도로교차점,0,무,126.9232947,37.5606067,193222.7828,451233.4835
1130033500,창무빌딩,101,도로교차점,0,무,126.9242531,37.5606606,193307.4718,451239.3963
1130033700,난지IC(강변북로),108,IC 및 JC,0,무,126.889634,37.5611813,190248.802,451300.2195
1130033800,털보카센타,101,도로교차점,0,무,126.9048329,37.5609206,191591.6497,451269.8109
1130033900,진성주택,101,도로교차점,1,유,126.8988243,37.5610764,191060.7876,451287.6582
1130034100,망원2주민센터,101,도로교차점,1,유,126.9054989,37.5612024,191650.5196,451301.0318
1130034200,성산분기점(내부순환로),108,IC 및 JC,0,무,126.8978754,37.5617642,190977.0333,451364.0835
1130034300,성산분기점(내부순환로),108,IC 및 JC,0,무,126.8987171,37.5621055,191051.4354,451401.8851
1130034500,난지도쓰레기종합처리소_난지도,101,도로교차점,0,무,126.898922,37.5621374,191069.5424,451405.4048
1130034600,난지도쓰레기종합처리소_난지도,101,도로교차점,0,무,126.8990555,37.5621485,191081.3384,451406.6296
1130034700,유담주택,101,도로교차점,1,유,126.9012637,37.5620487,191276.4234,451395.3438
1130034800,수협동교지점,101,도로교차점,0,무,126.9273916,37.5621209,193584.888,451401.2555
1130034900,난지IC(강변북로),108,IC 및 JC,0,무,126.8878955,37.5619269,190095.2996,451383.1472
1130035100,성산지하차도,101,도로교차점,0,무,126.90176,37.562441,191320.3243,451438.841
1130035200,월드컵대교북단,108,IC 및 JC,0,무,126.8869825,37.5627147,190014.7373,451470.6795
1130035300,강변북로-증산로램프(5),108,IC 및 JC,0,무,126.8898104,37.5629861,190264.6246,451500.5047
1130035400,강변북로-증산로램프(8),108,IC 및 JC,0,무,126.8887405,37.5627647,190170.064,451476.0477
1130035500,마포구청역,101,도로교차점,1,유,126.9039098,37.56299,191510.3242,451499.5796
1130035800,중앙외국어학원,101,도로교차점,1,유,126.9256847,37.5635341,193434.2074,451558.2199
1130035900,연희동성당앞,101,도로교차점,1,유,126.9284301,37.5635775,193676.7647,451562.8501
1130036000,노블레스아파트,101,도로교차점,0,무,126.9218332,37.5635642,193093.9304,451561.8321
1130036100,성산1교,101,도로교차점,1,유,126.903161,37.5638058,191444.2576,451590.1863
1130036300,평화의공원입구삼거리,101,도로교차점,1,유,126.8991588,37.5640493,191090.6942,451617.584
1130036400,월드컵공원관리사업소,102,도로시.종점,0,무,126.8977752,37.5640624,190968.4564,451619.1715
1130036500,마포구청,101,도로교차점,1,유,126.9078433,37.5642328,191857.9874,451637.1632
1130036600,마포구-서대문구경계(1),105,행정경계,0,무,126.9266587,37.5643572,193520.3295,451649.5013
1130036800,강변북로-증산로램프(7),108,IC 및 JC,0,무,126.8904942,37.5643941,190325.2224,451656.7041
1130036900,함성빌라,101,도로교차점,1,유,126.9075629,37.5648537,191833.2863,451706.1016
1130037000,성산2교,101,도로교차점,1,유,126.9117891,37.5653133,192206.7089,451756.7551
1130037100,마포구청,101,도로교차점,1,유,126.9014174,37.5654778,191290.4021,451775.9242
1130037200,중동초교앞,101,도로교차점,1,유,126.9112193,37.5659108,192156.4292,451823.1083
1130037300,사천고가차도(서측),101,도로교차점,0,무,126.9142748,37.5660087,192426.3922,451833.7296
1130037500,상암교,101,도로교차점,1,유,126.900075,37.5659964,191171.8685,451833.6035
1130037600,노을공원,108,IC 및 JC,0,무,126.8797079,37.5669208,189372.6181,451938.309
1130037800,월드컵경기장삼거리,101,도로교차점,1,유,126.8991738,37.5662854,191092.2817,451865.7636
1100045900,상계시장앞,101,도로교차점,1,유,127.0771334,37.6650447,206805.5183,462825.0057
1100046100,털보종합카센타,101,도로교차점,1,유,127.0758672,37.6655092,206693.7556,462876.4658
1100046200,한신3차아파트8동앞,101,도로교차점,0,무,127.0673313,37.6655819,205940.6317,462883.9639
1100046300,L씨빌딩,101,도로교차점,0,무,127.0787537,37.6658718,206948.3936,462916.9222
1100046400,기업은행상계지점,101,도로교차점,0,무,127.0778037,37.6659483,206864.5734,462925.3359
1100046500,불암동아아파트,101,도로교차점,0,무,127.0781965,37.6664844,206899.181,462984.8673
1100046600,동부간선도로-늘푸른1길램프(3),108,IC 및 JC,0,무,127.0510368,37.6668024,204502.8978,463018.5184
1100046700,금호아파트,101,도로교차점,0,무,127.0696661,37.6667348,206146.5309,463012.0754
1100046900,평화약국,101,도로교차점,0,무,127.0666274,37.667119,205878.4016,463054.5147
1100047000,상계11-13단지,101,도로교차점,1,유,127.0571372,37.6673471,205041.0864,463079.2835
1100047100,신상계초등학교,101,도로교차점,0,무,127.0765063,37.6673675,206749.9769,463082.7686
1100047200,삼성가전랜드,101,도로교차점,0,무,127.0788974,37.667405,206960.9349,463087.1025
1100047300,온곡초교,101,도로교차점,0,무,127.0667312,37.6678531,205887.5033,463136.0065
1100047400,상원초교,101,도로교차점,0,무,127.0599809,37.6684213,205291.8985,463198.66
1100047600,당고개역,101,도로교차점,1,유,127.079084,37.6703861,206977.1201,463417.9869
1100047700,당고개역,101,도로교차점,1,유,127.0813061,37.6703985,207173.1629,463419.5327
1100048000,상계14-16단지,101,도로교차점,1,유,127.0562894,37.6705204,204966.0769,463431.4447
1100048200,대창센시티,101,도로교차점,0,무,127.0518686,37.6709521,204576.0232,463479.127
1100048300,상경초교,101,도로교차점,0,무,127.0508682,37.6710631,204487.7581,463491.4037
1100048400,상계근린공원,101,도로교차점,1,유,127.0500939,37.6711187,204419.4513,463497.5421
1100048500,부흥빌딩,101,도로교차점,1,유,127.0561081,37.6712137,204950.0325,463508.3804
1100048600,현대2차아파트,101,도로교차점,0,무,127.0509522,37.6716889,204495.1311,463560.8658
1100048700,현대3차아파트,101,도로교차점,0,무,127.0517872,37.6718616,204568.7913,463580.0746
1100048800,성불빌라,101,도로교차점,0,무,127.0522263,37.6719458,204607.5264,463589.4409
1100048900,삼락시장,101,도로교차점,0,무,127.0829027,37.6721993,207313.8399,463619.5295
1100049000,가나안덕,101,도로교차점,0,무,127.0544111,37.672321,204800.2493,463631.1922
1100049100,배밭고을,101,도로교차점,1,유,127.0557444,37.6725755,204917.8591,463659.5107
1100049200,통일상가,101,도로교차점,1,유,127.0556224,37.6730314,204907.0641,463710.0991
1100049300,노일초교,101,도로교차점,1,유,127.055376,37.6739736,204885.2624,463814.6626
1100049400,축복교회,101,도로교차점,1,유,127.0552904,37.675114,204877.6424,463941.2396
1100049500,노원초교,101,도로교차점,1,유,127.0553127,37.6760237,204879.5474,464042.2048
1100049600,LG하이프라자,101,도로교차점,0,무,127.0549524,37.6765394,204847.7288,464099.4174
1100049700,동부간선도로-철쭉길램프(2),108,IC 및 JC,0,무,127.0513332,37.6777025,204528.3846,464228.3399
1100049800,동부간선도로-철쭉길램프(1),108,IC 및 JC,0,무,127.0520113,37.6780749,204588.1804,464269.6992
1100049900,상계두산주공1단지,101,도로교차점,0,무,127.0535935,37.6782611,204727.74,464290.447
1100050000,수락산역,101,도로교차점,1,유,127.0553504,37.6782721,204882.7224,464291.7603
1100050100,동부간선도로-철쭉길램프(3),108,IC 및 JC,0,무,127.0515642,37.6782464,204548.725,464288.7129
1100050200,대성제넥스학원,101,도로교차점,1,유,127.0544988,37.6784044,204807.5915,464306.4014
1100050300,삼호장여관,101,도로교차점,0,무,127.0536543,37.6785326,204733.0846,464320.5831
1100050400,예닮교회,101,도로교차점,1,유,127.0520924,37.6787555,204595.2894,464345.2423
1100050500,노원구-도봉구경계(6),105,행정경계,0,무,127.0509714,37.6789664,204496.3917,464368.6022
1100050600,상계1치안센터,101,도로교차점,1,유,127.0553801,37.6795308,204885.2624,464431.4605
1100050700,수락산우체국,101,도로교차점,0,무,127.0546073,37.6795355,204817.0882,464431.9482
1100050900,오피앙오피스텔,103,속성변화점,0,무,127.0546231,37.6806536,204818.4112,464556.038
1100051000,홍파복지원앞,101,도로교차점,1,유,127.0554049,37.6806579,204887.3791,464556.5558
1100051100,미주동방벽운아파트,101,도로교차점,1,유,127.0554422,37.6823475,204890.5541,464744.0928
1100051200,수락초교,101,도로교차점,1,유,127.0554904,37.6847489,204894.6531,465010.6282
1100051300,동부간선도로-동1로램프(2),108,IC 및 JC,0,무,127.0549372,37.6856852,204845.7894,465114.5145
1100051400,동부간선도로-동1로램프(1),108,IC 및 JC,0,무,127.0554412,37.6854042,204890.2701,465083.3571
1100051500,노원구-도봉구경계(7),105,행정경계,0,무,127.0508914,37.6862843,204488.8873,465180.8085
1100051600,낙운길사거리,101,도로교차점,0,무,127.0519335,37.6867454,204580.7848,465232.0433
1100051700,노원구-의정부시경계(3),105,행정경계,0,무,127.0514896,37.6873696,204541.5924,465301.3
1100051800,동부간선도로수락분기점,101,도로교차점,0,무,127.0555497,37.6888801,204899.6109,465469.1565
1100051900,노원구-의정부시경계(2),105,행정경계,0,무,127.0532513,37.6884818,204696.9077,465424.828
1100052000,노원교,104,도로시설물,0,무,127.0510002,37.6767086,204499.0626,464118.006
1100052100,동부간선도로진출,101,도로교차점,0,무,127.051427,37.6659586,204537.3736,462924.8781
1100052200,상계8동주민센터,101,도로교차점,0,무,127.0514596,37.6660932,204540.2434,462939.8187
1100052300,한천교(동측),104,도로시설물,0,무,127.0723908,37.625361,206390.4748,458420.1828
1100052400,하나회수산,101,도로교차점,0,무,127.0781299,37.6695605,206893.0223,463326.2864
1100052500,흥부전놀부전,101,도로교차점,0,무,127.0784746,37.6693577,206923.4495,463303.7968
1100052600,이연아마빌레아파트,101,도로교차점,0,무,127.0819488,37.6464705,207232.1851,460763.8147
1110000900,연신내역,101,도로교차점,1,유,126.921383,37.6188829,193059.2936,457701.62
1110001300,송추삼거리,101,도로교차점,0,무,126.9215686,37.6431103,193077.928,460390.599
1110001400,통일로고양시계,105,행정경계,0,무,126.9101727,37.6452563,192072.3964,460629.6798
1110001500,은평구-고양시경계(2),105,행정경계,0,무,126.921295,37.6456981,193054.0175,460677.8354
1110001700,증산시장,101,도로교차점,1,유,126.9045475,37.5813541,191568.7381,453537.7193
1110001800,수색역,101,도로교차점,0,무,126.8954205,37.5821709,190762.6569,453629.2367
1110001900,안당빌딩,101,도로교차점,0,무,126.9089079,37.5855518,191954.3427,454003.237
1110002100,수색교,101,도로교차점,0,무,126.8872464,37.5870096,190041.2955,454167.1114
1110002300,갈비마루,101,도로교차점,1,유,126.9149923,37.5890439,192492.0878,454390.3092
1110002600,은평터널삼거리,101,도로교차점,0,무,126.9052316,37.5908637,191630.2274,454593.1157
1110003200,본서부병원앞,101,도로교차점,0,무,126.9223127,37.6004721,193139.6764,455658.1603
1110003600,그린빌라트앞삼거리,101,도로교차점,0,무,126.9072876,37.6048756,191813.3415,456148.1015
1110004800,불광중학교,101,도로교차점,0,무,126.9313461,37.622332,193939.1628,458083.7419
1110004900,연신초교삼거리,101,도로교차점,0,무,126.9288725,37.6252341,193721.0344,458406.0172
1110005100,기자촌교회장로교,102,도로시.종점,0,무,126.933111,37.6335925,194095.8615,459333.4277
1110005200,증산교,101,도로교차점,0,무,126.9027981,37.5772224,191413.7393,453079.3065
1110005400,비단길-수색로진입로,101,도로교차점,1,유,126.9017242,37.5781848,191318.9875,453186.218
1110005500,증산빗물펌프장_일반국도1호선_,101,도로교차점,0,무,126.9034753,37.5781799,191473.6641,453185.5139
1110005600,동고택시주식회사,101,도로교차점,1,유,126.9025301,37.5782791,191390.1855,453196.6176
1110005700,증산빗물펌프장_비단길_진출,101,도로교차점,0,무,126.9033377,37.5785214,191461.5541,453223.43
1110005800,증산교,101,도로교차점,0,무,126.9041515,37.5788161,191533.472,453256.0696
1110005900,청솔식당,101,도로교차점,1,유,126.901471,37.579249,191296.7459,453304.3564
1110006000,디지털미디어시티역,101,도로교차점,0,무,126.8998951,37.5795337,191157.5748,453336.1064
1110006100,증산3교,101,도로교차점,1,유,126.9059271,37.5803994,191690.4882,453431.6342
1110006200,증산주유소,101,도로교차점,1,유,126.907931,37.5823016,191867.6978,453642.5781
1110006300,증산배수지입구,101,도로교차점,0,무,126.9063361,37.5833112,191726.9372,453754.7751
1110006400,증산역,101,도로교차점,1,유,126.9103277,37.5845311,192079.6295,453889.8317
1110006500,초원주택,101,도로교차점,1,유,126.9188015,37.5852503,192828.1536,453968.9661
1110006600,충암고교,101,도로교차점,1,유,126.9226794,37.5857761,193170.7235,454027.0423
1110006700,건강백세약국,101,도로교차점,0,무,126.9182526,37.5859078,192779.7347,454041.9913
1110006800,알바트로스호프,101,도로교차점,1,유,126.9190912,37.5860658,192853.8182,454059.4538
1110007000,은평터널(남측),104,도로시설물,0,무,126.9012081,37.5867869,191274.3984,454141.007
1110007100,강이지주의원,101,도로교차점,0,무,126.9202024,37.5869187,192952.045,454154.0425
1110007200,응암4동새마을금고,101,도로교차점,0,무,126.9194561,37.5872401,192886.1636,454189.7614
1110007300,대림한숲타운아파트,103,속성변화점,0,무,126.9019193,37.5875058,191337.2991,454220.7225
1110007400,한신교회앞,101,도로교차점,0,무,126.9207052,37.5873446,192996.4951,454201.2708
1110007500,응암초교,101,도로교차점,0,무,126.9201025,37.5878234,192943.3137,454254.4521
1110007600,파리바게뜨,101,도로교차점,0,무,126.9177702,37.5879791,192737.3352,454271.9146
1110007700,대림시장,101,도로교차점,1,유,126.9167993,37.5882931,192651.61,454306.8397
1110007800,증산손칼국수,101,도로교차점,0,무,126.9125288,37.5888014,192274.4891,454363.6002
1110007900,와산교,101,도로교차점,1,유,126.9130592,37.588699,192321.3269,454352.192
1110008000,연흥초등학교,101,도로교차점,1,유,126.9183396,37.589206,192787.7384,454408.043
1110008100,은평공영차고지,101,도로교차점,1,유,126.8843249,37.5894813,189783.5908,454441.7495
1110008200,응암오거리_응암로_진출_1,101,도로교차점,0,무,126.9172026,37.5897349,192687.3747,454466.8275
1110008300,응암오거리_가좌로_진입_1,101,도로교차점,0,무,126.9175182,37.5897894,192715.2562,454472.8619
1110008400,은평터널(북측),104,도로시설물,0,무,126.9042712,37.5898784,191545.296,454483.8426
1110008500,응암오거리,101,도로교차점,0,무,126.9172197,37.5901063,192688.9163,454508.0557
1110008600,신사미성아파트,101,도로교차점,1,유,126.909323,37.5903616,191991.5167,454537.035
1110008700,응암오거리_가좌로_진입_2,101,도로교차점,0,무,126.9169557,37.5903907,192665.6314,454539.6358
1110008800,응암오거리_응암로_진출_2,101,도로교차점,0,무,126.9172209,37.5904177,192689.0528,454542.614
1110008900,경남아파트입구,101,도로교차점,0,무,126.9106897,37.5904521,192112.2331,454546.9568
1110009000,숭실고입구,101,도로교차점,1,유,126.9134751,37.590455,192358.2363,454547.058
1110009100,크리비아,101,도로교차점,0,무,126.9163328,37.5908059,192610.6601,454585.7713
1110009300,수색동재활용집하시설,101,도로교차점,0,무,126.8848838,37.5914466,189833.2237,454659.8243
1110009400,시내버스공영차고지,101,도로교차점,0,무,126.8834289,37.5915377,189704.7448,454670.0854
1110009500,은평차고지,101,도로교차점,1,유,126.8858866,37.5918226,189921.8359,454701.4385
1110009600,송지빌딩,101,도로교차점,1,유,126.9146945,37.5920983,192466.0952,454729.3374
1110009700,수정APT,101,도로교차점,1,유,126.9065032,37.5921997,191742.6756,454741.2827
1110009800,새절역,101,도로교차점,1,유,126.9140073,37.5926403,192405.4645,454789.5492
1110009900,서울시립은평병원,101,도로교차점,0,무,126.9230299,37.5929396,193202.3325,454822.082
1110010200,신사초등학교,101,도로교차점,1,유,126.9132039,37.5932557,192334.5717,454857.9245
1110010300,응암시장,101,도로교차점,0,무,126.9180698,37.5938801,192764.3642,454926.8373
1110010400,은평구-고양시경계(4),105,행정경계,0,무,126.8856676,37.5939493,189902.7812,454937.5087
1110010500,박애재가노인복지원,101,도로교차점,0,무,126.9170789,37.5940369,192676.8689,454944.3197
1110010600,은평병원,101,도로교차점,0,무,126.9230086,37.5941972,193200.5615,454961.6566
1110010700,마이골프랜드,101,도로교차점,1,유,126.9144906,37.5944679,192448.3271,454992.3527
1110010800,경신카센타,101,도로교차점,1,유,126.9135656,37.5946446,192366.6525,455012.0446
1110010900,응암제2동주민센터,101,도로교차점,0,무,126.9229675,37.5947165,193196.9758,455019.301
1110011000,서북교회,101,도로교차점,1,유,126.9107112,37.5952563,192114.6364,455080.1749
1110011100,신사동고개사거리,101,도로교차점,0,무,126.909268,37.5963429,191987.3054,455200.8913
1110011200,영락중교,101,도로교차점,0,무,126.9240649,37.5968492,193294.0844,455255.9304
1110011300,영락중교,101,도로교차점,0,무,126.9239513,37.5969085,193284.0588,455262.5148
1110011400,신사지하차도,104,도로시설물,0,무,126.9075368,37.5971669,191834.5082,455292.5035
1110011500,경보빌딩,101,도로교차점,1,유,126.9152154,37.5972468,192512.621,455300.7252
1110011600,햇살그림어린이집,101,도로교차점,1,유,126.9142964,37.5973926,192431.4756,455316.9775
1110011700,신사동고개_은평로_진출,101,도로교차점,0,무,126.9099188,37.597309,192044.88,455308.0663
1110011800,선진공고,101,도로교차점,1,유,126.9193482,37.5977106,192877.6325,455351.8781
1110011900,신사동고개삼거리,101,도로교차점,1,유,126.910083,37.5978924,192059.4399,455372.7996
1110012000,신사동고개_은평로_진입,101,도로교차점,0,무,126.9108006,37.5979914,192122.8197,455383.7265
1110012100,신사1동사무소,101,도로교차점,0,무,126.9120932,37.5983266,192237.0064,455420.8266
1110012200,동명한의원,101,도로교차점,1,유,126.9146655,37.5988649,192464.2178,455480.358
1110012300,신사연세치과,101,도로교차점,0,무,126.9102048,37.5990701,192070.3186,455503.5091
1110012400,신사오거리,101,도로교차점,1,유,126.9156807,37.5990922,192553.8961,455505.5131
1110012500,CJ드림시티 A동,101,도로교차점,1,유,126.916873,37.5993408,192659.2066,455533.0047
1110012600,참사랑병원,101,도로교차점,1,유,126.9166139,37.599558,192636.3466,455557.1347
1110012700,이마트역촌점,101,도로교차점,0,무,126.9189514,37.5997679,192842.7907,455580.2534
1110012900,뉴코리아주유소,101,도로교차점,0,무,126.9211534,37.6002293,193037.2819,455631.2906
1110013100,권필제동물병원,101,도로교차점,1,유,126.9188589,37.6002772,192834.6641,455636.782
1110013300,은방울미술,101,도로교차점,1,유,126.9151465,37.6007246,192506.882,455686.7334
1110013400,기아자동차,101,도로교차점,1,유,126.9160521,37.6007709,192586.8527,455691.8013
1110013500,녹번역,101,도로교차점,1,유,126.9357444,37.6009325,194325.8298,455708.362
1110013600,그린아트빌라,102,도로시.종점,0,무,126.904049,37.6009992,191526.9295,455718.1527
1110013700,은평주유소앞,101,도로교차점,1,유,126.9293396,37.6014402,193760.2818,455765.1153
1110013800,선학수련원,101,도로교차점,1,유,126.9284182,37.6014969,193678.9222,455771.4653
1110013900,은평구청입구,101,도로교차점,1,유,126.9271787,37.6015019,193569.4699,455772.1113
1110014000,남전빌딩,101,도로교차점,0,무,126.9224146,37.6016038,193148.7816,455783.753
1110014200,서부경찰서,101,도로교차점,1,유,126.9206063,37.6017533,192989.1163,455800.4857
1110014600,은평구청,101,도로교차점,0,무,126.9285388,37.6022908,193689.6379,455859.5717
1110014700,역촌초교앞사거리,101,도로교차점,1,유,126.9149311,37.6023783,192488.0304,455870.2885
1110014800,은평세무서,101,도로교차점,1,유,126.9263937,37.602456,193500.2311,455878.0617
1110014900,윤엘리트학원,101,도로교차점,1,유,126.9158385,37.6024422,192568.1598,455877.3143
1110015000,서부서뒤,101,도로교차점,1,유,126.9211567,37.6028704,193037.8195,455924.4289
1110015100,선교봉사관,101,도로교차점,0,무,126.922557,37.6029913,193161.4816,455937.7408
1110015200,정화교회앞,101,도로교차점,0,무,126.910387,37.6032748,192086.8551,455970.1689
1110015300,은평문화원,101,도로교차점,1,유,126.9271894,37.6033949,193570.5751,455982.2063
1110015400,녹번초교,101,도로교차점,1,유,126.9252524,37.6036931,193399.5586,456015.4458
1110015500,경남아너스빌,101,도로교차점,0,무,126.9053589,37.6046953,191643.0157,456128.2577
1110015600,성실약국,101,도로교차점,0,무,126.9066923,37.6046963,191760.7555,456128.2577
1110015700,서울시립서북병원,102,도로시.종점,0,무,126.9045423,37.6047363,191570.9165,456132.888
1110016000,시립서북병원,101,도로교차점,0,무,126.9105229,37.6055158,192099.0921,456218.8777
1110016100,역촌역,101,도로교차점,1,유,126.9225183,37.605573,193158.3066,456224.2851
1110016200,미래마트,101,도로교차점,0,무,126.9144815,37.6058048,192448.6735,456250.6278
1110016300,역말사거리,101,도로교차점,1,유,126.9154227,37.6058599,192531.7831,456256.6746
1110016400,샹제르망,101,도로교차점,1,유,126.9181429,37.6062065,192772.0142,456294.929
1110016500,역촌역,101,도로교차점,1,유,126.9229011,37.6063361,193192.1733,456308.952
1110016600,제일기사식당,101,도로교차점,1,유,126.9152598,37.607436,192517.5581,456431.6175
1110016700,은평마을,101,도로교차점,0,무,126.9107817,37.6075661,192122.1605,456446.4198
1110016800,은평여성인력개발센터,101,도로교차점,1,유,126.9324935,37.6075996,194039.2854,456448.5354
1110016900,서울혁신파크교차로,101,도로교차점,1,유,126.9313876,37.608822,193941.729,456584.2757
1110017000,역촌사거리,101,도로교차점,1,유,126.9206961,37.6088425,192997.7042,456587.2942
1110017100,대조불광시장,101,도로교차점,0,무,126.9270004,37.6090625,193554.3782,456611.2633
1110017200,예일여고,101,도로교차점,1,유,126.9160145,37.6091411,192584.3656,456620.7949
1110017300,채유병산부인과,101,도로교차점,1,유,126.9309256,37.6093318,193900.983,456640.8967
1110017400,구기터널(서측),104,도로시설물,0,무,126.947674,37.6101626,195379.8602,456732.1495
1110017500,킴스클럽 & 2001아울렛,101,도로교차점,1,유,126.9287281,37.6103961,193707.0431,456759.1657
1110017600,수풀길주택,101,도로교차점,1,유,126.9389043,37.6104767,194605.5555,456767.4714
1110017700,은평중,101,도로교차점,0,무,126.9111602,37.6105075,192155.8949,456772.8502
1110017800,불광역,101,도로교차점,1,유,126.9295448,37.6109571,193779.2011,456821.3701
1110017900,대동교회,101,도로교차점,0,무,126.921814,37.6110567,193096.6172,456832.9669
1110018000,구산역,101,도로교차점,1,유,126.9172594,37.6112606,192694.4986,456855.9438
1110018100,불광전화국앞,101,도로교차점,1,유,126.9287374,37.6118767,193707.9836,456923.4976
1110018200,불광동라비앙프라자,101,도로교차점,0,무,126.931774,37.6121174,193976.1128,456950.0089
1110018300,대조초등학교앞,101,도로교차점,1,유,126.917613,37.6133438,192725.9179,457087.124
1110018400,구산사거리,101,도로교차점,1,유,126.9116125,37.6137758,192196.1674,457135.555
1110018500,길마독사거리,101,도로교차점,1,유,126.9177731,37.6142468,192740.1393,457187.3351
1110018600,선진종점삼거리,101,도로교차점,1,유,126.9101119,37.6143372,192063.7431,457197.9967
1110018700,동명여고,101,도로교차점,0,무,126.9260854,37.6148511,193474.0914,457253.8041
1110018800,우성정육점,101,도로교차점,0,무,126.9222414,37.6149451,193134.7173,457264.5032
1110018900,세광교회,101,도로교차점,0,무,126.9128142,37.6150353,192302.3978,457275.2552
1110019000,대조동사무소,101,도로교차점,0,무,126.924493,37.6159348,193333.5974,457374.1898
1110019100,예원피아노,101,도로교차점,0,무,126.913686,37.6159329,192379.4578,457374.8049
1110019200,하나은행연신내지점,101,도로교차점,1,유,126.9194853,37.6174364,192891.6136,457541.216
1110019300,불광1새마을금고,101,도로교차점,0,무,126.9331734,37.6177801,194100.118,457578.422
1110019400,갈현동먹자골목,101,도로교차점,0,무,126.9200615,37.6184161,192942.5771,457649.9107
1110019500,연신내진원와이타운,101,도로교차점,0,무,126.9202742,37.6188255,192961.3976,457695.3361
1110019600,독바위역,101,도로교차점,0,무,126.9326798,37.6190029,194056.6381,457714.1712
1110019700,선일여고입구,101,도로교차점,0,무,126.91544,37.6191381,192534.6363,457730.4056
1110019800,연신내사거리,101,도로교차점,0,무,126.92073,37.6195648,193001.7023,457777.3557
1110019900,흥진빌딩,101,도로교차점,0,무,126.9161313,37.6201714,192595.7739,457845.0398
1110020000,선일여상,102,도로시.종점,0,무,126.9112808,37.6205096,192167.5932,457882.9682
1110020200,불광지구대,101,도로교차점,1,유,126.9262883,37.621393,193492.5794,457979.8652
1110020300,대성고교,101,도로교차점,0,무,126.9114025,37.6225388,192178.5505,458108.1785
1110020400,한국불교거사림,102,도로시.종점,0,무,126.9343644,37.6226998,194205.6517,458124.382
1110020500,갈현사안경나라,101,도로교차점,0,무,126.9190946,37.6233911,192857.6932,458202.1587
1110020600,경산빌딩,101,도로교차점,0,무,126.9198587,37.6233522,192925.1441,458197.7809
1110020700,시티아파트,102,도로시.종점,0,무,126.9104545,37.6233749,192094.942,458201.0474
1110020800,갈현1동사무소,101,도로교차점,0,무,126.9169905,37.6234755,192671.9553,458211.6837
1110020900,개미연립,102,도로시.종점,0,무,126.9115896,37.6253739,192195.3604,458422.8216
1110021000,한일목욕탕,101,도로교차점,1,유,126.9182707,37.6258769,192785.1972,458478.1196
1110021100,지현한방병원,101,도로교차점,0,무,126.9191331,37.6266189,192861.3973,458560.4052
1110021200,박석고개,101,도로교차점,0,무,126.9198864,37.6268887,192927.9222,458590.2911
1110021300,양지아트빌라(A동),101,도로교차점,1,유,126.9149318,37.628523,192490.7153,458772.0723
1110021400,중앙빌라,101,도로교차점,0,무,126.9154048,37.6289739,192532.5196,458822.0786
1110021500,메뚜기다리앞,101,도로교차점,0,무,126.9301153,37.6294639,193831.1013,458875.389
1110021600,박석고개,101,도로교차점,0,무,126.9192936,37.6304676,192875.9315,458987.5637
1110021700,은평구민체육센터,101,도로교차점,0,무,126.9216669,37.6313013,193085.5039,459079.9123
1110021800,기자촌아파트,101,도로교차점,0,무,126.9319956,37.6339458,193997.4363,459372.7185
1110021900,은평웹미디어고등학교,101,도로교차점,0,무,126.9299433,37.6341633,193816.3066,459396.994
1110022000,은평성모병원사거리,101,도로교차점,0,무,126.9170815,37.6345318,192681.0655,459438.8115
1110022100,구파발치안센터,101,도로교차점,0,무,126.9189629,37.634589,192847.1359,459445.016
1110022400,제각말아파트,102,도로시.종점,0,무,126.9383821,37.63792,194561.4496,459813.4233
1110022500,진관사,102,도로시.종점,0,무,126.9453864,37.6389911,195179.7293,459931.9164
1110022600,구파발사거리,101,도로교차점,0,무,126.9167482,37.639037,192652.0935,459938.875
1110022700,진관동주민센터,101,도로교차점,1,유,126.9186725,37.6390999,192821.9431,459945.7013
1110022800,인덕원,101,도로교차점,0,무,126.9401472,37.6398074,194717.369,460022.801
1110022900,북한산로삼거리,101,도로교차점,0,무,126.9210902,37.6405569,193035.4623,460107.2297
1110023000,제각말아파트,101,도로교차점,0,무,126.9377688,37.6412091,194507.554,460178.5086
1110023100,은평뉴타운10단지,101,도로교차점,0,무,126.9146165,37.6432013,192464.3713,460401.2353
1110023200,삼진콘크리트,101,도로교차점,0,무,126.9264098,37.6450408,193505.3633,460604.5151
1110023300,지축교사거리,101,도로교차점,0,무,126.9213355,37.6451097,193057.5418,460612.532
1110023400,북한산길-못자리길삼거리,101,도로교차점,0,무,126.9249617,37.6464375,193377.6883,460759.6406
1110023500,문석주택,101,도로교차점,0,무,126.928922,37.6467229,193727.2168,460791.0467
1110023600,북한산길-못자리새길사거리,101,도로교차점,0,무,126.9274245,37.6481554,193595.1762,460950.141
1110023800,북한산길,101,도로교차점,0,무,126.9313681,37.6501412,193943.3686,461170.2748
1110023900,못자리새길종점,102,도로시.종점,0,무,126.9329841,37.6503297,194085.9925,461191.0975
1110024200,삼천리골입구,101,도로교차점,0,무,126.9365367,37.6504492,194399.5112,461204.1415
1110024400,북한산초등학교,102,도로시.종점,0,무,126.9493104,37.6550717,195527.0353,461716.5081
1110024500,흥국사,101,도로교차점,0,무,126.9420543,37.6570136,194886.8747,461932.4086
1110024600,은평구-고양시경계(1),105,행정경계,0,무,126.9416402,37.657396,194850.3621,461974.8743
1110025000,북한산성입구,101,도로교차점,1,유,126.9464745,37.6584388,195277.0036,462090.3651
1110025200,덕은교(서측),101,도로교차점,0,무,126.8826403,37.5909839,189635.0206,454608.7159
1110025300,증산지하차도(북측),104,도로시설물,0,무,126.9039238,37.5785218,191513.3186,453223.4236
1110025400,증산교,101,도로교차점,0,무,126.9042546,37.5787457,191542.5716,453248.2467
1110025500,신사지하차도(북측),104,도로시설물,0,무,126.9050507,37.5996144,191615.2343,455564.3634
1120000200,이대역,101,도로교차점,0,무,126.9458794,37.5567851,195217.9886,450807.9455
1120000500,충정로사거리,101,도로교차점,1,유,126.9619798,37.55919,196640.7026,451074.1637
1120000600,사천교동측,103,속성변화점,1,유,126.9179126,37.5677693,192747.9488,452028.8528
1120000700,사천교서측,101,도로교차점,0,무,126.9164766,37.5685117,192621.1575,452111.3581
1120000800,연희램프(내부순환로),108,IC 및 JC,0,무,126.9236497,37.5733497,193255.3038,452647.7747
1120001000,홍은사거리,101,도로교차점,1,유,126.9414392,37.5914853,194828.0628,454659.4987
1120001100,문화공원,108,IC 및 JC,0,무,126.9483411,37.5945314,195437.8077,454997.2267
1120001200,홍은램프(내부순환도로),108,IC 및 JC,0,무,126.9537355,37.596291,195914.3015,455192.2723
1120001300,홍은램프진입(내부순환로),104,도로시설물,0,무,126.9565453,37.5958238,196162.4136,455140.2988
1120001500,에스프리,101,도로교차점,0,무,126.9404146,37.5591015,194735.2931,451065.3222
1120001900,연대세브란스병원,101,도로교차점,0,무,126.9406732,37.5603014,194758.2258,451198.4871
1120002000,아리수본부,101,도로교차점,1,유,126.9675055,37.5615341,197129.0175,451334.1394
1120002200,동양하이빌,101,도로교차점,0,무,126.9526419,37.565153,195815.9814,451736.3526
1120002400,연희삼거리,101,도로교차점,0,무,126.9322319,37.5685113,194013.0531,452110.1954
1120002500,가좌삼거리,101,도로교차점,0,무,126.9128792,37.5702542,192303.5246,452305.0467
1120002600,연가교(동측),101,도로교차점,0,무,126.9221454,37.5717449,193122.265,452469.7722
1120002700,연가교(서측),101,도로교차점,0,무,126.921525,37.5721628,193067.4961,452516.2067
1120002800,북가좌삼거리,101,도로교차점,0,무,126.9060024,37.5742868,191696.4623,452753.2033
1120002900,가재울사거리,101,도로교차점,0,무,126.9178603,37.5751283,192744.0424,452845.6136
1120003100,모래내우체국앞,101,도로교차점,1,유,126.9142928,37.5752974,192428.923,452864.6636
1120003200,홍남교북측,101,도로교차점,0,무,126.9261533,37.575781,193476.6751,452917.4481
1120003300,연희지하차도,101,도로교차점,0,무,126.9354816,37.5763752,194300.7484,452982.793
1120003600,북가좌초교사거리,101,도로교차점,0,무,126.9097495,37.5778775,192027.8535,453151.402
1120003700,홍연2교서측,101,도로교차점,0,무,126.9304101,37.5780454,193852.8913,453168.4831
1120003900,명지대삼거리,101,도로교차점,0,무,126.9268617,37.5815726,193539.7563,453560.1995
1120004100,북가좌사거리,101,도로교차점,0,무,126.9132876,37.5824441,192340.8563,453657.9478
1120004200,신촌로터리_연세로_진입,101,도로교차점,0,무,126.9369388,37.5556201,194427.9279,450679.1276
1120004300,신촌로터리_연세로_진출,101,도로교차점,0,무,126.9368031,37.555622,194415.9299,450679.3465
1120004500,연세로사거리,101,도로교차점,1,유,126.9369059,37.5572497,194425.1346,450860.0051
1120004600,신촌기차역_신촌역길_진입,101,도로교차점,0,무,126.9428119,37.558522,194947.0664,451000.8718
1120004700,무궁화상가아파트,101,도로교차점,1,유,126.9457248,37.5588012,195204.4532,451031.7112
1120004800,창천감리교회,101,도로교차점,1,유,126.9369194,37.5589423,194426.4576,451047.8596
1120004900,신촌명물거리,101,도로교차점,0,무,126.9393898,37.5590241,194644.7392,451056.7893
1120005000,신촌기차역_신촌역길_진출,101,도로교차점,0,무,126.9420281,37.5591261,194877.8513,451067.9703
1120005100,신촌기차역,101,도로교차점,0,무,126.9428254,37.559133,194948.2967,451068.6847
1120005200,충정로역_서소문로_진출,101,도로교차점,0,무,126.9629994,37.5593052,196730.7918,451086.9035
1120005300,충정로역_일반국도6호선_진입,101,도로교차점,0,무,126.962718,37.5598743,196705.9599,451150.0865
1120005400,세브란스병원입구_신촌역길_진입,101,도로교차점,0,무,126.9403916,37.5598846,194733.3087,451152.238
1120005500,연세대,101,도로교차점,1,유,126.9369036,37.5600465,194425.1459,451170.4104
1120005600,연세대장례식장입구,101,도로교차점,1,유,126.9382512,37.5600794,194544.2087,451173.9823
1120005700,연대세브란스병원,101,도로교차점,0,무,126.9399697,37.5600299,194696.0486,451168.3907
1120005800,신촌민자역사,101,도로교차점,0,무,126.941366,37.5602534,194819.4307,451193.1162
1120005900,약희빌딩,101,도로교차점,0,무,126.9410173,37.5607247,194788.6529,451245.4507
1120006000,창천오피스텔,101,도로교차점,1,유,126.9333949,37.5607597,194115.1859,451249.7856
1120006300,연대세브란스병원,101,도로교차점,1,유,126.942445,37.5620804,194914.8907,451395.8359
1120006400,SC제일은행,101,도로교차점,0,무,126.9556807,37.5622116,196084.3003,451409.7635
1120006600,유석빌딩,101,도로교차점,1,유,126.964467,37.5627547,196860.6115,451469.7166
1120006700,세브란스 본관,101,도로교차점,0,무,126.941352,37.5633162,194818.4041,451533.0551
1120006800,연희IC,101,도로교차점,0,무,126.9301296,37.5636399,193826.9254,451569.6612
1120006900,연희IC,101,도로교차점,0,무,126.930233,37.56371,193836.0635,451577.4356
1120007000,연희IC,101,도로교차점,0,무,126.928692,37.563826,193699.9274,451590.416
1120007100,연희IC,101,도로교차점,0,무,126.9285749,37.5638809,193689.5901,451596.5103
1120007400,봉원고가차도(남측),104,도로시설물,0,무,126.9449097,37.5639875,195132.7755,451607.3707
1120007500,서대문경찰서후문,101,도로교차점,1,유,126.9654679,37.5643068,196949.1081,451641.9468
1120007600,평화연립,101,도로교차점,0,무,126.9591078,37.5644079,196387.1959,451653.3923
1120007700,인창고교앞사거리,101,도로교차점,0,무,126.963861,37.5644724,196807.1434,451660.3773
1120007800,연남임광아파트입구,101,도로교차점,0,무,126.9270177,37.5646792,193552.0796,451685.2201
1120007900,연희IC_연희로_진입_1,101,도로교차점,0,무,126.9297553,37.5652642,193793.9869,451749.9601
1120008000,연희IC_연희로_진출_2,101,도로교차점,0,무,126.9296382,37.565319,193783.6497,451756.0544
1120008100,서대문아트홀_일반국도6호선_진,101,도로교차점,0,무,126.9663037,37.5652802,197022.9858,451749.9544
1120008200,서대문아트홀_일반국도6호선_진,101,도로교차점,0,무,126.966191,37.5653405,197013.0289,451756.6525
1120008300,금화아파트(냉천동),102,도로시.종점,0,무,126.9613137,37.5655036,196582.1347,451774.9223
1120008400,연희교차로,101,도로교차점,0,무,126.9280351,37.5655297,193642.0399,451779.5433
1120008500,서대문아트홀_의주로_진출_2,101,도로교차점,0,무,126.9660435,37.5662893,197000.0358,451861.9557
1120008600,서대문아트홀_의주로_진입_2,101,도로교차점,0,무,126.9661537,37.5663525,197009.7742,451868.9673
1120008700,두꺼비주유소앞,101,도로교차점,1,유,126.9237809,37.5664288,193266.2686,451879.6275
1120008800,연세대외국어학당,102,도로시.종점,0,무,126.9422958,37.5665301,194902.0126,451889.7142
1120008900,갑을원룸,102,도로시.종점,0,무,126.9461722,37.5665781,195244.4802,451894.8383
1030021701,행당동40-30,101,도로교차점,0,무,127.0407282,37.5549893,203598.76,450608.04
1120009000,봉원고가차도,101,도로교차점,1,유,126.9468709,37.5665952,195306.2102,451896.6931
1120009200,기업은행연희,101,도로교차점,0,무,126.9309261,37.5668764,193897.5623,451928.8232
1120009300,이화여대부속고교,101,도로교차점,1,유,126.9472023,37.5670577,195335.5138,451948.0101
1120009400,롯데리아,101,도로교차점,1,유,126.9653255,37.5671732,196936.6449,451960.0814
1120009500,연희프라자,101,도로교차점,0,무,126.930225,37.5672372,193835.6497,451968.9077
1120009600,연세대학교,102,도로시.종점,0,무,126.9404282,37.5672238,194737.0622,451966.8051
1120009700,봉원고가차도(북측),104,도로시설물,0,무,126.9477909,37.5678793,195387.5697,452039.1715
1120009800,감리교신학대학교,101,도로교차점,1,유,126.9631478,37.5678916,196744.2783,452039.8964
1120009900,사천교_홍천변제길_진입,101,도로교차점,0,무,126.9183135,37.5681342,192783.4031,452069.3172
1120010000,금화초교앞,101,도로교차점,1,유,126.9639968,37.5685621,196819.3102,452114.2803
1120010100,낙원교회,101,도로교차점,1,유,126.9186479,37.5686124,192812.9933,452122.3663
1120010200,경찰서,101,도로교차점,0,무,126.9183332,37.568822,192785.212,452145.6497
1120010300,금화터널(남측),104,도로시설물,0,무,126.9488757,37.5688938,195483.4682,452151.7123
1120010500,연희삼거리,101,도로교차점,0,무,126.9317506,37.5691332,193970.5874,452179.2518
1120010600,서대문기초푸드뱅크,101,도로교차점,1,유,126.9188198,37.5691873,192828.2331,452186.1568
1120010700,모래내지하차도(북측),104,도로시설물,0,무,126.9173779,37.5691717,192700.8502,452184.542
1120010800,서울외국인학교,101,도로교차점,0,무,126.9333313,37.569903,194110.2877,452264.5801
1120010900,연희램프(사천교동측),108,IC 및 JC,0,무,126.9197277,37.5698885,192908.5081,452263.9187
1120011000,연희지구대,101,도로교차점,0,무,126.9326526,37.5702637,194050.3595,452304.6646
1120011100,숲속한방랜드,102,도로시.종점,0,무,126.946472,37.5703567,195271.2032,452314.2037
1120011200,내부순환로-모래내길램프(2),108,IC 및 JC,0,무,126.9177751,37.5695312,192735.9762,452224.4073
1120011300,교남동사무소,101,도로교차점,1,유,126.9616326,37.5708892,196610.5535,452372.6464
1120011400,금화터널(북측),104,도로시설물,0,무,126.9548091,37.5710953,196007.7631,452395.7909
1120011500,현저고가차도(서측),104,도로시설물,0,무,126.9564024,37.5711722,196148.5217,452404.2576
1120011600,삼호아파트,101,도로교차점,1,유,126.9591518,37.5715424,196391.4292,452445.2389
1120011700,연희램프(내부순환로),108,IC 및 JC,0,무,126.921233,37.5716114,193041.6478,452455.023
1120011800,독립문_의주로_진입_2,101,도로교차점,0,무,126.9607512,37.5716635,196532.7299,452458.6143
1120011900,독립문_의주로_진출_1,101,도로교차점,0,무,126.9608565,37.5717318,196542.0309,452466.1966
1120012000,독립문_일반국도48호선_진출_2,101,도로교차점,0,무,126.9596025,37.5717161,196431.2523,452464.4917
1120012100,독립문_일반국도48호선_진입_2,101,도로교차점,0,무,126.9595157,37.5717992,196423.5872,452473.7246
1120012200,독립문역,101,도로교차점,1,유,126.9602841,37.5722047,196491.4908,452518.6967
1120012300,영천사,102,도로시.종점,0,무,126.9541772,37.5722481,195952.0083,452523.7674
1120012400,독립문_의주로_진출_2,101,도로교차점,0,무,126.9597872,37.5725996,196447.6084,452562.5442
1120012500,독립문_의주로_진입_1,101,도로교차점,0,무,126.959892,37.5726683,196456.8716,452570.1726
1120012600,연세대학교북문입구,101,도로교차점,1,유,126.9355075,37.5729543,194302.7725,452603.1152
1120012700,성천교회,101,도로교차점,1,유,126.959529,37.5729339,196424.8157,452599.6594
1120012800,독립문파크빌아파트,102,도로시.종점,0,무,126.9529945,37.5730314,195847.5727,452610.7493
1120012900,중암교사거리,101,도로교차점,0,무,126.9228852,37.5732293,193187.7495,452634.4757
1120013000,연희상가아파트,101,도로교차점,0,무,126.928292,37.5732506,193665.3899,452636.4527
1120013100,남가좌현대아파트입구,101,도로교차점,0,무,126.9193622,37.5739135,192876.5989,452710.6758
1120013200,서린약국,101,도로교차점,0,무,126.9221877,37.5742551,193126.2338,452748.379
1120013300,홍남교남측,101,도로교차점,1,유,126.9267018,37.5751467,193525.0719,452847.0137
1120013400,현대아파트,101,도로교차점,0,무,126.9215713,37.5751773,193071.8618,452850.773
1120013500,대림아파트(연희동),101,도로교차점,1,유,126.9353229,37.5755104,194286.6593,452886.8152
1120013600,남경빌리지,101,도로교차점,1,유,126.9271005,37.5763198,193560.3938,452977.1889
1120013700,연희지하차도(동측),104,도로시설물,0,무,126.9348979,37.5765579,194249.2032,453003.1109
1120013800,가좌동광교회,101,도로교차점,0,무,126.9251415,37.576685,193387.378,453017.8577
1120013900,독립공원,101,도로교차점,1,유,126.9556002,37.5766764,196077.9462,453015.1883
1120014000,증산교,101,도로교차점,1,유,126.9033746,37.5767142,191464.5998,453022.8522
1120014100,흥남제일교회,101,도로교차점,0,무,126.9201409,37.5767712,192945.6553,453027.7796
1120014200,연희지하차도(서측),104,도로시설물,0,무,126.9336754,37.5769407,194141.237,453045.6685
1120014300,서대문구-은평구경계(1),105,행정경계,0,무,126.9030485,37.5769941,191435.8263,453053.9408
1120014400,명지대사거리,101,도로교차점,0,무,126.9212227,37.5776587,193041.3023,453126.2048
1120014500,홍연2교동측,101,도로교차점,1,유,126.9314436,37.5776394,193944.1555,453123.3532
1120014600,두산아파트앞,101,도로교차점,1,유,126.9312849,37.5785055,193930.2027,453219.4975
1120014700,직장어린이집,101,도로교차점,1,유,126.934137,37.5795298,194182.2188,453333.004
1120014800,서대문구청앞,101,도로교차점,1,유,126.9361594,37.5797303,194360.8751,453355.1287
1120014900,증산3교동측,101,도로교차점,0,무,126.9066004,37.5799347,191749.9082,453380.0024
1120015000,현대빌라,101,도로교차점,1,유,126.9337816,37.5801054,194150.8656,453396.901
1120015100,서대문구-은평구경계(2),105,행정경계,0,무,126.9063241,37.5801254,191725.5229,453401.1916
1120015200,명지대체육관,101,도로교차점,0,무,126.9250657,37.5803199,193381.006,453421.293
1120015300,서대문구청,101,도로교차점,0,무,126.9361806,37.5803534,194362.7973,453424.2854
1120015400,미성미술원,101,도로교차점,1,유,126.9346167,37.580728,194224.6845,453465.9574
1120015500,관인혜화피아노학원,101,도로교차점,0,무,126.9120803,37.5808657,192234.055,453482.8637
1120015600,홍연빌라트,101,도로교차점,1,유,126.9327384,37.581013,194058.7905,453497.7074
1120015700,한일빌딩,101,도로교차점,0,무,126.9350837,37.5810715,194265.9596,453504.0574
1120015800,우방빌라,101,도로교차점,0,무,126.9249127,37.5813085,193367.5783,453531.0291
1120015900,동신병원_연희로_진입_2,101,도로교차점,0,무,126.9361243,37.5814207,194357.899,453542.7421
1120016000,동신병원_모래내길_진출_2,101,도로교차점,0,무,126.9358083,37.5815312,194330.0016,453555.0263
1120016100,고려가정의학과의원,101,도로교차점,0,무,126.9142816,37.5816224,192428.5658,453566.6664
1120016200,서대문구청앞,101,도로교차점,1,유,126.9361973,37.581891,194364.3848,453594.942
1120016300,송도그린빌,102,도로시.종점,0,무,126.942868,37.5818666,194953.5971,453591.8488
1120016400,동신병원_모래내길_진출_1,101,도로교차점,0,무,126.9365593,37.582238,194396.3819,453633.4345
1120016500,동신병원_연희로_진입_1,101,도로교차점,0,무,126.9361924,37.5823201,194363.9863,453642.5626
1120016600,밀양빌딩,101,도로교차점,0,무,126.9091496,37.5822908,191975.3336,453641.279
1120016700,백련교,101,도로교차점,0,무,126.9373367,37.5827491,194465.0891,453690.1075
1120016800,대경빌딩,103,속성변화점,0,무,126.9196308,37.5828407,192901.1787,453701.4718
1120016900,명지여고,101,도로교차점,0,무,126.9255289,37.582924,193422.1488,453710.2847
1120017000,노블하우스,101,도로교차점,1,유,126.9194719,37.5830433,192887.1558,453723.9615
1120017100,서대문구-은평구경계(4),105,행정경계,0,무,126.9194026,37.5833603,192881.0704,453759.1511
1120017200,증산2교(남단),101,도로교차점,1,유,126.9110077,37.5840444,192139.6402,453835.7481
1120017300,서대문구-은평구경계(3),105,행정경계,0,무,126.9106843,37.5842758,192111.1033,453861.4665
1120017400,고은약국,101,도로교차점,0,무,126.9437224,37.5844277,195029.2328,453876.0648
1120017500,인왕APT,101,도로교차점,0,무,126.9482172,37.5850229,195426.2762,453941.8933
1120017600,충암스포츠센타,101,도로교차점,1,유,126.9231097,37.5853481,193208.6825,453979.4988
1120017700,은현교회,101,도로교차점,0,무,126.9153286,37.5854743,192521.4347,453994.1016
1120017800,홍제삼거리,101,도로교차점,0,무,126.946973,37.5862429,195316.465,454077.3602
1120017900,정원여중입구,101,도로교차점,0,무,126.9348666,37.5865059,194247.2043,454107.224
1120018000,홍제원현대아파트,102,도로시.종점,0,무,126.9517255,37.5865191,195736.2362,454107.7874
1120018100,홍제램프(내부순환로),108,IC 및 JC,0,무,126.9353306,37.5859254,194288.1388,454042.7679
1120018200,서대문구-은평구경계(5),105,행정경계,0,무,126.925759,37.5870949,193442.8392,454173.19
1120018300,서광맨션,101,도로교차점,0,무,126.9326844,37.5872431,194054.5211,454189.1788
1120018400,홍제램프(내부순환로),108,IC 및 JC,0,무,126.935466,37.5859355,194300.0994,454043.8813
1120018500,생원빌라,103,속성변화점,0,무,126.9319701,37.5874362,193991.4457,454210.6587
1120018600,서부빌딩,101,도로교차점,1,유,126.9450065,37.5881014,195142.898,454283.7356
1120018700,그랜드힐튼호텔,101,도로교차점,1,유,126.9366149,37.5889424,194401.7962,454377.5405
1120018900,내부순환로-연희로램프(1),108,IC 및 JC,0,무,126.9382796,37.5898014,194548.8856,454472.7816
1120019000,홍제3동개미마을노인정,102,도로시.종점,0,무,126.9536359,37.5900785,195905.1641,454502.7582
1120019100,내부순환로-연희로램프(2),108,IC 및 JC,0,무,126.9382053,37.589892,194542.3301,454482.8381
1120019200,홍은사거리_연희로_진출,101,도로교차점,0,무,126.940805,37.5911431,194772.0258,454621.553
1120019300,유진상가,101,도로교차점,1,유,126.9418888,37.590932,194867.7308,454598.0613
1120019400,홍은사거리_의주로_진입,101,도로교차점,0,무,126.9416609,37.5911075,194847.6136,454617.5503
1120019500,홍은사거리_의주로_진출,101,도로교차점,0,무,126.9417702,37.5911714,194857.2713,454624.637
1120019600,홍은사거리_연희로_진입,101,도로교차점,0,무,126.940729,37.5912327,194765.3223,454631.5061
1120019700,홍은사거리_홍은중앙길_진입,101,도로교차점,0,무,126.9422256,37.5916924,194897.5265,454682.4417
1120019800,홍은사거리_홍은중앙길_진출,101,도로교차점,0,무,126.9421725,37.5917919,194892.8411,454693.4892
1120019900,홍은사거리_통일로_진출,101,도로교차점,0,무,126.9411006,37.5920088,194798.189,454717.6134
1120020000,인왕초등교,101,도로교차점,0,무,126.9447407,37.5918431,195119.6651,454699.0284
1120020100,홍은사거리_통일로_진입,101,도로교차점,0,무,126.9412316,37.5920373,194809.7662,454720.7708
1120020200,홍제초등교,101,도로교차점,1,유,126.9438501,37.5921613,195041.0319,454734.3936
1120020300,홍은성결교회,101,도로교차점,0,무,126.9473884,37.5929734,195353.5716,454824.3521
1120020500,홍은IC4,108,IC 및 JC,0,무,126.9454038,37.5932776,195178.3208,454858.2064
1120020600,충만한교회,101,도로교차점,0,무,126.9479944,37.5939839,195407.1498,454936.4695
1120020700,홍은1동 경로당,101,도로교차점,0,무,126.9423545,37.5940498,194909.0707,454944.0763
1120020800,서울은행,101,도로교차점,0,무,126.9463464,37.5942573,195261.6287,454966.8966
1120020900,문화촌현대아파트,101,도로교차점,1,유,126.9481701,37.5943415,195422.6941,454976.1571
1120021000,홍은동벽산아파트(상가A동),101,도로교차점,0,무,126.9459269,37.5944418,195224.587,454987.4019
1120021100,홍은교앞,101,도로교차점,0,무,126.9465896,37.5945345,195283.1261,454997.6545
1120021200,홍은램프(내부순환도로),108,IC 및 JC,0,무,126.9498022,37.5951743,195566.8806,455068.5089
1120021300,풍림1차아파트,101,도로교차점,0,무,126.9424856,37.5949659,194920.7124,455045.7426
1120021400,대림목공소,101,도로교차점,1,유,126.940094,37.5953441,194709.5293,455087.86
1120021500,전원빌라,101,도로교차점,0,무,126.9407055,37.5956563,194763.5496,455122.4719
1120021600,서대문구-종로구경계(1),105,행정경계,0,무,126.9590818,37.5954889,196386.4034,455103.024
1120021700,홍은동천주교회,101,도로교차점,0,무,126.9465084,37.5961358,195276.0485,455175.3887
1120021800,금송힐스빌,102,도로시.종점,0,무,126.9336202,37.5962354,194137.8738,455187.1671
1120021900,서울여자간호대학입구,101,도로교차점,0,무,126.949251,37.5964517,195518.2751,455210.3138
1120022000,서대문구-은평구경계(6),105,행정경계,0,무,126.9387742,37.5972196,194593.1124,455296.0875
1120022100,홍은대교,101,도로교차점,0,무,126.9464055,37.5975518,195267.0527,455332.5515
1120022200,서대문구-종로구경계(2),105,행정경계,0,무,126.9567173,37.5987224,196177.7503,455461.9992
1120022300,청봉사,102,도로시.종점,0,무,126.9498995,37.6055632,195576.0866,456221.5533
1120022400,연희지하보차도(남측),104,도로시설물,0,무,126.9278277,37.5653597,193623.7002,451760.6874
1120022500,연희교차로,101,도로교차점,0,무,126.9281265,37.5656097,193650.1176,451788.4175
1120022600,연희지하보차도(북측),104,도로시설물,0,무,126.9282717,37.5657184,193662.9554,451800.47
1120022700,이지리빙텔,103,속성변화점,0,무,126.9413185,37.5604908,194815.2478,451219.4742
1120022800,충정로역,101,도로교차점,0,무,126.9630068,37.5591972,196731.4424,451074.9211
1130000100,마포대교북단,104,도로시설물,0,무,126.9417287,37.5368411,194849.8675,448594.6147
1130000300,강변북로마포-서강,108,IC 및 JC,0,무,126.937915,37.541498,194513.1416,449111.6953
1130000500,서강대교북단,104,도로시설물,0,무,126.9291298,37.54328,193736.8911,449310.0167
1130000800,양화대교북단,104,도로시설물,0,무,126.9082197,37.5467402,191889.3493,449695.656
1130001000,망원동진출입(강변북로),108,IC 및 JC,0,무,126.9029267,37.5507643,191422.0624,450142.7518
1130001700,성산대교북단,104,도로시설물,0,무,126.8943262,37.5573671,190662.8955,450876.4099
1130001800,동교동삼거리,101,도로교차점,0,무,126.9270276,37.5586797,193552.4332,451019.348
1130001900,내부순환로입구교차로,101,도로교차점,0,무,126.8988567,37.5612398,191063.6707,451305.7932
1130002300,성산진입램프(내부순환로),108,IC 및 JC,0,무,126.9038798,37.5634178,191507.7237,451547.0545
1130002500,성산램프(내부순환로),108,IC 및 JC,0,무,126.9083891,37.5647738,191906.2641,451697.1562
1130002800,강변북로-난지로램프(2),108,IC 및 JC,1,유,126.8790646,37.567865,189315.9168,452043.1788
1130003100,가양대교북단,104,도로시설물,0,무,126.8653292,37.5751475,188103.6175,452853.1034
1130003200,중동교,101,도로교차점,0,무,126.9006142,37.575476,191220.6151,452885.679
1130003300,강변북로고양시계,105,행정경계,0,무,126.8630666,37.5763611,187903.9379,452988.0882
1130004200,마포세무서앞,101,도로교차점,0,무,126.9407446,37.5466237,194763.5703,449680.4184
1130004600,상수역,101,도로교차점,0,무,126.9230009,37.5477454,193195.6563,449806.0502
1130005000,극동방송국,101,도로교차점,0,무,126.9230749,37.5507173,193202.4693,450135.8936
1130005100,망원정사거리,101,도로교차점,1,유,126.90492,37.5520701,191598.3492,450287.5003
1130005300,홍익대앞,101,도로교차점,0,무,126.9242585,37.5528612,193307.2446,450373.7545
1130006000,성서초교,101,도로교차점,0,무,126.9125969,37.5589615,192277.4246,451051.7144
1130006100,연남치안센터,101,도로교차점,0,무,126.9238436,37.5599333,193271.2238,451158.6982
1130006300,연남동사거리,101,도로교차점,0,무,126.9211723,37.5632145,193035.5091,451523.0702
1130006900,모래내지하차도,101,도로교차점,1,유,126.9158754,37.5678476,192567.9761,452037.698
1130007000,성산고가차도,101,도로교차점,0,무,126.906054,37.5688532,191700.4189,452150.134
1130007100,중암교,101,도로교차점,1,유,126.900426,37.5722663,191203.6186,452529.459
1130007300,디지털미디어시티입구,101,도로교차점,1,유,126.8864898,37.5741745,189972.7488,452742.6395
1130008000,상암삼거리,101,도로교차점,0,무,126.8947112,37.5794847,190699.6706,453331.1629
1130008100,강변북로-일반국도46호선램프(4),108,IC 및 JC,0,무,126.943437,37.5351611,195000.7362,448408.0601
1130008200,마포대교북단,108,IC 및 JC,0,무,126.9421112,37.5354653,194883.5817,448441.8956
1130008300,강변북로-일반국도46호선램프(5),108,IC 및 JC,0,무,126.9435655,37.5361982,195012.161,448523.164
1130008400,강변북로-일반국도46호선램프(1),108,IC 및 JC,0,무,126.941225,37.5364687,194805.3191,448553.3169
1130008500,강변북로-일반국도46호선램프(12,108,IC 및 JC,0,무,126.9411346,37.5365496,194797.3358,448562.2985
1130008600,강변북로-일반국도46호선램프(13,108,IC 및 JC,0,무,126.9425046,37.5368943,194918.4482,448600.4833
1130008700,마포대교북단,108,IC 및 JC,0,무,126.9419189,37.5377251,194866.7411,448692.716
1130008800,강변북로-일반국도46호선램프(14,108,IC 및 JC,0,무,126.9427013,37.5373428,194935.8589,448650.2513
1130008900,강변북로-일반국도46호선램프(15,108,IC 및 JC,0,무,126.9426177,37.537428,194928.4754,448659.7085
1130009000,강변북로-일반국도46호선램프(11,108,IC 및 JC,0,무,126.9395459,37.5390815,194657.1057,448843.3923
1130009100,강변북로-일반국도46호선램프(8),108,IC 및 JC,0,무,126.9414194,37.5384909,194822.6405,448777.7447
1130009200,강변북로-일반국도46호선램프(6),108,IC 및 JC,0,무,126.9444366,37.5384826,195089.2997,448776.6532
1130009300,강변북로-일반국도46호선램프(7),108,IC 및 JC,0,무,126.9443502,37.538566,195081.6695,448785.915
1130009400,강변북로-일반국도46호선램프(9),108,IC 및 JC,0,무,126.9407358,37.5390333,194762.2693,448837.9821
1130009500,마포대교입구,101,도로교차점,0,무,126.9449813,37.5389179,195137.4753,448824.9405
1130009600,대농빌딩,101,도로교차점,0,무,126.9442187,37.5394576,195070.1091,448884.8858
1130009700,마포대림1차아파트,103,속성변화점,1,유,126.9421832,37.5395423,194890.2217,448894.3937
1130009800,녹산빌딩,101,도로교차점,0,무,126.943567,37.5399189,195012.5431,448936.1105
1130009900,진도빌딩,101,도로교차점,0,무,126.9475104,37.5399952,195361.0621,448944.3831
1130010000,강변북로마포-서강,108,IC 및 JC,0,무,126.9387855,37.5399802,194589.9638,448943.1781
1130010100,한강삼성아파트,101,도로교차점,0,무,126.9409791,37.5403642,194783.859,448985.6752
1130010200,일진빌딩,101,도로교차점,1,유,126.9470325,37.5404064,195318.8476,448990.0408
1130010300,마포삼성아파트,101,도로교차점,1,유,126.9489949,37.5406681,195492.2957,449018.9957
1130010400,(주)빙그레,101,도로교차점,1,유,126.9449887,37.5410813,195138.2691,449065.0503
1130010500,용강동주민센터,101,도로교차점,0,무,126.9418407,37.5411406,194860.0591,449071.7972
1130010600,홀리데이인서울,101,도로교차점,1,유,126.9482982,37.5413045,195430.7665,449089.6566
1130010700,성지빌딩앞,101,도로교차점,0,무,126.9455228,37.5414856,195185.4973,449109.8973
1130010800,진주유치원,101,도로교차점,0,무,126.9446826,37.5420466,195111.2815,449172.2068
1130010900,공덕동자치회관별관,101,도로교차점,1,유,126.9549564,37.5421446,196019.2363,449182.6032
1130011000,마포우체국,101,도로교차점,0,무,126.9493872,37.5420465,195527.0479,449171.9626
1130011100,강변북로마포-서강,108,IC 및 JC,0,무,126.9368231,37.5422305,194416.7008,449193.0549
1130011200,서강대교북단,108,IC 및 JC,0,무,126.9330608,37.5414036,194084.1416,449101.5031
1130011300,시민약국,101,도로교차점,0,무,126.951329,37.5422139,195698.6711,449190.4461
1130011400,공덕역(공항),101,도로교차점,0,무,126.9492928,37.5421243,195518.7141,449180.5967
1130011600,염리초교,101,도로교차점,0,무,126.9467301,37.5424552,195292.2569,449217.4506
1130011700,한국엔지니어링(주),101,도로교차점,1,유,126.9397558,37.5425913,194675.9088,449232.9288
1130011900,마포우체국,101,도로교차점,0,무,126.9501327,37.5426677,195592.9679,449240.8744
1130012000,마포LG빌리지,101,도로교차점,0,무,126.9436627,37.5427541,195021.1907,449250.7882
1130012100,공덕역(공항),101,도로교차점,0,무,126.9500242,37.5427328,195583.3896,449248.1033
1130012300,혈액원,101,도로교차점,0,무,126.9489021,37.5428311,195484.2305,449259.0686
1130012400,서강대교북단,108,IC 및 JC,0,무,126.9302653,37.5431801,193837.2291,449298.8609
1130012500,신석초교,101,도로교차점,1,유,126.9378693,37.5433902,194509.243,449321.7056
1130012600,의료보험공단,101,도로교차점,0,무,126.9478015,37.5433682,195386.996,449318.7322
1130012700,메트로디오빌,101,도로교차점,1,유,126.9522656,37.5433665,195781.5044,449318.3259
1130012800,신석초등교앞_토정길_진출,101,도로교차점,0,무,126.9385151,37.5435382,194566.3258,449338.0951
1130013000,서강대교북단,108,IC 및 JC,0,무,126.928311,37.5439865,193664.5881,449388.4887
1130013100,신석초등교앞_대흥로_진입,101,도로교차점,0,무,126.9383473,37.5438296,194551.5207,449370.4443
1130013200,상수진출입(강변북로),108,IC 및 JC,0,무,126.9246934,37.5440256,193344.8943,449393.0746
1130013300,공덕오거리,101,도로교차점,1,유,126.9509852,37.543937,195668.3809,449381.7032
1130013400,진주아파트,101,도로교차점,0,무,126.9464897,37.5440089,195271.1082,449389.9053
1130013500,강변북로-와우산길램프(3),108,IC 및 JC,0,무,126.9223471,37.5440962,193137.5503,449401.0875
1130013800,광명시장,101,도로교차점,1,유,126.9525382,37.544212,195805.6417,449412.1581
1130014000,서강로-마포로진출로,101,도로교차점,0,무,126.9502601,37.5443194,195604.3255,449424.183
1130014200,국민서관앞삼거리,101,도로교차점,0,무,126.9498632,37.5443711,195569.2584,449429.9401
1130014400,대흥세양APT,101,도로교차점,0,무,126.9455357,37.5444785,195186.8273,449442.0724
1130014500,강변북로-와우산길램프(1),108,IC 및 JC,0,무,126.9234733,37.5444865,193237.1073,449444.3171
1130014800,상수진출입(강변북로),108,IC 및 JC,0,무,126.9258368,37.544664,193445.9933,449463.847
1130014900,강변북로-일반국도6호선램프(3),108,IC 및 JC,0,무,126.9105742,37.5439084,192097.1168,449381.1683
1130015000,공덕시장,101,도로교차점,1,유,126.9547879,37.5446169,196004.4765,449457.0051
1130015100,마포로-서강로진입로,101,도로교차점,0,무,126.9493385,37.5447159,195522.9068,449468.2326
1130015200,서강LG아파트,101,도로교차점,0,무,126.9300841,37.5448247,193821.3497,449481.3994
1130015500,강변북로-토정길램프(2),108,IC 및 JC,0,무,126.9256413,37.5449323,193428.7425,449493.6391
1130015600,신수동사거리,101,도로교차점,0,무,126.9342479,37.5450873,194189.339,449510.2788
1130015700,상수진출입(강변북로),101,도로교차점,1,유,126.9244975,37.5450197,193327.6714,449503.4287
1130016000,상수동사거리,101,도로교차점,0,무,126.9229408,37.5450384,193190.1001,449505.6152
1130016100,효성빌딩앞삼거리,101,도로교차점,0,무,126.9518722,37.5452648,195746.8517,449529.0393
1130016400,공덕동효성빌딩,101,도로교차점,0,무,126.9512169,37.5453556,195688.9413,449539.1482
1130016500,유니골프클럽,101,도로교차점,0,무,126.9191591,37.5453398,192855.9306,449539.3496
1130016600,강변북로-일반국도6호선램프(4),108,IC 및 JC,0,무,126.9106611,37.5454299,192104.9522,449550.0285
1130016700,마포새빛문화숲,101,도로교차점,0,무,126.9172593,37.5454565,192688.0522,449552.4465
1130016800,구수동사거리,101,도로교차점,0,무,126.9319023,37.5455262,193982.0887,449559.1452
1130016900,금호타이어,101,도로교차점,0,무,126.939715,37.5454579,194672.5062,449551.0909
1130017100,한진그랑빌리버,101,도로교차점,0,무,126.9306433,37.5455648,193870.8312,449563.5109
1130017200,영재빌딩,101,도로교차점,0,무,126.9275144,37.5457084,193594.3411,449579.6505
1130017300,서울신용평가정보,101,도로교차점,0,무,126.9263742,37.5455835,193493.5655,449565.8705
1130017400,양화대교북단,108,IC 및 JC,0,무,126.9083264,37.5461871,191898.7153,449634.2606
1130017500,서울여고,101,도로교차점,1,유,126.94612,37.5460517,195238.5644,449616.6536
1130017600,금산빌딩,101,도로교차점,1,유,126.9229529,37.5463615,193191.2907,449652.4592
1130017700,양화대교북단,108,IC 및 JC,0,무,126.9091923,37.546669,191975.2894,449687.6678
1130017800,마포오피스빌딩,101,도로교차점,1,유,126.952806,37.5464293,195829.4353,449658.2374
1130017900,서울서부지방노동사무소,101,도로교차점,1,유,126.9451856,37.5464518,195156.0143,449661.1037
1130018000,양화대교북단,108,IC 및 JC,0,무,126.9080679,37.5465361,191875.9097,449673.0191
1130018100,서강문화APT,101,도로교차점,0,무,126.9309968,37.546511,193902.1501,449668.5011
1130018200,강변북로-일반국도6호선램프(7),108,IC 및 JC,0,무,126.9102416,37.5466718,192068.0161,449687.8963
1130018300,풍림VIP텔빌딩,101,도로교차점,0,무,126.952231,37.5466793,195778.6352,449686.0187
1130018400,강변북로-일반국도6호선램프(10),108,IC 및 JC,0,무,126.9079539,37.5465977,191865.8446,449679.871
1130018500,강변북로-희우정길램프(4),108,IC 및 JC,0,무,126.9073251,37.5469922,191810.322,449723.7043
1130018600,봉원교(북단),104,도로시설물,0,무,126.9312437,37.5470257,193924.0111,449725.6147
1130018800,참사랑교회,101,도로교차점,1,유,126.9591414,37.547291,196389.3357,449753.6221
1130018900,강변북로-일반국도6호선램프(14),108,IC 및 JC,0,무,126.9079629,37.5476072,191866.7437,449791.9057
1130019000,강변북로-일반국도6호선램프(12),108,IC 및 JC,0,무,126.9089758,37.5472798,191956.2228,449755.4887
1130019100,신수중학교,101,도로교차점,1,유,126.934323,37.5474217,194196.1591,449769.3626
1130019200,창전사거리,101,도로교차점,1,유,126.9325847,37.5474731,194042.5462,449775.178
1130019300,한겨레신문사앞,101,도로교차점,1,유,126.9580243,37.5473286,196290.624,449757.8369
1130019500,강변북로-일반국도6호선램프(13),108,IC 및 JC,0,무,126.9088703,37.5473486,191946.9058,449763.1304
1130019600,광흥창역,101,도로교차점,1,유,126.931405,37.547496,193938.3035,449777.7926
1130019700,삼성CC프라자,101,도로교차점,1,유,126.9536855,37.5476502,195907.223,449793.7043
1130019800,창전서울은행,101,도로교차점,1,유,126.9299504,37.54755,193809.7669,449783.8842
1130019900,예가아파트,101,도로교차점,1,유,126.9281233,37.5476097,193648.3046,449790.6285
1130020000,한샘학원,101,도로교차점,0,무,126.9123797,37.547701,192257.0622,449801.9497
1130020100,홍익산부인과,101,도로교차점,1,유,126.920063,37.5478563,192936.0482,449818.5773
1130020200,대흥역,101,도로교차점,1,유,126.9419023,37.5479008,194865.9642,449822.103
1130020300,당인리발전소,101,도로교차점,0,무,126.9183784,37.5479382,192787.1917,449827.799
1130020400,마포빌딩,101,도로교차점,0,무,126.9530745,37.5479455,195853.2479,449826.5127
1130020500,진우자동차공업사,101,도로교차점,0,무,126.9570665,37.5482057,196206.032,449855.2223
1130020600,강변북로-일반국도6호선램프(8),108,IC 및 JC,0,무,126.911127,37.5485526,192146.4557,449896.5687
1130020700,일반국도6호선-포은길진출로,101,도로교차점,0,무,126.9110865,37.5486558,192142.8855,449908.0253
1130020800,일반국도6호선-포은길진입로,101,도로교차점,0,무,126.9100652,37.5485267,192052.6276,449893.7789
1130020900,강변북로-희우정길램프(1),108,IC 및 JC,0,무,126.9091383,37.54856,191970.7215,449897.5566
1130021000,대아카닥터,101,도로교차점,1,유,126.9542209,37.5485277,195954.5835,449891.0712
1130021100,강변북로-희우정길램프(2),108,IC 및 JC,0,무,126.9082219,37.5486105,191889.7394,449903.2353
1130021200,대호전기(주),101,도로교차점,1,유,126.9118296,37.5487704,192208.5676,449920.6855
1130021300,미래에셋생명보험,101,도로교차점,0,무,126.953592,37.5487777,195899.0209,449918.8525
1130021400,독막로_양화로_진출,101,도로교차점,0,무,126.9140525,37.5488786,192405.0089,449932.5099
1130021500,마포현대아파트,101,도로교차점,0,무,126.9504271,37.5489171,195619.3557,449934.463
1130021600,합정역,101,도로교차점,1,유,126.913416,37.5492293,192348.7971,449971.4856
1130021700,강변북로-일반국도6호선램프(9),108,IC 및 JC,0,무,126.9048603,37.5488546,191592.7131,449930.6278
1130021800,양화로_양화진길_진출,101,도로교차점,0,무,126.9126009,37.5488891,192276.7387,449933.7906
1130021900,서부지청,101,도로교차점,0,무,126.9544755,37.5490106,195977.1102,449944.6594
1130022000,서강고시원,101,도로교차점,1,유,126.9390711,37.5491843,194615.8663,449964.7137
1130022200,이랜드,101,도로교차점,1,유,126.9319536,37.5492276,193986.9208,449969.9466
1130022300,영공카써비스,101,도로교차점,0,무,126.9314295,37.5493375,193940.6186,449982.1836
1130022400,독막로_양화로_진입,101,도로교차점,0,무,126.9140295,37.5495373,192403.0487,450005.6207
1130022500,삼성아파트(창전동),102,도로시.종점,0,무,126.9282831,37.5493536,193662.5811,449984.1715
1130022600,벽산 이-솔렌스힐,101,도로교차점,0,무,126.9351716,37.549396,194271.301,449988.4381
1130022700,강변북로-희우정길램프(3),108,IC 및 JC,0,무,126.905508,37.5489542,191649.9616,449941.6196
1130022800,양화로_월드컵로_진출,101,도로교차점,0,무,126.913938,37.5496172,192394.9674,450014.4915
1130022900,월드컵로_양화로_진출,101,도로교차점,0,무,126.9130418,37.5497886,192315.7915,450033.5887
1130023000,양화로_월드컵로_진입,101,도로교차점,0,무,126.9131721,37.549819,192327.3115,450036.9487
1130023200,서강시범아파트,102,도로시.종점,0,무,126.9275301,37.5498599,193596.0807,450040.4127
1130023300,수정빌라앞,101,도로교차점,1,유,126.9357281,37.5499065,194320.5136,450045.059
1130023400,서강대앞,101,도로교차점,1,유,126.9384552,37.5498491,194561.4943,450038.5326
1130023500,경남아너스빌,101,도로교차점,0,무,126.9342609,37.5499581,194190.8675,450050.8799
1130023700,마포소방서,101,도로교차점,1,유,126.9329874,37.5499788,194078.3311,450053.2556
1130023900,대흥동사무소,101,도로교차점,1,유,126.9438677,37.5501331,195039.7958,450069.7535
1130024000,우마카서비스,101,도로교차점,1,유,126.9321925,37.5499608,194008.0875,450051.3062
1130024200,양화진공원,101,도로교차점,1,유,126.9081094,37.5503565,191879.9921,450097.0308
1130024300,소천빌딩,101,도로교차점,1,유,126.9155805,37.5507375,192540.2235,450138.7026
1130024400,태성빌딩,101,도로교차점,0,무,126.9212412,37.5507694,193040.4331,450141.8106
1130024500,창전동현대홈타운_창전로_진입,101,도로교차점,0,무,126.932976,37.5508718,194077.3989,450152.3651
1130024700,창전삼거리,101,도로교차점,1,유,126.9325756,37.5511518,194042.0324,450183.4736
1130024800,신한은행,101,도로교차점,1,유,126.9620699,37.5512503,196648.3033,450192.9411
1130024900,망원동진출입(강변북로),108,IC 및 JC,0,무,126.9029087,37.5513914,191420.5489,450212.3585
1130025000,창전삼거리,101,도로교차점,0,무,126.9329751,37.5519776,194077.406,450275.0993
1130025100,마포트라팰리스2차,101,도로교차점,1,유,126.9558998,37.5518331,196103.1182,450257.8605
1130025200,합정공원,101,도로교차점,1,유,126.9124634,37.5519095,192264.8966,450269.0318
1130025300,애오개역,101,도로교차점,1,유,126.9562086,37.5524744,196130.4365,450329.0336
1130025400,샘터교회,101,도로교차점,0,무,126.9065496,37.5525991,191742.4085,450346.0703
1140024300,신월IC서측(경인고속인천방향합류),108,IC 및 JC,0,무,126.8320707,37.5251336,185155.7482,447306.8841
1140024400,오목지하차도(서단),101,도로교차점,1,유,126.869713,37.5253489,188483.2061,447325.5092
1140024500,신월IC15,108,IC 및 JC,0,무,126.834108,37.5252857,185335.8698,447323.4475
1140024600,영등포여상사거리,101,도로교차점,0,무,126.8590573,37.5254205,187541.3051,447334.8107
1140024700,신월IC14,108,IC 및 JC,0,무,126.8340781,37.5254777,185333.2626,447344.7637
1140024800,영광교회,101,도로교차점,1,유,126.8601966,37.5255704,187642.0377,447351.2918
1140024900,신정빗물펌프장,101,도로교차점,1,유,126.8778797,37.525491,189205.1277,447340.3092
1140025000,목동산돌교회,104,도로시설물,0,무,126.8670973,37.5257716,188252.0576,447372.7446
1140025100,신월IC10,108,IC 및 JC,0,무,126.8359335,37.5255679,185497.2937,447354.4794
1140025200,현대백화점목동점,101,도로교차점,0,무,126.8770297,37.5256472,189130.0157,447357.7423
1140025400,이화빌딩,101,도로교차점,1,유,126.8615791,37.5257544,187764.2755,447371.5325
1140025500,신월IC11,108,IC 및 JC,0,무,126.8355231,37.5257084,185461.0365,447370.1372
1140025700,신월IC,108,IC 및 JC,0,무,126.8373874,37.5258174,185625.8514,447381.9504
1140026100,신월IC,108,IC 및 JC,0,무,126.8371808,37.5261014,185607.6502,447413.5021
1140026300,신월고가차도(남측),104,도로시설물,0,무,126.8408439,37.525882,185931.4087,447388.5986
1140026400,목동역,101,도로교차점,1,유,126.8643357,37.5261725,188008.0134,447417.5844
1140026700,신월IC,108,IC 및 JC,0,무,126.8344635,37.5261151,185367.4541,447415.4392
1140026800,담우빌딩,101,도로교차점,0,무,126.8635399,37.526292,187937.681,447430.9492
1140026900,신월IC,108,IC 및 JC,0,무,126.8346647,37.5260238,185385.2237,447405.2736
1140027000,신강초교,101,도로교차점,0,무,126.8405785,37.5263438,185908.0301,447439.8943
1140027100,화곡고가차도(남측),104,도로시설물,0,무,126.8495746,37.5265953,186703.2819,447466.5004
1140027200,방송회관,101,도로교차점,0,무,126.8719172,37.5264818,188678.2159,447450.9793
1140027300,로데오프라자,101,도로교차점,0,무,126.8615241,37.526593,187759.5481,447464.6233
1140027500,성실벤딩,101,도로교차점,0,무,126.8403944,37.5266422,185891.8133,447473.0334
1140027600,경동빌딩,101,도로교차점,0,무,126.860167,37.526792,187639.6252,447486.8871
1140027700,신정제5동새마을금고,101,도로교차점,0,무,126.8588523,37.5269848,187523.44,447508.457
1140027800,신월고가차도(북측),104,도로시설물,0,무,126.8401119,37.5271091,185866.9331,447524.9062
1140027900,신월IC5,108,IC 및 JC,0,무,126.8338834,37.5271323,185316.3737,447528.4251
1140028000,신월IC4,108,IC 및 JC,0,무,126.8339947,37.5271987,185326.2293,447535.7858
1140028100,화곡고가사거리_강서로_진입_2,101,도로교차점,0,무,126.849148,37.5272411,186665.6894,447538.2323
1140028200,화곡고가사거리_강서로_진출_1,101,도로교차점,0,무,126.8492725,37.5272842,186676.7017,447542.9998
1140028300,화곡고가사거리,104,도로시설물,0,무,126.8454863,37.5273435,186342.035,447550.1263
1140028400,현대자동차,101,도로교차점,0,무,126.8559059,37.5274168,187263.0743,447556.7941
1140028500,화곡고가사거리_제물포길_진출_3,101,도로교차점,0,무,126.8480558,37.5276069,186569.2071,447578.9858
1140028600,회창빌딩,101,도로교차점,1,유,126.8641678,37.5277351,187993.4172,447591.0367
1140028700,동보빌딩,101,도로교차점,1,유,126.8634215,37.52782,187927.4639,447600.5556
1140028800,화곡고가사거리_제물포길_진입_1,101,도로교차점,0,무,126.8500036,37.5278896,186741.4347,447610.0852
1140028900,화곡고가사거리,101,도로교차점,1,유,126.8488997,37.5278777,186643.85,447608.9209
1140029000,화곡고가사거리_제물포길_진입_2,101,도로교차점,0,무,126.847881,37.5279065,186553.811,447612.2661
1140029200,레노마스포츠클럽앞,101,도로교차점,0,무,126.8618859,37.5280452,187791.7667,447625.7436
1140029300,양동초교입구,101,도로교차점,0,무,126.8515347,37.5280754,186876.8039,447630.4939
1140029400,화곡고가사거리_제물포길_진출_2,101,도로교차점,0,무,126.8501769,37.5282272,186756.814,447647.5335
1140029500,태영운수,101,도로교차점,0,무,126.839441,37.5281941,185807.8366,447645.4208
1140029700,양동초교입구,101,도로교차점,0,무,126.8508813,37.5283283,186819.0893,447658.65
1140029800,목동체육공원,101,도로교차점,1,유,126.8803438,37.5288012,189423.4093,447707.4194
1140029900,두양빌라,101,도로교차점,0,무,126.8585014,37.52896,187492.7551,447727.7285
1140030000,곰달래아파트,101,도로교차점,0,무,126.8584356,37.5292588,187486.9894,447760.9007
1140030100,홍익병원앞_등촌로_진출_1,101,도로교차점,0,무,126.8641249,37.5289004,187989.8154,447720.3795
1140030200,로데오휘버스,101,도로교차점,0,무,126.8606247,37.5292236,187680.4774,447756.7004
1140030300,홍익병원앞_등촌로_진입_2,101,도로교차점,0,무,126.8639894,37.5288938,187977.8368,447719.6632
1140030400,목동지하차도(서측),104,도로시설물,0,무,126.8610288,37.5294314,187716.2289,447779.7075
1140030500,희망빌딩,101,도로교차점,0,무,126.8605679,37.5295296,187675.5054,447790.6664
1140030600,홍익병원앞_제물포길_진출_2,101,도로교차점,0,무,126.8632238,37.5295449,187910.2685,447792.0224
1140030700,서서울호수공원앞,101,도로교차점,1,유,126.8325077,37.529696,185195.2826,447813.1847
1140030800,홍익병원앞_제물포길_진입_1,101,도로교차점,0,무,126.8646468,37.5297289,188036.0781,447812.263
1140030900,안양천길-제물포길_진출_1,101,도로교차점,0,무,126.8846448,37.5297593,189803.7131,447813.2782
1140031000,홍익병원앞,101,도로교차점,1,유,126.8639882,37.529794,187977.8729,447819.571
1140031100,홍익병원앞_제물포길_진입_2,101,도로교차점,0,무,126.8631565,37.5298514,187904.3704,447826.0545
1140031200,왕실아파트,101,도로교차점,0,무,126.8348186,37.5298363,185399.5678,447828.3982
1140031300,홍익병원앞_제물포길_진출_1,101,도로교차점,0,무,126.8646042,37.5300349,188032.3629,447846.229
1140031400,신길제1동하나은행,101,도로교차점,0,무,126.8375861,37.5300059,185644.2212,447846.7947
1140031500,제물포길-안양천길_진입_2,101,도로교차점,0,무,126.8845796,37.5298541,189797.9633,447823.811
1140031600,곰달래사거리,101,도로교차점,0,무,126.8383161,37.5300506,185708.7531,447851.647
1140031700,KT서울통신센터,101,도로교차점,0,무,126.8709425,37.5300123,188592.5961,447842.94
1140031800,안양천길-제물포길_진출_3,101,도로교차점,0,무,126.8858662,37.5304734,189911.7673,447892.4082
1140031900,홍익병원앞_등촌로_진출_2,101,도로교차점,0,무,126.8638556,37.5305054,187966.2637,447898.5485
1140032000,홍익병원앞_등촌로_진입_1,101,도로교차점,0,무,126.863991,37.5305127,187978.2373,447899.344
1140032100,목동동사무소,101,도로교차점,0,무,126.8708443,37.5304985,188583.9927,447896.9085
1140032200,양천구-영등포구경계(3),105,행정경계,0,무,126.8884285,37.5307663,190138.2917,447924.6445
1140032300,목동교서단,101,도로교차점,0,무,126.8874593,37.5309135,190052.6393,447941.0813
1140032400,목동교서단,101,도로교차점,0,무,126.8874945,37.5310179,190055.7647,447952.6672
1140032500,목동주경기장,101,도로교차점,0,무,126.8856427,37.5313019,189892.1294,447984.3804
1140032600,제물포길-안양천길_진출_2,101,도로교차점,0,무,126.8843017,37.5315238,189773.6283,448009.1548
1140032700,목동주경기장,101,도로교차점,0,무,126.8856779,37.5314063,189895.2548,447995.9662
1140032800,덕화주택,101,도로교차점,0,무,126.8367092,37.5314254,185566.9832,448004.4788
1140032900,목동청소년수련관,101,도로교차점,0,무,126.8750649,37.5313299,188957.1761,447988.6809
1140033000,신진빌라,101,도로교차점,1,유,126.8373857,37.5315927,185626.8163,448022.9331
1140033100,안양천길-제물포길_진입_2,101,도로교차점,0,무,126.8846581,37.5316987,189805.1513,448028.531
1140033200,강서자동차학원,101,도로교차점,1,유,126.8311235,37.5317787,185073.3471,448044.557
1140033300,목동교서단,101,도로교차점,0,무,126.8866403,37.5316423,189980.3451,448022.0544
1140033400,목동근린공원,101,도로교차점,0,무,126.8771229,37.5315915,189139.1117,448017.4727
1140033500,목동사거리,101,도로교차점,1,유,126.8637612,37.5324108,187958.2265,448110.029
1140033600,선주빌라,101,도로교차점,1,유,126.830667,37.5324576,185033.1281,448119.9797
1140033700,대한빌라,101,도로교차점,0,무,126.8331288,37.5325516,185250.7394,448130.0238
1140033800,목동교서단,101,도로교차점,0,무,126.8874091,37.5328062,190048.4519,448151.1549
1140033900,목동교서단,101,도로교차점,0,무,126.8872841,37.5328485,190037.413,448155.8606
1140034000,월정초교정문앞,101,도로교차점,0,무,126.8361017,37.5337078,185513.7345,448257.8821
1140034100,영도중,101,도로교차점,0,무,126.8698797,37.5349414,188499.4162,448390.1351
1140034200,신월제일교회,101,도로교차점,1,유,126.8313045,37.5350807,185090.0047,448411.0119
1140034300,JS빌딩,101,도로교차점,0,무,126.8634847,37.5356114,187934.3092,448465.2968
1140034500,성준빌라,101,도로교차점,0,무,126.8657088,37.5357272,188130.895,448477.8645
1140034700,서광빌딩,101,도로교차점,1,유,126.8291695,37.5360264,184901.4887,448516.3163
1140034800,강서고등학교,101,도로교차점,0,무,126.8674182,37.5363561,188282.0782,448547.4501
1140034900,효성빌라,101,도로교차점,1,유,126.8316555,37.5363796,185121.2799,448555.1226
1140035000,목동5-6단지,101,도로교차점,0,무,126.8829322,37.5364697,189653.2641,448558.2397
1140035100,삼오빌딩,101,도로교차점,1,유,126.8337218,37.5366732,185303.9639,448587.3773
1140035200,우성에펠타운,101,도로교차점,0,무,126.8787897,37.5367372,189287.1727,448588.3907
1140035300,월정초교앞,101,도로교차점,1,유,126.8342603,37.5367497,185351.5762,448595.7838
1140035400,현대파리지앙,101,도로교차점,0,무,126.8794523,37.5369696,189345.7678,448614.1154
1140035500,하이베라스,101,도로교차점,1,유,126.8813066,37.5372008,189509.6879,448639.5659
1140035600,이대목동병원,101,도로교차점,1,유,126.8869284,37.5372133,190006.5522,448640.3421
1140035700,동신상운,101,도로교차점,0,무,126.8337328,37.5375753,185305.1114,448687.502
1140035800,목마공원,101,도로교차점,0,무,126.886587,37.5377434,189976.4558,448699.212
1140035900,마정빌딩,101,도로교차점,0,무,126.833315,37.5382689,185268.3266,448764.5418
1140036000,양천구-강서구경계(2),105,행정경계,0,무,126.8345988,37.5385301,185381.8407,448793.3356
1140036100,평광교회,101,도로교차점,1,유,126.8845133,37.5387255,189793.3129,448808.429
1120027500,남가좌삼거리,101,도로교차점,0,무,126.9176913,37.5748948,192729.0922,452819.7123
1140036300,열병합발전소,101,도로교차점,0,무,126.8857212,37.5391293,189900.1201,448853.1161
1150035900,가양3-5단지,101,도로교차점,1,유,126.8517117,37.5628897,186898.5407,451494.4351
1150036200,김포공항진출고가도로,104,도로시설물,0,무,126.8040424,37.5697646,182688.49,452265.1822
1150036300,김포공항내부진입1,101,도로교차점,0,무,126.8037956,37.5704087,182666.8299,452336.716
1150036400,한국암웨이가양IP,101,도로교차점,0,무,126.8494488,37.5630375,186698.6398,451511.1634
1150036500,근린공원4R,101,도로교차점,0,무,126.8407568,37.5630524,185930.6896,451514.0738
1150036600,해태아파트,101,도로교차점,0,무,126.8151857,37.5631015,183671.468,451523.6623
1150036700,김포공항내부20,104,도로시설물,0,무,126.7995614,37.5632408,182291.0784,451541.9537
1150036800,공항지하차도(북측),104,도로시설물,0,무,126.8066686,37.563237,182919.0059,451540.2186
1150036900,가양아파트,101,도로교차점,1,유,126.8566944,37.5635049,187338.871,451562.0296
1150037000,등촌자동차매매시장,101,도로교차점,0,무,126.8483031,37.5636068,186597.5159,451574.5048
1150037200,김포공항내부17,101,도로교차점,0,무,126.8015105,37.5637407,182463.4031,451597.0713
1150037300,가양6단지아파트,102,도로시.종점,0,무,126.8580708,37.5640757,187460.5796,451625.199
1150037400,등촌동성아파트106동앞,101,도로교차점,0,무,126.8471664,37.5641674,186497.1857,451636.8936
1150037600,김포공항내부27,101,도로교차점,0,무,126.8001347,37.5639861,182341.9001,451624.565
1150037700,김포공항내부1,101,도로교차점,0,무,126.8005354,37.5647315,182377.481,451707.218
1150037900,김포공항내부16,104,도로시설물,0,무,126.7983021,37.5630189,182179.7649,451517.5649
1150038000,서진학교,101,도로교차점,1,유,126.8488506,37.5644065,186646.0312,451663.1872
1150038200,보은한의원,101,도로교차점,0,무,126.8113155,37.5644914,183329.8373,451678.6026
1150038300,김포공항내부28,104,도로시설물,0,무,126.8061016,37.5631203,182868.8822,451527.3636
1150038400,가양강변(3단지)아파트,102,도로시.종점,0,무,126.8568358,37.5646927,187351.57,451693.8453
1150038600,공항시장역,101,도로교차점,0,무,126.8119294,37.5654345,183384.293,451783.175
1150038700,등양초교,101,도로교차점,0,무,126.8443173,37.5655526,186245.7252,451791.0402
1150038900,등촌주공1단지아파트,101,도로교차점,0,무,126.8415729,37.5656328,186003.2782,451800.3536
1150039000,태우빌딩,101,도로교차점,0,무,126.8411966,37.5657143,185970.0464,451809.4552
1150039200,올림픽대로-구룡로램프(6),108,IC 및 JC,0,무,126.8597257,37.5659637,187607.1028,451834.5315
1150039300,강서우체국,101,도로교차점,1,유,126.8406108,37.565849,185918.3213,451824.4963
1150039400,김포공항내부29,101,도로교차점,0,무,126.80542,37.5653693,182809.1788,451777.1083
1150039500,올림픽대로-구룡로램프(12),108,IC 및 JC,0,무,126.8565555,37.5665415,187327.1212,451899.0803
1150039600,개화지하차도(남측),104,도로시설물,0,무,126.8058581,37.5657245,182847.9651,451816.4441
1150039700,승고을빌딩앞,101,도로교차점,0,무,126.8418109,37.5663597,186024.4449,451880.9987
1150039800,평안빌딩,101,도로교차점,0,무,126.8414322,37.5664393,185991.0015,451889.8887
1150039900,한길자동차종합타운,101,도로교차점,1,유,126.8450097,37.5664526,186307.0621,451890.8301
1150040000,대룡드림타운,101,도로교차점,0,무,126.8408428,37.5665693,185938.9567,451904.4012
1150040100,김포공항내부30,101,도로교차점,0,무,126.8028804,37.5664086,182585.0473,451892.9229
1150040200,김포공항내부22,101,도로교차점,0,무,126.8034853,37.5656197,182638.3091,451805.248
1150040300,올림픽대로-구룡로램프(7),108,IC 및 JC,0,무,126.8596017,37.5673211,187596.3647,451985.1999
1150040400,김포공항내부2,101,도로교차점,0,무,126.8027894,37.5665213,182577.0402,451905.4527
1150040500,올림픽대로-구룡로램프(8),108,IC 및 JC,0,무,126.8594845,37.5673758,187586.026,451991.2917
1150040600,올림픽대로-구룡로램프(9),108,IC 및 JC,0,무,126.8580912,37.5668302,187462.843,451930.916
1150040700,공진중교차로,101,도로교차점,0,무,126.850867,37.567335,186824.6953,451987.9303
1150040800,가양대교남단,108,IC 및 JC,0,무,126.8554896,37.5673771,187233.0871,451991.9692
1150040900,가양1동우편취급소,101,도로교차점,0,무,126.8423601,37.5672473,186073.1283,451979.4239
1150041000,김포공항내부6,101,도로교차점,0,무,126.8045183,37.5669684,182729.8877,451954.7513
1150041100,동화나라어린이집,101,도로교차점,1,유,126.8152011,37.5675413,183673.7963,452016.4233
1150041200,신방화역,101,도로교차점,0,무,126.8166089,37.5675264,183798.1635,452014.5254
1150041300,송화초등학교,102,도로시.종점,0,무,126.8183293,37.5674965,183950.1504,452010.9204
1150041400,강서농협,101,도로교차점,0,무,126.8127834,37.567672,183460.2286,452031.3547
1150041500,경남아파트,102,도로시.종점,0,무,126.8229761,37.5677372,184360.7316,452036.8496
1150041700,방화2동,101,도로교차점,0,무,126.8117438,37.5678134,183368.418,452047.2297
1150041800,우림루미아트아파트,101,도로교차점,1,유,126.8075959,37.5678091,183001.9694,452047.4943
1150041900,가양빌딩,101,도로교차점,1,유,126.8411874,37.567942,185969.6509,452056.6997
1150042000,개화지하차도,101,도로교차점,0,무,126.8043496,37.5690016,182715.4527,452180.4484
1150042100,양천향교역,101,도로교차점,1,유,126.8413087,37.5684516,185980.4705,452113.2444
1150042300,올림픽대로-구룡로램프(10),108,IC 및 JC,0,무,126.854315,37.5682871,187129.4782,452093.1248
1150042400,신방화역,101,도로교차점,0,무,126.8166429,37.5689562,183801.4772,452173.2149
1150042500,동양공고3R,101,도로교차점,0,무,126.848149,37.5692565,186584.9162,452201.5818
1150042600,성심약국,101,도로교차점,0,무,126.8127592,37.5701226,183458.6411,452303.3469
1150042700,개화지하차도(북측),101,도로교차점,1,유,126.8044362,37.5700453,182723.3461,452296.2669
1150042800,방화11단지아파트상가,101,도로교차점,0,무,126.8042908,37.5687118,182710.1881,452148.289
1150042900,강서구-마포구경계,105,행정경계,0,무,126.8615207,37.5700481,187766.3545,452287.6165
1150043100,세원제1주유소,101,도로교차점,1,유,126.8377109,37.570403,185662.9973,452330.3764
1150043200,가양중앙하이츠아파트101동앞,101,도로교차점,0,무,126.8491395,37.5705236,186672.6478,452342.0758
1150043600,대아아파트앞,101,도로교차점,1,유,126.8417961,37.5709616,186023.9984,452391.7514
1150043700,건우아파트,101,도로교차점,0,무,126.821181,37.5709814,184202.828,452397.2129
1150044000,파크빌리지,101,도로교차점,1,유,126.8404959,37.5712435,185909.1877,452423.2303
1150044100,동신대아아파트,101,도로교차점,1,유,126.84184,37.5712035,186027.9197,452418.6
1150044200,무궁화빌라,101,도로교차점,0,무,126.8220367,37.5713855,184278.499,452441.9275
1150044300,신안빌라,101,도로교차점,0,무,126.8226321,37.5716367,184331.1512,452469.7088
1150044400,스카이주유소,103,속성변화점,0,무,126.8048752,37.571769,182762.521,452487.4972
1150044500,인천국제공항고속도로-일반국도4,108,IC 및 JC,0,무,126.8037317,37.5720158,182661.56,452515.1013
1150044600,우림루미아트,101,도로교차점,0,무,126.8204689,37.5721884,184140.1745,452531.304
1150044700,개화산역사거리,101,도로교차점,0,무,126.8074589,37.572157,182990.8568,452530.0952
1150044800,경남아너스빌,101,도로교차점,0,무,126.8194122,37.5722269,184046.8293,452535.749
1150044900,개화사거리_일반국도48호선_진출,101,도로교차점,0,무,126.8038635,37.5720418,182673.2133,452517.9647
1150045200,안국물류센터,101,도로교차점,0,무,126.8372249,37.5724726,185620.4606,452560.1524
1150045300,개화사거리_양천길_진입,101,도로교차점,0,무,126.804171,37.5725589,182700.4976,452575.2985
1150045400,마곡동우편취급소,101,도로교차점,0,무,126.8217522,37.5725985,184253.6281,452576.6007
1150045500,인천국제공항고속도로-일반국도4,108,IC 및 JC,0,무,126.8029052,37.5726774,182588.6974,452588.6875
1150045600,개화사거리,101,도로교차점,1,유,126.8036028,37.5726543,182650.321,452585.9863
1150045700,개화사거리_양천길_진출,101,도로교차점,0,무,126.8046128,37.5726366,182739.5445,452583.8403
1150045800,인천국제공항고속도로-일반국도4,108,IC 및 JC,0,무,126.8026928,37.5728601,182569.9847,452608.9991
1150045900,개화산역삼거리,101,도로교차점,0,무,126.8074403,37.5727654,182989.3499,452597.618
1150046000,서남하수처리사업소삼거리,101,도로교차점,0,무,126.8249476,37.5727582,184535.9391,452593.7987
1150046100,벧엘빌딩,101,도로교차점,0,무,126.8227251,37.5728026,184339.6178,452599.0903
1150046200,인천국제공항고속도로입구,101,도로교차점,0,무,126.8024771,37.572917,182550.9368,452615.3567
1150046300,SK 주유소,101,도로교차점,1,유,126.8255762,37.572973,184591.5136,452617.5303
1150046400,가양하수처리장직원아파트,101,도로교차점,1,유,126.8230136,37.5731957,184365.186,452642.6767
1150046500,가양IC,108,IC 및 JC,0,무,126.8447034,37.5736826,186281.3264,452693.3215
1150046600,금왕여행사,101,도로교차점,1,유,126.8099642,37.5731437,183212.3941,452639.1577
1150046800,국민은행방화동지점,101,도로교차점,0,무,126.8107359,37.5732099,183280.5806,452646.3633
1150046900,방화2단지,101,도로교차점,1,유,126.8204934,37.5733283,184142.5737,452657.8149
1150047000,인천국제공항고속도로-일반국도4,108,IC 및 JC,0,무,126.8033288,37.5732518,182626.2541,452652.3562
1150047100,방화그린아파트,101,도로교차점,1,유,126.8195272,37.5733585,184057.2268,452661.3304
1150047200,개화사거리_일반국도48호선_진입,101,도로교차점,0,무,126.8034603,37.573279,182637.8753,452655.3478
1150047300,영상빌딩,101,도로교차점,0,무,126.8181311,37.5734022,183933.9143,452666.4098
1150047400,신방화사거리,101,도로교차점,1,유,126.8167475,37.5733571,183811.6766,452661.6473
1150047500,방화하나은행,101,도로교차점,1,유,126.8155883,37.5733911,183709.2826,452665.6161
1150047700,방화사거리,101,도로교차점,1,유,126.8114521,37.5734701,183343.9065,452675.109
1150047800,LG전자,101,도로교차점,1,유,126.8124133,37.5735005,183428.8237,452678.3161
1150048000,가양IC1,108,IC 및 JC,0,무,126.8436364,37.5737364,186187.0849,452699.4544
1150048100,가양IC,108,IC 및 JC,0,무,126.8472879,37.5723852,186509.4078,452548.9496
1150048200,가양IC5,108,IC 및 JC,0,무,126.8433221,37.5736954,186159.3062,452694.9509
1150048300,칠성아파트앞,101,도로교차점,0,무,126.8116821,37.5752091,183364.6186,452868.0817
1150048400,칠성연립입구,101,도로교차점,0,무,126.8108944,37.5752341,183295.033,452870.9922
1140036400,대일고교앞,101,도로교차점,1,유,126.8637138,37.5392769,187955.1452,448872.0945
1140036600,신월5동사무소,101,도로교차점,1,유,126.8269253,37.5393721,184703.8225,448888.007
1140036700,화곡로입구,101,도로교차점,1,유,126.8260017,37.5393652,184622.194,448887.3951
1140036800,신월동외환은행,101,도로교차점,1,유,126.8325384,37.5395582,185199.9393,448907.7681
1140036900,열방합발전소,105,행정경계,0,무,126.8873503,37.5396719,190044.1679,448913.1735
1140037000,워베스빌앞,101,도로교차점,0,무,126.8686687,37.5397741,188393.134,448926.6572
1140037100,까치산식당,101,도로교차점,1,유,126.8338654,37.5398827,185317.2866,448943.5696
1140037200,양천구-강서구경계(1),105,행정경계,1,유,126.8245505,37.5412102,184494.3282,449092.3999
1140037300,강서교육청,101,도로교차점,0,무,126.830252,37.5414609,184998.2514,449119.3062
1140037400,목동초교,101,도로교차점,0,무,126.8822162,37.543944,189591.0231,449387.8809
1140037500,목동성운빌딩,101,도로교차점,0,무,126.8704366,37.5438468,188549.9998,449378.4535
1140037600,신목동역,101,도로교차점,0,무,126.8831012,37.5442588,189669.2739,449422.7165
1140037700,금호베스트빌,101,도로교차점,0,무,126.8673693,37.5445724,188279.0454,449459.3703
1140037800,전원주택,102,도로시.종점,0,무,126.8289868,37.5453886,184887.232,449555.4297
1140037900,덕수프라자,101,도로교차점,0,무,126.871683,37.5466979,188660.5754,449694.7441
1140038000,양화교_안양천길_진출_1,101,도로교차점,0,무,126.8810991,37.5466859,189492.6869,449692.3182
1140038100,염창동우체국,101,도로교차점,1,유,126.8736832,37.5469764,188837.3781,449725.4115
1140038200,양화교,101,도로교차점,1,유,126.8804892,37.5471294,189438.8476,449741.6113
1140038300,태진빌딩,101,도로교차점,1,유,126.8765573,37.5470688,189091.3786,449735.3334
1140038400,도레미빌딩,101,도로교차점,0,무,126.8777474,37.5471273,189196.5507,449741.6834
1140038500,양화교_일반국도6호선_진출_1,101,도로교차점,0,무,126.8781309,37.5471353,189230.445,449742.5306
1140038600,외환은행강서지점,101,도로교차점,1,유,126.8716841,37.5473139,188660.7684,449763.1147
1140038700,양화교_일반국도6호선_진입_2,101,도로교차점,0,무,126.8780974,37.5472402,189227.5035,449754.1775
1140038800,양화교_일반국도6호선_진입_3,101,도로교차점,0,무,126.8794295,37.5474489,189345.2471,449777.1878
1140039000,양동중학교,101,도로교차점,0,무,126.8686407,37.5475413,188391.864,449788.7243
1140039100,양천구-영등포구경계(5),105,행정경계,0,무,126.8810808,37.5475877,189491.1934,449792.4047
1140039200,양화교_일반국도6호선_진출_2,101,도로교차점,0,무,126.8793736,37.5475484,189340.323,449788.2362
1140039300,양천구-영등포구경계(6),105,행정경계,0,무,126.8808136,37.5478396,189467.6169,449820.3971
1140039400,롯데캐슬위너앞사거리,101,도로교차점,0,무,126.8668241,37.5481057,188231.4203,449851.5894
1140039500,SC제일은행등촌지점,101,도로교차점,1,유,126.8634719,37.5487922,187935.2981,449928.2129
1140039600,강서보건소,101,도로교차점,1,유,126.8679124,37.5493766,188327.7896,449992.5089
1140039900,등촌사거리,101,도로교차점,1,유,126.8645182,37.5512429,188028.1484,450200.0749
1140040000,신정이펜하우스4단지405동앞,102,도로시.종점,0,무,126.8290841,37.5099672,184888.686,445624.0773
1140040100,신정이펜하우스5단지505동앞,102,도로시.종점,0,무,126.8329513,37.5109203,185230.7929,445729.2493
1140040200,서남병원,101,도로교차점,0,무,126.8328792,37.5110728,185224.4429,445746.1827
1140040300,신정이펜하우스4단지401동앞,103,속성변화점,0,무,126.8310832,37.5112371,185065.6926,445764.7036
1140040400,서남병원주차장입구,103,속성변화점,0,무,126.8338362,37.511365,185309.1097,445778.4619
1140040500,신정이펜하우스3단지316동앞,101,도로교차점,0,무,126.8323319,37.5122306,185176.2886,445874.7705
1140040600,신정이펜하우스4단지409동앞,101,도로교차점,0,무,126.8295548,37.5122123,184930.7548,445873.183
1140040700,신정이펜하우스3단지삼거리,101,도로교차점,0,무,126.8320132,37.5129215,185148.2427,445951.4998
1140040800,서울신은초등학교앞삼거리,101,도로교차점,0,무,126.8331376,37.5132664,185247.7263,445989.5999
1140040900,신정이펜하우스3단지308동앞,102,도로시.종점,0,무,126.8311204,37.5133302,185069.3967,445997.0082
1140041000,신정이펜하우스3단지315동앞,101,도로교차점,0,무,126.8317365,37.5135218,185123.901,446018.1749
1140041100,푸른마을2단지아파트삼거리,101,도로교차점,0,무,126.8344834,37.5137021,185366.789,446037.7541
1140041200,신정이펜하우스1단지105동앞,102,도로시.종점,0,무,126.8260911,37.5136841,184624.8297,446037.0927
1140041300,신정이펜하우스1단지사거리,101,도로교차점,1,유,126.8287089,37.5140396,184856.3406,446076.1188
1140041400,신정이펜하우스2단지사거리,101,도로교차점,1,유,126.831214,37.5146391,185077.9296,446142.2648
1140041500,강월초등학교삼거리,101,도로교차점,1,유,126.8335057,37.5152216,185280.6488,446206.5507
1140041600,신정이펜하우스2단지201동앞,102,도로시.종점,0,무,126.8314449,37.5154142,185098.501,446228.2545
1140041700,신정이펜하우스1단지101동앞,102,도로시.종점,0,무,126.8279374,37.5154235,184788.4087,446229.842
1140041800,댓골마을출구,101,도로교차점,0,무,126.8370854,37.5066726,185595.4779,445257.1666
1140041900,목동산돌교회,101,도로교차점,0,무,126.8679697,37.5255674,188329.1406,447349.9706
1140042000,월촌중학교,103,속성변화점,0,무,126.8837969,37.5384128,189729.9555,448773.8061
1140042100,도시개발공사,101,도로교차점,0,무,126.8848982,37.5388614,189827.3496,448823.4791
1150000100,염창역,101,도로교차점,1,유,126.8725018,37.547111,188732.9998,449740.4928
1150000200,안양천로_염창IC,108,IC 및 JC,0,무,126.8780684,37.5502578,189225.3683,450089.1041
1150000500,염창IC,108,IC 및 JC,0,무,126.8732948,37.5557106,188804.3622,450694.8574
1150001600,가양대교남단,104,도로시설물,0,무,126.8584073,37.5658073,187490.5961,451817.3428
1150002200,가양IC_강서로_진출,101,도로교차점,0,무,126.8434325,37.5736325,186169.0547,452687.9534
1150002600,방화대교남단,108,IC 및 JC,0,무,126.8148172,37.5840874,183643.5042,453852.9218
1150002800,김포대로김포시계,105,행정경계,0,무,126.7961231,37.5850093,181992.5419,453958.6625
1150002900,인천공항고속도로김포시계,105,행정경계,0,무,126.7961211,37.5849125,181992.3457,453947.916
1150003000,개화동로진입(올림픽대로),108,IC 및 JC,0,무,126.8094599,37.5896593,183171.5668,454472.2927
1150003101,행주대교남단교차로,105,행정경계,0,무,126.8000265,37.5888458,182338.2213,454383.7261
1150003102,개화IC,105,행정경계,0,무,126.7981044,37.5872455,182168.0725,454206.4828
1150003103,강서구-김포시경계(6),105,행정경계,0,무,126.799614,37.5913296,182302.3765,454659.4834
1150003200,벌말로김포시계,105,행정경계,0,무,126.7995941,37.5916956,182300.7012,454700.1052
1150003300,행주대교남단(개화IC),104,도로시설물,0,무,126.8041072,37.5919862,182699.3504,454731.5226
1150003400,행주대교고양시계,105,행정경계,0,무,126.8108794,37.5990803,183299.0397,455517.6595
1150003700,화곡대림아파트,101,도로교차점,1,유,126.8393434,37.532361,185799.9934,448107.9167
1150003900,화곡터널남단,101,도로교차점,0,무,126.8456753,37.5334931,186359.8653,448232.6242
1150004000,강서나누리병원,101,도로교차점,1,유,126.8370342,37.5371437,185596.8151,448639.0832
1150005000,가양9단지,108,IC 및 JC,0,무,126.865164,37.558911,188086.4329,451051.062
1150005200,등현초교,101,도로교차점,0,무,126.8467112,37.5612389,186456.4398,451311.9317
1150005300,송정역,101,도로교차점,1,유,126.8098441,37.5614542,183199.1622,451341.7764
1150005400,가양초교앞,101,도로교차점,0,무,126.860138,37.5616406,187642.8118,451354.662
1150005700,등촌1-10단지,101,도로교차점,0,무,126.8397718,37.5632447,185843.7065,451535.5713
1150005900,가양3단지,101,도로교차점,0,무,126.8536998,37.5651599,187074.5848,451746.1337
1150006400,김포공항,101,도로교차점,1,유,126.8051699,37.5678045,182787.64,452047.4258
1150006700,삼정그린코아아파트,101,도로교차점,0,무,126.8115325,37.5720277,183350.6909,452515.014
1150006800,정곡초교,101,도로교차점,0,무,126.8199885,37.5758977,184098.5191,452943.067
1150007000,방화5단지교차로,101,도로교차점,0,무,126.8122577,37.5761962,183415.6833,452977.5401
1150007100,영신교회앞,101,도로교차점,0,무,126.8092383,37.5762879,183148.9827,452988.2557
1150007300,삼정초교앞,101,도로교차점,0,무,126.8106894,37.5792982,183277.8351,453322.1076
1150007400,방화119안전센터,101,도로교차점,0,무,126.8137489,37.5799997,183548.2398,453399.419
1150007500,인천국제공항고속도로-올림픽대,108,IC 및 JC,0,무,126.8251459,37.5821572,184555.3978,453636.9491
1150007600,화곡고가사거리_강서로_진입_1,101,도로교차점,0,무,126.8485424,37.5286638,186612.4127,447696.2217
1150007700,화곡고가사거리_강서로_진출_2,101,도로교차점,0,무,126.8484004,37.5286503,186599.8574,447694.7409
1150007900,율창아파트앞사거리,101,도로교차점,1,유,126.8507311,37.5289554,186805.9263,447728.2753
1150008000,화곡고가사거리,104,도로시설물,0,무,126.848198,37.5291727,186582.0594,447752.7561
1150008100,율창아파트,101,도로교차점,0,무,126.8540073,37.5293756,187095.5839,447774.4628
1150008200,정일카센타,101,도로교차점,0,무,126.8583003,37.5298851,187475.1294,447830.4223
1150008300,복남빌딩,101,도로교차점,0,무,126.8397653,37.5301394,185836.8632,447861.2801
1150008400,우리빌딩,101,도로교차점,1,유,126.8424559,37.5303054,186074.7217,447879.3037
1150008500,화곡사거리,101,도로교차점,1,유,126.8474229,37.5306128,186513.8103,447912.6921
1150008600,동서파크빌라,101,도로교차점,1,유,126.8504379,37.5308063,186780.3322,447933.7423
1150008700,동면빌딩,101,도로교차점,1,유,126.8513994,37.5308722,186865.3298,447940.9257
1150008800,신정초교앞사거리,101,도로교차점,1,유,126.8536947,37.5311564,187068.2656,447972.1466
1150008900,신정여상,101,도로교차점,0,무,126.8579504,37.531686,187444.5038,448030.3551
1150009000,보성장여관,101,도로교차점,1,유,126.8394889,37.5319562,185812.7796,448062.9588
1150009100,예원빌라,101,도로교차점,1,유,126.8422835,37.5321207,186059.8202,448080.8012
1150009200,중앙빌딩,101,도로교차점,1,유,126.8422438,37.5325351,186056.3924,448126.8003
1150009300,형제빌딩,101,도로교차점,1,유,126.8460721,37.5328453,186394.8206,448160.6645
1150009400,백제헬스,101,도로교차점,0,무,126.8389964,37.5329184,185769.434,448169.8294
1150009500,동남주택,101,도로교차점,0,무,126.8538516,37.5335882,187082.5531,448242.0222
1150009600,신나는교회,101,도로교차점,0,무,126.8408493,37.5336432,185933.3437,448249.9983
1150009700,썬빌라트,101,도로교차점,1,유,126.8420921,37.5341205,186043.2783,448302.7828
1150009800,한라한의원,101,도로교차점,0,무,126.8478004,37.5342504,186547.8291,448316.3702
1150009900,화곡대림,101,도로교차점,0,무,126.8380681,37.5344619,185687.6776,448341.2797
1150010000,화곡터널(남측),104,도로시설물,0,무,126.845086,37.5344552,186307.9523,448339.4933
1150010100,우화빌딩,101,도로교차점,0,무,126.8560253,37.5349687,187274.9056,448394.9517
1150010200,현대빌리지,101,도로교차점,1,유,126.8501187,37.5350806,186752.8816,448408.1808
1150010300,서진빌라,101,도로교차점,0,무,126.8510886,37.5351295,186838.6068,448413.4725
1150010400,신성빌라,101,도로교차점,0,무,126.8537676,37.5352568,187075.4094,448427.2309
1150010500,화곡미성아파트,102,도로시.종점,0,무,126.8453009,37.5356322,186327.1662,448470.0935
1150010600,태성비리치아파트,101,도로교차점,0,무,126.8551225,37.5358544,187195.2658,448493.3769
1150010700,아가페놀이방,101,도로교차점,1,유,126.8467248,37.536149,186453.1081,448527.2436
1150010800,공작맨션,101,도로교차점,1,유,126.8529994,37.5361498,187007.6759,448526.4498
1150010900,예드빌,101,도로교차점,0,무,126.8560225,37.5364181,187274.9056,448555.8186
1150011000,탐나빌라,101,도로교차점,0,무,126.8517501,37.5366441,186897.3444,448581.4833
1150011100,동원빌라,101,도로교차점,0,무,126.8490612,37.536973,186659.7501,448618.363
1150011200,태영방송인아파트,101,도로교차점,0,무,126.8539316,37.5371021,187090.226,448632.0188
1150011300,신영탑스빌,101,도로교차점,0,무,126.8593471,37.5370992,187568.8583,448630.9605
1150011400,태창네스트힐,101,도로교차점,0,무,126.8500215,37.5373046,186744.6815,448655.0343
1150011500,동진빌딩,101,도로교차점,1,유,126.8386137,37.5373715,185736.4589,448664.1314
1150011600,한성빌딩,101,도로교차점,1,유,126.8399789,37.5375913,185857.1568,448688.3211
1150011700,미주아파트,101,도로교차점,0,무,126.8549095,37.5376302,187176.745,448690.4918
1150011800,세한아파트,101,도로교차점,0,무,126.8508128,37.5377261,186814.6904,448701.7069
1150011900,명신교회,101,도로교차점,0,무,126.8368742,37.5379316,185582.823,448726.5579
1150012000,신정여자상업고등학교,101,도로교차점,0,무,126.8584563,37.5379802,187490.2769,448728.8565
1150012100,화곡터널(북측),104,도로시설물,0,무,126.842897,37.5380043,186115.1368,448733.7233
1150012200,홈피아맨션,101,도로교차점,0,무,126.8515157,37.5383545,186876.9205,448771.3453
1150012300,화곡터널입구,101,도로교차점,1,유,126.842514,37.5386177,186081.4024,448801.8536
1150012400,신월초교,101,도로교차점,1,유,126.8392131,37.5388438,185789.7143,448827.4393
1150012500,신월초교입구,101,도로교차점,1,유,126.8415004,37.540271,185992.1256,448985.4995
1150012600,(주)슈퍼텍,101,도로교차점,1,유,126.8356164,37.5403433,185472.1299,448994.4193
1150012700,현대마트동원빌딩앞,101,도로교차점,1,유,126.8362638,37.5405149,185529.3771,449013.3668
1150012800,양지빌딩,101,도로교차점,1,유,126.8380262,37.540975,185685.2169,449064.1669
1150013000,강서구-부천시경계,105,행정경계,0,무,126.793241,37.5413613,181727.3202,449114.7972
1150013200,화곡역,101,도로교차점,1,유,126.8404473,37.5416687,185899.3246,449140.7856
1150013700,대장마을길삼거리2,101,도로교차점,0,무,126.801575,37.5424896,182464.1168,449238.4428
1150013800,상록수주택,101,도로교차점,0,무,126.8481252,37.5426993,186578.0466,449254.0521
1150013900,화곡초등학교,101,도로교차점,0,무,126.846037,37.5441425,186393.7639,449414.5223
1150014000,청구빌라트,101,도로교차점,0,무,126.846902,37.5449517,186470.361,449504.2162
1150014100,강서빌딩,101,도로교차점,1,유,126.8445347,37.545274,186261.2074,449540.3319
1150014200,영인운수,101,도로교차점,1,유,126.8215763,37.5455355,184232.387,449572.9584
1150014300,대장마을길삼거리1,101,도로교차점,0,무,126.8006011,37.5456276,182378.7885,449586.8997
1150014400,조흥화곡3동,101,도로교차점,1,유,126.8364821,37.5461221,185549.75,449635.6681
1150014500,대장마을길종점,102,도로시.종점,0,무,126.7982949,37.5464747,182175.1912,449681.3562
1150014600,서울강서대학교입구,101,도로교차점,1,유,126.8453068,37.5464976,186329.6658,449676.0167
1150014700,외발산지하차도(남측),104,도로시설물,0,무,126.8213702,37.5460544,184214.2762,449630.5845
1150014900,한진택배,101,도로교차점,0,무,126.8140424,37.5471897,183566.9585,449757.8364
1150015000,강서구청청소차고,101,도로교차점,0,무,126.8209674,37.5472119,184178.9278,449759.1194
1150015100,유니스빌딩,101,도로교차점,1,유,126.8457812,37.547267,186371.7347,449761.345
1150015200,마리오빌리지,101,도로교차점,0,무,126.8216045,37.5473805,184235.2665,449777.7253
1150015300,건영택배,101,도로교차점,0,무,126.8241863,37.5474931,184463.4436,449789.7904
1150015400,우장산 SK VIEW,101,도로교차점,0,무,126.8423396,37.5478623,186067.7067,449827.9268
1150015500,우장산역,101,도로교차점,1,유,126.8363331,37.548021,185536.9514,449846.4477
1150015600,화곡주공아파트,101,도로교차점,1,유,126.8375517,37.5480132,185644.6371,449845.3894
1150015700,염창대림아파트,101,도로교차점,1,유,126.8765006,37.548003,189086.5,449839.0255
1150015800,진우맨션,101,도로교차점,0,무,126.8776547,37.5480471,189188.4971,449843.788
1150015900,양화교,101,도로교차점,0,무,126.8798924,37.5477395,189386.1978,449809.3905
1150016000,삼정그린코아,101,도로교차점,1,유,126.8748339,37.5482873,188939.2591,449870.7755
1150016200,양화교,101,도로교차점,1,유,126.8787149,37.548691,189282.2748,449915.1329
1150016300,강서면허시험장삼거리,101,도로교차점,1,유,126.8199897,37.5486377,184092.8322,449917.5257
1150016500,강서운전면허시험장 수위실,101,도로교차점,1,유,126.8209186,37.5487641,184174.9414,449931.3957
1150016700,염창동아3차아파트,101,도로교차점,1,유,126.8781806,37.5489239,189235.0918,449941.0363
1150016800,현대맨션,101,도로교차점,0,무,126.8425619,37.5489282,186087.5504,449946.1958
1150017000,리버파크관광호텔_안양천길_진입,101,도로교차점,0,무,126.8789715,37.5490716,189305.0081,449957.3413
1150017100,외발산길1길삼거리,101,도로교차점,0,무,126.8245082,37.5491547,184492.2304,449974.1524
1150017200,송촌스페이스향아파트,101,도로교차점,1,유,126.8728744,37.5490934,188766.2213,449960.4695
1150017300,성우빌딩,101,도로교차점,1,유,126.8765434,37.5492868,189090.4688,449981.5039
1150017400,외발산삼거리,101,도로교차점,0,무,126.8163774,37.5492298,183773.7474,449983.8571
1150017700,태진아파트앞,101,도로교차점,1,유,126.8750059,37.5496438,188954.6577,450021.3121
1150017800,소망교회,101,도로교차점,0,무,126.8515093,37.5497242,186878.3493,450033.2516
1150017900,해촌빌딩,101,도로교차점,0,무,126.8768789,37.5498242,189120.1946,450041.1162
1150018000,수명중.고교입구,101,도로교차점,1,유,126.8236372,37.5497808,184415.3952,450043.7909
1150018100,강서농산물도매관리동,101,도로교차점,1,유,126.818848,37.5500559,183992.2462,450075.1229
1150018200,당곡빌딩,101,도로교차점,1,유,126.8762798,37.5499565,189067.2778,450055.8667
1150018300,순흥빌딩,101,도로교차점,1,유,126.8752434,37.5502343,188975.7318,450086.823
1150018400,발산길삼거리,101,도로교차점,0,무,126.8178915,37.5509264,183907.9135,450171.9085
1150018500,강서운전면허시험장 정비고,103,속성변화점,0,무,126.8223919,37.5508211,184305.5664,450159.4537
1150018800,무학아파트,103,속성변화점,0,무,126.8772359,37.5512281,189151.9446,450196.8899
1150018900,강서운전면허시험장,101,도로교차점,0,무,126.8205829,37.5513816,184145.8372,450221.9669
1150019000,등촌사거리,101,도로교차점,0,무,126.8639563,37.5514783,187978.5389,450226.2687
1150019100,강서농산물도매시장트럭판매장,101,도로교차점,0,무,126.8187792,37.5515732,183986.4915,450243.5385
1150019200,외발산사거리,101,도로교차점,1,유,126.8165985,37.5518428,183793.8557,450273.841
1150019300,강서농산물도매시장,101,도로교차점,0,무,126.8196737,37.5522241,184065.6683,450315.6296
1150019500,염창현대3차아파트,101,도로교차점,0,무,126.8764269,37.5524898,189080.6409,450337.0191
1150019600,목화빌라,101,도로교차점,0,무,126.8543091,37.5525212,187126.2423,450343.2943
1150019700,삼성관음아파트,101,도로교차점,1,유,126.8699974,37.5526457,188512.5381,450355.0846
1150019800,우리은행내발산,101,도로교차점,1,유,126.8363385,37.552622,185538.3156,450357.0935
1150020000,강서소비자협동조합,101,도로교차점,0,무,126.8532668,37.5526593,187034.1671,450358.7725
1150020100,화물청사,103,속성변화점,0,무,126.8120393,37.5526462,183391.1591,450363.7995
1150020200,사무엘어린이집,101,도로교차점,0,무,126.8219584,37.5528033,184267.678,450379.5266
1150020300,우장산길성그랑프리텔,101,도로교차점,0,무,126.8444287,37.5528127,186253.228,450377.0442
1150020400,운산빌딩,101,도로교차점,0,무,126.8172309,37.552926,183849.9663,450393.9544
1150020600,올림픽대로-안양천길램프(5),108,IC 및 JC,0,무,126.8761867,37.5528353,189059.4742,450375.3838
1150020700,신라빌딩,101,도로교차점,0,무,126.8514983,37.5529997,186877.9524,450396.7898
1150020800,제이드아트빌,101,도로교차점,0,무,126.8310569,37.5531677,185071.7219,450418.4901
1150020900,우장공원입구교차로,101,도로교차점,1,유,126.8507704,37.5531167,186813.6585,450409.8868
1150021000,무지개빌라,101,도로교차점,0,무,126.8534771,37.5530672,187052.8203,450404.0163
1150021100,발산1동주민센터,101,도로교차점,0,무,126.8301342,37.5533547,184990.2301,450439.3923
1150021200,수협직판장,101,도로교차점,1,유,126.8176497,37.5533266,183887.0612,450438.3431
1150021300,수명산파크1단지,101,도로교차점,0,무,126.8284073,37.5535258,184837.6711,450458.6584
1150021400,염창중교앞,101,도로교차점,0,무,126.8710197,37.5535093,188602.9993,450450.811
1150021500,외발산동_방화로_진입,101,도로교차점,0,무,126.8165882,37.5532813,183793.2548,450433.4932
1150021600,송정중교,101,도로교차점,1,유,126.8142546,37.5536167,183587.1231,450471.1245
1150021700,다원빌딩,101,도로교차점,0,무,126.8518831,37.5537046,186912.0837,450474.9744
1150021800,수명산파크3단지,101,도로교차점,1,유,126.8261479,37.5537418,184638.069,450483.0001
1150021900,백석초교후문,101,도로교차점,1,유,126.8635601,37.553753,187943.8946,450478.7892
1150022000,외발산지하차도(북측),104,도로시설물,0,무,126.8135518,37.5541485,183525.1439,450530.2709
1150022100,소암빌딩,101,도로교차점,0,무,126.8512314,37.553929,186854.5367,450499.9776
1150022200,삼성한마음아파트,101,도로교차점,1,유,126.8673223,37.554166,188276.397,450524.1537
1150022300,수협직판장냉장창고,101,도로교차점,0,무,126.8197853,37.5543483,184075.987,450551.3739
1150022400,국민은행전산센터,101,도로교차점,0,무,126.8696948,37.5543065,188486.0532,450539.4466
1150022500,화곡롯데아파트,101,도로교차점,0,무,126.8418904,37.5543376,186029.2179,450546.6678
1150022600,신세계약국,101,도로교차점,0,무,126.8191406,37.5544273,184019.0354,450560.2454
1150022700,신세계아파트3차,101,도로교차점,0,무,126.8406984,37.5544623,185923.9135,450560.6907
1150022800,장원빌딩,101,도로교차점,0,무,126.819311,37.5545563,184034.1166,450574.5329
1150022900,행복한교회,101,도로교차점,0,무,126.8397197,37.5545628,185837.4537,450571.9914
1150023000,화곡로_공항대로_진출1,101,도로교차점,0,무,126.8518087,37.5548212,186905.7036,450598.9108
1150023100,공항대로_화곡로_진입1,101,도로교차점,0,무,126.8516848,37.5548654,186894.7633,450603.8412
1150023200,엘림교회교육관,101,도로교차점,0,무,126.870175,37.55475,188528.5511,450588.6137
1150023300,강서농산물도매시장청과물동,101,도로교차점,0,무,126.8213606,37.5548621,184215.2904,450608.1271
1150023400,대창빌딩,101,도로교차점,1,유,126.8164444,37.5549559,183780.9099,450619.3798
1150023500,공항동천주교회앞,101,도로교차점,1,유,126.8124496,37.5549826,183427.933,450623.0386
1150023600,우장산공원입구,101,도로교차점,1,유,126.8370519,37.5548367,185601.7793,450602.7952
1150023700,수협이용원,101,도로교차점,0,무,126.8184341,37.554984,183956.7259,450622.158
1150023800,말씀의교회,101,도로교차점,1,유,126.8657531,37.5551298,188137.8873,450631.3102
1150023900,등촌동현대아파트,101,도로교차점,0,무,126.8547286,37.5550896,187163.7529,450628.3039
1150024000,우장산현대타운,101,도로교차점,0,무,126.8397927,37.5551167,185844.0092,450633.4513
1150024100,강서농산물도매시장과실동,101,도로교차점,0,무,126.8218583,37.5552311,184259.3436,450649.0053
1150024200,한마음삼성아파트,101,도로교차점,0,무,126.8680432,37.5553083,188340.2675,450650.8364
1150024300,화곡로_공항대로_진입1,101,도로교차점,0,무,126.8534975,37.5554649,187055.035,450670.1223
1150024400,조흥은행등촌동지점,101,도로교차점,1,유,126.8539755,37.5553553,187097.2574,450657.8983
1150024500,동아빌딩,101,도로교차점,1,유,126.8372378,37.555404,185618.3191,450665.7305
1150024600,공항대로_화곡로_진입2,101,도로교차점,0,무,126.8521995,37.5555144,186940.3561,450675.8026
1150024700,수명파크2단지,101,도로교차점,0,무,126.8263596,37.5554395,184657.119,450671.3838
1150024800,염창우성1차아파트,101,도로교차점,0,무,126.8710582,37.5555047,188606.7035,450672.2677
1150024900,공항대로_화곡로_진출1,101,도로교차점,0,무,126.8535525,37.5555637,187059.9143,450681.0855
1150025000,화곡로_공항대로_진출2,101,도로교차점,0,무,126.8520762,37.5555598,186929.4689,450680.8508
1150025100,공항대로_화곡로_진출2,101,도로교차점,0,무,126.8526777,37.5557541,186982.6464,450702.3394
1150025200,김포공항내부7,103,속성변화점,0,무,126.8083356,37.555602,183064.5568,450692.5185
1150025300,강서농수산물도매시장시장도매인,101,도로교차점,0,무,126.8211492,37.5559322,184196.8357,450726.9332
1150025400,화곡로_공항대로_진입2,101,도로교차점,0,무,126.8527332,37.5558528,186987.5656,450713.2849
1150025500,강서구청입구,101,도로교차점,1,유,126.8523573,37.5559263,186954.3661,450721.4932
1150025600,화곡로_공항대로_진입2,101,도로교차점,0,무,126.85199,37.5559968,186921.9229,450729.3649
1150025700,천지연골프연습장,101,도로교차점,0,무,126.8688713,37.5560291,188413.5572,450730.7408
1150025800,화곡로_공항대로_진출2,101,도로교차점,0,무,126.8526479,37.5563207,186980.1176,450765.2236
1150025900,공항대로_화곡로_진출1,101,도로교차점,0,무,126.8511305,37.5563,186846.0329,450763.1404
1150026000,염창IC,108,IC 및 JC,0,무,126.8724555,37.5566637,188730.3484,450800.7353
1150026100,공항빗물펌프장,101,도로교차점,1,유,126.816395,37.5564189,183776.8617,450781.7603
1150026300,화곡로_공항대로_진입1,101,도로교차점,0,무,126.8511855,37.5563989,186850.9122,450774.1036
1150026400,중동대로삼거리,101,도로교차점,0,무,126.7690707,37.5565437,179595.3663,450804.8322
1150026600,용유통,101,도로교차점,1,유,126.8183671,37.5566753,183951.1696,450809.8802
1150026800,증미역,101,도로교차점,1,유,126.8630775,37.556818,187901.7462,450819.0324
1150026900,공항대로_화곡로_진입1,101,도로교차점,0,무,126.8529936,37.5569501,187010.7651,450835.032
1150027000,화곡로_공항대로_진출1,101,도로교차점,0,무,126.8528691,37.5569934,186999.7774,450839.8559
1150027100,김포공항내부31,101,도로교차점,0,무,126.8069131,37.5568369,182939.144,450829.8376
1150027300,강서농산물도매시장고추마늘동,101,도로교차점,1,유,126.8227991,37.5572005,184342.886,450867.4272
1150027500,KBS88체육관,101,도로교차점,1,유,126.848618,37.5572568,186624.2003,450869.6926
1150027700,명륜공업(주)앞,101,도로교차점,0,무,126.856124,37.557506,187287.4621,450896.3026
1150027800,88체육관,101,도로교차점,1,유,126.8444991,37.5579518,186260.3975,450947.4141
1150027900,김포공항내부21,101,도로교차점,0,무,126.8066394,37.5579421,182915.2116,450952.5453
1150028000,경복여자정보산업고교,101,도로교차점,1,유,126.8535428,37.5580852,187059.4889,450960.9401
1150028100,김포공항내부19,101,도로교차점,0,무,126.8060692,37.5580002,182864.8462,450959.0975
1150028300,서낭당공원,101,도로교차점,1,유,126.8491979,37.5582856,186675.621,450983.7948
1150028400,김포공항내부33,103,속성변화점,0,무,126.804852,37.5583579,182757.3835,450999.0289
1150028600,삼성홈플러스강서점,101,도로교차점,1,유,126.853702,37.5583752,187073.6125,450993.1106
1150028800,김포공항내부32,101,도로교차점,0,무,126.8066391,37.5584305,182915.2973,451006.7558
1150029000,발산역,101,도로교차점,1,유,126.8382356,37.5585751,185707.0865,451017.5288
1150029400,경복여고교앞,101,도로교차점,0,무,126.8518255,37.5587567,186907.8728,451035.7062
1150029500,등촌3동사무소,101,도로교차점,0,무,126.8471305,37.5588408,186493.0582,451045.7075
1150029800,내발산사거리,101,도로교차점,1,유,126.8267533,37.5589159,184692.6242,451057.162
1150029900,등촌성당,101,도로교차점,0,무,126.8452454,37.5590214,186326.5291,451066.0275
1150030000,공항지하차도(남측),104,도로시설물,0,무,126.8077828,37.5596916,183016.6373,451146.5178
1150030100,동명중학교앞사거리,101,도로교차점,0,무,126.8436353,37.5591509,186184.2888,451080.6325
1150030300,그랜드백화점강서점,101,도로교차점,0,무,126.8412002,37.5593965,185969.1821,451108.2551
1150030400,강서구청별관입구,101,도로교차점,1,유,126.8581415,37.5594966,187466.0562,451116.9655
1150030500,(주)정진공영,101,도로교차점,0,무,126.8396007,37.5595953,185827.8977,451130.5595
1150030600,강서구민올림픽체육센타,101,도로교차점,0,무,126.8500523,37.5595669,186751.3449,451125.8764
1150030700,그랜드마트,101,도로교차점,0,무,126.8386087,37.5597034,185740.2642,451142.7039
1150030800,마곡역,101,도로교차점,1,유,126.8268593,37.5597128,184702.1503,451145.5906
1150030900,세현고등학교,101,도로교차점,0,무,126.8627859,37.5601991,187876.527,451194.3314
1150031100,등촌주공3단지,101,도로교차점,0,무,126.8414777,37.5602431,185993.8579,451202.1776
1150031200,강서요양병원,101,도로교차점,1,유,126.8548885,37.5605281,187178.8079,451231.8923
1150031300,진성프라자,101,도로교차점,0,무,126.839931,37.5605677,185857.2632,451238.4303
1150031400,주공아파트602동,101,도로교차점,0,무,126.8482554,37.5605644,186592.7534,451236.8428
1150031500,공항초교(연동),101,도로교차점,1,유,126.817728,37.5606251,183895.5469,451248.3783
1150031600,공항중학교,101,도로교차점,1,유,126.8164399,37.5607662,183781.7758,451264.2533
1150031800,재인제작소,101,도로교차점,1,유,126.838966,37.5607953,185772.0428,451263.8335
1150031900,우경빌딩,101,도로교차점,0,무,126.8400381,37.5608768,185866.7882,451272.7204
1150032100,가양역,101,도로교차점,1,유,126.8551724,37.5610423,187203.9832,451288.9199
1150032200,김포공항내부24,101,도로교차점,0,무,126.8047455,37.5611116,182748.6095,451304.6772
1150032300,유석초등교앞,101,도로교차점,0,무,126.8531969,37.5612343,187029.4755,451310.503
1150032700,김포공항내부3,101,도로교차점,0,무,126.8009777,37.5613568,182415.763,451332.5908
1150032800,올림픽대로-허준길램프(1),108,IC 및 JC,0,무,126.8659295,37.5612848,188154.4468,451314.4278
1150032900,김포공항입구,101,도로교차점,1,유,126.8079436,37.5616603,183031.2915,451364.9954
1150033100,남부건설산업,101,도로교차점,1,유,126.8164997,37.5616506,183787.2446,451362.4023
1150033200,김포공항입구,101,도로교차점,1,유,126.8071401,37.5617475,182960.3178,451374.8121
1150033500,상아어린이집,101,도로교차점,0,무,126.8403455,37.5618073,185894.1182,451375.9451
1150033700,청호빌딩,101,도로교차점,0,무,126.8399709,37.5618832,185861.0379,451384.4277
1150033800,고교부지4R,101,도로교차점,0,무,126.8449608,37.561969,186301.9228,451393.2119
1150033900,김포공항내부23,101,도로교차점,0,무,126.8052834,37.5619394,182796.3218,451396.4508
1150034200,국민연금관리공단,101,도로교차점,1,유,126.8393623,37.562,185807.29,451397.4855
1150034400,가양아파트,104,도로시설물,0,무,126.8555631,37.5617771,187238.6268,451370.4246
1150034600,주공아파트앞,101,도로교차점,0,무,126.8510905,37.5622397,186843.5469,451422.3823
1150034800,김포공항,101,도로교차점,0,무,126.7995945,37.5624929,182293.8215,451458.9419
1150034900,김포공항내부25,101,도로교차점,0,무,126.8029855,37.5622967,182593.3794,451436.5308
1150035000,김포공항내부13,101,도로교차점,0,무,126.7985941,37.5626361,182205.4669,451475.0216
1150035300,초원교회R,101,도로교차점,0,무,126.8422398,37.5627444,186061.6586,451479.6779
1150035500,호서전산전문학교,101,도로교차점,0,무,126.840649,37.5627261,185921.1079,451477.884
1150035600,공항중,101,도로교차점,1,유,126.8165197,37.5627268,183789.2445,451481.8484
1150035700,가양대교남단,108,IC 및 JC,0,무,126.8622476,37.5634667,187829.4978,451557.0566
1150035800,가양대교남단,108,IC 및 JC,0,무,126.8630324,37.563232,187898.7965,451530.9108
1130037900,성산로-일반국도48호선진출로,101,도로교차점,0,무,126.9161429,37.5665196,192591.4824,451890.2793
1130038000,성사중입구,101,도로교차점,0,무,126.9138283,37.5667037,192387.014,451910.9061
1130038100,성산로-일반국도48호선진입로,101,도로교차점,0,무,126.9158485,37.5666599,192565.4829,451905.8842
1130038200,월드컵공원,101,도로교차점,1,유,126.8927929,37.5667395,190528.6069,451916.7864
1130038300,사천고가차도(동측),101,도로교차점,0,무,126.9208831,37.5667666,193010.2837,451917.3307
1130038400,연남교_연남동길_진출,101,도로교차점,0,무,126.9174335,37.5671472,192705.5648,451959.8387
1130038500,월드컵경기장_증산로_진출,101,도로교차점,0,무,126.8931802,37.5670727,190562.8628,451953.7296
1130038600,월드컵경기장_일반국도1호선_진,101,도로교차점,0,무,126.8944428,37.5671142,190674.419,451958.2058
1130038700,사천교동측,101,도로교차점,1,유,126.9171341,37.567163,192679.1146,451961.618
1130038800,월드컵경기장_증산로_진입,101,도로교차점,0,무,126.8930702,37.5671362,190553.1555,451960.7843
1130038900,월드컵경기장_일반국도1호선_진,101,도로교차점,0,무,126.8945236,37.5672011,190681.5617,451967.8485
1130039000,모래내지하차도(남측),104,도로시설물,0,무,126.9146329,37.5669606,192458.1209,451939.3488
1130039100,연남교,101,도로교차점,1,유,126.9168104,37.5673738,192650.5395,451985.0336
1130039200,성원초교,101,도로교차점,0,무,126.9043839,37.5674532,191552.7149,451994.8894
1130039300,사천교_일반국도48호선_진출,101,도로교차점,0,무,126.9187573,37.5674211,192822.5427,451990.1351
1130039400,연남교_홍제천변길_진입,101,도로교차점,0,무,126.9170686,37.5675914,192673.3692,452009.1666
1130039500,월드컵경기장,101,도로교차점,1,유,126.8936462,37.5676762,190604.1096,452020.6698
1130039700,마포구-서대문구경계(4),105,행정경계,0,무,126.9171439,37.5682388,192680.0828,452081.0196
1130039800,사천교동측,105,행정경계,1,유,126.9173864,37.5680461,192701.4852,452059.6055
1130039900,월드컵경기장_난지도길_진출,101,도로교차점,0,무,126.892904,37.5681184,190538.5965,452069.8219
1130040000,마포구-서대문구경계(5),105,행정경계,0,무,126.9161365,37.5681663,192591.0823,452073.0436
1130040100,성산2동새마을금고,101,도로교차점,1,유,126.9079192,37.5681395,191865.1223,452070.7588
1130040200,월드컵경기장_난지도길_진입,101,도로교차점,0,무,126.8929931,37.5682,190546.4819,452078.8673
1130040300,월드컵경기장_일반국도1호선_진,101,도로교차점,0,무,126.8942037,37.5682096,190653.4316,452079.8088
1130040400,성산램프(내부순환로),105,행정경계,0,무,126.9172495,37.5681702,192689.4068,452073.3987
1130040500,월드컵경기장_일반국도1호선_진,101,도로교차점,0,무,126.8940928,37.5682721,190643.6447,452086.7526
1130040600,성진고가차도(동측),104,도로시설물,0,무,126.9073754,37.5683501,191817.1004,452094.1745
1130040700,노을공원,108,IC 및 JC,0,무,126.8776789,37.5680938,189193.5269,452068.7338
1130040800,대림아파트 상가,101,도로교차점,0,무,126.9081846,37.5685172,191888.6042,452112.6513
1130041000,월드컵경기장입구,103,속성변화점,0,무,126.8946463,37.5688009,190692.602,452145.3947
1130041100,성사중학교,101,도로교차점,1,유,126.913098,37.5689623,192322.7201,452161.6434
1130041200,성진고가차도(서측),104,도로시설물,0,무,126.9045618,37.5694206,191568.6561,452213.2372
1130041400,성산시영아파트(성산동),101,도로교차점,0,무,126.9024382,37.5695702,191381.0662,452230.0383
1130041500,난지천공원길삼거리,101,도로교차점,0,무,126.8806451,37.5696006,189455.7902,452235.6272
1130041600,백명Trandy아파트,101,도로교차점,0,무,126.9066558,37.5696239,191753.6664,452235.6166
1130041700,하늘공원삼거리2,101,도로교차점,1,유,126.8810427,37.5700623,189490.9853,452286.8242
1130041800,월드컵터널(남측),104,도로시설물,0,무,126.8952903,37.5695252,190749.5887,452225.7166
1130041900,성산소방파출소앞,101,도로교차점,0,무,126.9031411,37.5702633,191443.2434,452306.8999
1130042100,월드컵터널,103,속성변화점,0,무,126.8962752,37.5706745,190836.7373,452353.1868
1130042200,현대아파트,101,도로교차점,0,무,126.9076426,37.5708584,191840.9791,452372.5388
1130042300,성산현대APT,101,도로교차점,0,무,126.9079065,37.5712183,191864.3286,452412.4689
1130042400,대우아파트(중동),101,도로교차점,0,무,126.9016699,37.5713488,191313.3927,452427.5028
1130042500,중암중3거리,101,도로교차점,0,무,126.9056691,37.5724967,191666.8167,452554.5504
1130042600,증산로_월드컵북로_진출,101,도로교차점,0,무,126.89856,37.5730453,191038.8685,452616.0883
1130042700,월드컵북로_증산로_진입,101,도로교차점,0,무,126.8984501,37.5731087,191029.1617,452623.1436
1130042800,난지IC(강변북로),108,IC 및 JC,0,무,126.8697893,37.5724083,188497.1896,452548.5221
1130042900,월드컵파크3단지,101,도로교차점,1,유,126.8881391,37.5730169,190118.2916,452613.9854
1130043000,강변북로-구룡로램프(4),108,IC 및 JC,0,무,126.8685044,37.5733963,188383.8282,452658.3382
1130043100,증산로_월드컵북로_진입,101,도로교차점,0,무,126.8992442,37.5731391,191099.3171,452626.4349
1130043200,상암사거리,101,도로교차점,1,유,126.8988218,37.5734246,191062.0354,452658.1674
1130043300,월드컵북로_증산로_진출,101,도로교차점,0,무,126.8983553,37.5736157,191020.8544,452679.4178
1130043400,증산로_월드컵북로_진입,101,도로교차점,0,무,126.8984326,37.5737046,191027.6916,452689.2795
1130043500,증산로_월드컵북로_진출,101,도로교차점,0,무,126.8990563,37.5737648,191082.795,452695.9008
1130043600,한국지역난방공사,101,도로교차점,1,유,126.8833612,37.5736928,189696.3024,452689.5208
1130043700,강변북로-구룡로램프(1),108,IC 및 JC,0,무,126.8641238,37.5734862,187996.8726,452668.8696
1130043800,강변북로-구룡로램프(10),108,IC 및 JC,0,무,126.8640065,37.5735408,187986.519,452674.9448
1130043900,강변북로-구룡로램프(2),108,IC 및 JC,0,무,126.8653915,37.5740001,188108.9405,452725.7489
1130044000,강변북로-구룡로램프(5),108,IC 및 JC,0,무,126.8673744,37.5742974,188284.1457,452758.4962
1130044100,중동교_일반국도1호선_진출,101,도로교차점,0,무,126.8993494,37.5738964,191108.701,452710.4779
1130044200,DMC단지(I5),101,도로교차점,1,유,126.8973439,37.5742383,190931.5783,452748.6154
1130044300,강변북로-구룡로램프(9),108,IC 및 JC,0,무,126.8640677,37.5746822,187992.1024,452801.6207
1130044400,중동교,104,도로시설물,0,무,126.899652,37.5743224,191135.4802,452757.733
1130044500,DMC단지(I3),101,도로교차점,0,무,126.8996567,37.5749078,191135.9693,452822.6989
1130044600,월드컵파크2단지,101,도로교차점,1,유,126.8900995,37.5749075,190291.7149,452823.6157
1130044700,중동청구아파트,101,도로교차점,0,무,126.901435,37.5749688,191293.066,452829.3135
1130044800,DMC단지(I4),101,도로교차점,0,무,126.898144,37.5749839,191002.3545,452831.2978
1130044900,강변북로-구룡로램프(6),108,IC 및 JC,0,무,126.8662979,37.5750965,188189.1809,452847.3216
1130045000,가양대교북단,108,IC 및 JC,0,무,126.8655271,37.5748442,188121.0473,452819.4099
1130045100,중동교_성암로_진입,101,도로교차점,0,무,126.9008911,37.5753067,191245.0574,452866.857
1130045200,가양대교북단,108,IC 및 JC,0,무,126.8641076,37.5759187,187995.8238,452938.8553
1130045300,랜드마크빌딩(공사예정),101,도로교차점,1,유,126.8892053,37.5754853,190212.7966,452887.8372
1130045400,팬택계열 R&D 센터,101,도로교차점,0,무,126.8987161,37.5755178,191052.9562,452890.4985
1130045500,수색승무관리소,101,도로교차점,1,유,126.9002493,37.5757052,191188.4137,452911.1533
1130045600,상암어린이집,101,도로교차점,1,유,126.8948004,37.5757238,190707.0776,452913.744
1130045700,마포구-서대문구경계(6),105,행정경계,0,무,126.9024802,37.5760838,191385.524,452952.9652
1130045800,월드컵파크4단지,101,도로교차점,1,유,126.8883696,37.5760209,190139.0438,452947.3686
1130045900,상암빌라,101,도로교차점,0,무,126.8979329,37.5760893,190983.8336,452953.9986
1130046000,수색역서측,101,도로교차점,0,무,126.8994797,37.5762244,191120.486,452968.8538
1130046100,강변북로-구룡로램프(7),108,IC 및 JC,0,무,126.8668104,37.5765862,188234.6844,453012.5891
1130046200,강변북로-구룡로램프(8),108,IC 및 JC,0,무,126.8667081,37.5766574,188225.6588,453020.5038
1130046300,상암초등학교,101,도로교차점,1,유,126.891648,37.5764665,190428.7058,452996.4842
1130046400,마포구-은평구경계(1),105,행정경계,0,무,126.9018047,37.5765192,191325.9077,453001.3499
1130046500,상암6단지,103,속성변화점,0,무,126.8876274,37.5765744,190073.5593,453008.8843
1130046600,중소기업글로벌지원센터,101,도로교차점,1,유,126.8986581,37.576793,191047.9834,453032.0373
1130046700,DMC 이안상암2단지,101,도로교차점,0,무,126.8907605,37.5770422,190350.3802,453060.4782
1130046800,상암초교,101,도로교차점,1,유,126.8923565,37.5771511,190491.3769,453072.3999
1130046900,난지천공원입구,101,도로교차점,1,유,126.8809943,37.5773953,189487.7354,453100.7139
1130047000,상암월드교회,101,도로교차점,0,무,126.8977274,37.5774372,190965.8419,453103.6208
1130047100,DMC 이안상암1단지,101,도로교차점,1,유,126.8899136,37.5775778,190275.6352,453120.0096
1130047200,마포구-고양시경계(2),105,행정경계,0,무,126.868539,37.5776948,188387.5533,453135.4239
1130047300,상암8단지,103,속성변화점,0,무,126.8814734,37.5777887,189530.1098,453144.3225
1130047400,상암동주민센터,101,도로교차점,1,유,126.8931603,37.5779504,190562.4838,453161.0355
1130047500,디지털미디어시티,101,도로교차점,1,유,126.8905492,37.5782187,190331.8639,453191.0715
1130047600,상암중학교,101,도로교차점,0,무,126.8870682,37.578981,190024.479,453276.0479
1130047700,상암월드컵아파트5단지,101,도로교차점,1,유,126.8878593,37.5798126,190094.4701,453368.2559
1130047900,상암119안전센터,101,도로교차점,0,무,126.8808844,37.5798653,189478.3779,453374.87
1130048200,마포구-고양시경계(4),105,행정경계,1,유,126.8764426,37.5800488,189086.0502,453395.7357
1130048300,서부운전면허시험장,101,도로교차점,0,무,126.8801244,37.5803151,189411.3059,453424.8763
1130048400,LG CNS 상암IT 센터,101,도로교차점,1,유,126.8868418,37.5804182,190004.6708,453435.5842
1130048500,마포구-고양시경계(5),105,행정경계,1,유,126.8766887,37.5804656,189107.8511,453441.9695
1130048700,MBC미디어센터,101,도로교차점,0,무,126.8929843,37.5806131,190547.2702,453456.5757
1130048800,서부운전면허시험장후문,101,도로교차점,0,무,126.879826,37.5805913,189384.9858,453455.5617
1130048900,상암고등학교,101,도로교차점,0,무,126.8842123,37.5808055,189772.4629,453478.8514
1130049000,상암 IT Tower,101,도로교차점,1,유,126.8859581,37.5809442,189926.6838,453494.056
1130049100,삼동소년촌,101,도로교차점,1,유,126.8780729,37.5811822,189230.2233,453521.3443
1130049200,디지털매직스페이스,101,도로교차점,1,유,126.8893812,37.5813241,190229.1015,453535.8582
1130049300,상암동가스충전소,101,도로교차점,1,유,126.8786529,37.5814813,189281.5011,453554.4717
1130049400,월드컵파크6단지,101,도로교차점,1,유,126.8849394,37.5815502,189836.7903,453561.4202
1130049500,한국전력공사,102,도로시.종점,0,무,126.8776881,37.5816805,189196.305,453576.6967
1130049600,DMC단지(B3),101,도로교차점,0,무,126.8883739,37.581906,190140.2014,453600.549
1130049700,DMC VILLE,101,도로교차점,1,유,126.8839308,37.5821508,189747.7835,453628.189
1130049800,MBC 글로벌 미디어 센터,101,도로교차점,1,유,126.8902262,37.582203,190303.8531,453633.3177
1130049900,DMC단지(B2),101,도로교차점,0,무,126.8873982,37.5823735,190054.0793,453652.5397
1130050000,DMC단지(B1),101,도로교차점,1,유,126.8862248,37.5827943,189950.4947,453699.371
1130050400,우리은행 DMC종합지원센터,103,속성변화점,0,무,126.8849572,37.58314,189838.5758,453737.868
1130050600,월드컵파크7단지,101,도로교차점,1,유,126.8820349,37.583306,189580.4808,453756.6138
1130051100,DMC첨단산업센터,101,도로교차점,1,유,126.8870668,37.5836637,190024.9817,453795.7722
1130051300,DMC첨단산업센터,101,도로교차점,1,유,126.8843449,37.5849484,189784.7396,453938.6475
1130051500,하늘초교,103,속성변화점,0,무,126.8787247,37.5852336,189288.3802,453970.9267
1130051600,성산대교북단,108,IC 및 JC,0,무,126.8939007,37.5567814,190625.2256,450811.4481
1130051700,내부순환로입구교차로,108,IC 및 JC,0,무,126.8965663,37.5604484,190861.2099,451218.1781
1130051800,망원동진출입(강변북로),108,IC 및 JC,0,무,126.9009571,37.5522284,191248.1885,450305.4331
1130051900,양화진역사공원,101,도로교차점,0,무,126.9117284,37.5457432,192199.3089,449584.7118
1130052000,월드컵로_양화로_진입,101,도로교차점,0,무,126.912561,37.5489924,192273.2227,449945.2639
1130052100,양화진길_독막로_진입,101,도로교차점,0,무,126.9140174,37.5487742,192401.8954,449920.9208
1130052200,강변북로_서강로_진입,101,도로교차점,0,무,126.930226,37.5448078,193833.8924,449479.5139
1130052300,롯데캐슬프레지던트오피스텔,101,도로교차점,0,무,126.9515365,37.5448041,195717.1532,449477.9215
1140000200,신월IC,103,속성변화점,0,무,126.8348966,37.5255029,185405.6185,447347.4312
1140000300,양화교,101,도로교차점,0,무,126.8799739,37.5476386,189393.3849,449798.1778
1140000900,갈산초교삼거리,101,도로교차점,0,무,126.8711784,37.5111931,188610.5903,445754.2132
1140001000,목동12단지,101,도로교차점,0,무,126.8640095,37.5120492,187976.9119,445850.116
1140001200,양천구청역,101,도로교차점,0,무,126.8676433,37.5133239,188298.3813,445991.1392
1140001400,목동13-14단지,101,도로교차점,1,유,126.8697181,37.5140419,188481.9232,446070.5673
1140001500,목동10-12단지,101,도로교차점,0,무,126.8574568,37.5142218,187397.9378,446092.1107
1140001600,목동12단지,101,도로교차점,0,무,126.8614535,37.5147479,187751.373,446149.9641
1140001700,신정7동주민센터,101,도로교차점,0,무,126.8589627,37.5147393,187531.1661,446149.3466
1140001800,목동14단지,101,도로교차점,0,무,126.8724543,37.5149901,188723.9644,446175.4769
1140001900,목동12-13단지,101,도로교차점,0,무,126.8623999,37.5150749,187835.095,446186.1375
1140002000,양천문화회관,101,도로교차점,0,무,126.8633923,37.5154176,187922.8836,446224.0441
1140002200,목동13단지,101,도로교차점,0,무,126.8653875,37.5161065,188099.3857,446300.2567
1140002300,목동10단지상가,101,도로교차점,0,무,126.8606664,37.5161961,187682.0249,446310.8093
1140002400,양천경찰서,101,도로교차점,0,무,126.8660239,37.5163263,188155.6814,446324.5649
1140002500,목동9-10단지,101,도로교차점,0,무,126.8615972,37.5165139,187764.3629,446345.9594
1140002600,양천구청,101,도로교차점,0,무,126.8673048,37.5167685,188268.9886,446373.4903
1140002700,양천문화회관공영주차장,101,도로교차점,0,무,126.8626141,37.5168656,187854.3231,446384.8519
1140002900,등촌지하차도,101,도로교차점,1,유,126.8681696,37.5170753,188345.4887,446407.4249
1140003000,신정교서단,101,도로교차점,1,유,126.8772407,37.5173616,189147.4682,446438.118
1140003100,신정6동주민센터,101,도로교차점,0,무,126.8646134,37.5175568,188031.1811,446461.313
1140003200,목동9단지,101,도로교차점,0,무,126.8652348,37.5177716,188086.1498,446485.0776
1140003300,목동10단지,101,도로교차점,1,유,126.8537743,37.5182169,187073.067,446536.01
1140003400,양천구의회,101,도로교차점,0,무,126.8665215,37.5182147,188199.9676,446534.0944
1140003500,서울출입국관리사무소,101,도로교차점,0,무,126.8699927,37.5185196,188506.8849,446567.4981
1140003600,양천공원,101,도로교차점,1,유,126.8674225,37.5185584,188279.6735,446572.1284
1140003800,한국전력강서지점,101,도로교차점,0,무,126.8682052,37.5191868,188348.9642,446641.7784
1140003900,신월문하체육센터,101,도로교차점,0,무,126.8358922,37.5196342,185492.4923,446695.9273
1140004000,현대프라자,101,도로교차점,0,무,126.8599997,37.5196746,187623.6572,446696.9564
1140004100,양천세무서앞,101,도로교차점,0,무,126.870417,37.5198073,188544.5881,446710.3734
1140004500,목동중학교,101,도로교차점,0,무,126.8706829,37.5210163,188568.2804,446844.5271
1140004700,신서초등교,101,도로교차점,0,무,126.8629708,37.5211618,187886.5477,446861.6334
1140004800,목동8단지아파트,101,도로교차점,0,무,126.8687328,37.5212909,188395.932,446875.2426
1140004900,목동현대아파트,101,도로교차점,1,유,126.8783251,37.5221802,189244.0215,446972.8023
1140005000,강서초교,101,도로교차점,0,무,126.8430659,37.5222533,186127.1478,446985.5315
1140005400,목동초교,101,도로교차점,0,무,126.871156,37.5231515,188610.4255,447081.4484
1140005500,목동성당,101,도로교차점,0,무,126.8692876,37.5235321,188445.3256,447123.9119
1140005600,진도아파트,101,도로교차점,0,무,126.8686209,37.5239694,188386.4557,447172.5292
1140005800,오목교서측,101,도로교차점,1,유,126.8780121,37.5241464,189216.6344,447191.0608
1140005900,오목교역,101,도로교차점,0,무,126.8760983,37.5244428,189047.5096,447224.1726
1140006400,현대백화점목동점,101,도로교차점,0,무,126.875808,37.5258535,189022.0554,447380.7808
1140006500,목동현대하이페리온,101,도로교차점,0,무,126.8738928,37.5261701,188852.8055,447416.1446
1140006800,목동7단지,101,도로교차점,0,무,126.870037,37.5267734,188512.07,447483.5716
1140006900,목운초교,101,도로교차점,0,무,126.8741155,37.5271522,188872.6335,447525.1218
1140007000,목운중학교,101,도로교차점,0,무,126.8721406,37.5274481,188698.1108,447558.1999
1140007100,목동주차장,101,도로교차점,0,무,126.8761975,37.5275646,189056.736,447570.647
1140007200,CBS방송국,101,도로교차점,0,무,126.8742743,37.5278528,188886.7772,447602.8575
1140007400,서울이동통신,101,도로교차점,0,무,126.8722964,37.5281219,188711.9832,447632.9633
1140007600,비전프라자,101,도로교차점,0,무,126.8703818,37.5284034,188542.7928,447664.4376
1140007700,오목공원,101,도로교차점,0,무,126.8744365,37.528562,188901.2199,447681.5465
1140007900,KT정보전산센터,101,도로교차점,0,무,126.8724636,37.5288454,188726.8787,447713.2403
1140008100,SBS방송센터,101,도로교차점,0,무,126.8746594,37.5295513,188921.0681,447791.3245
1140008400,양천소방서,101,도로교차점,0,무,126.8726974,37.5298562,188747.6893,447825.396
1140008500,KT목동빌딩,101,도로교차점,0,무,126.8767708,37.5300608,189107.7743,447847.623
1140008600,목동대원칸타빌3단지,101,도로교차점,0,무,126.8674091,37.5303985,188280.3408,447886.2352
1140008700,홈플러스목동점,101,도로교차점,0,무,126.8748399,37.5303466,188937.139,447879.5719
1140008900,목동청소년수련관,101,도로교차점,0,무,126.8749852,37.5309868,188950.0762,447950.6115
1140009000,목동근린공원,101,도로교차점,0,무,126.8770546,37.5312943,189133.0372,447984.4972
1140009100,목동5.6단지앞,101,도로교차점,0,무,126.8835532,37.5319062,189707.5198,448051.6821
1140009200,5단지진입로앞,101,도로교차점,1,유,126.8808144,37.5320151,189465.4565,448064.0664
1140009300,양천우체국,101,도로교차점,0,무,126.8754179,37.5328936,188988.6068,448162.1881
1140009400,목동3-4단지,101,도로교차점,0,무,126.8697391,37.5331426,188486.7162,448190.5066
1140009500,목5동성당,101,도로교차점,0,무,126.8776093,37.5336801,189182.4108,448249.231
1140009600,양천도서관,101,도로교차점,0,무,126.8756638,37.5339769,189010.4975,448282.3922
1140009700,목5동주민센터,101,도로교차점,0,무,126.8784392,37.5348828,189255.9299,448382.6209
1140009800,가로공원로부천시계,105,행정경계,0,무,126.8218222,37.5349521,184251.885,448398.2814
1140009900,목동5단지,101,도로교차점,0,무,126.8797777,37.5353702,189374.302,448436.5598
1140010000,목동2.3단지,101,도로교차점,0,무,126.8764856,37.5355624,189083.3671,448458.2695
1140010100,목동5단지상가,101,도로교차점,0,무,126.8808229,37.5357345,189466.7336,448476.8774
1140010200,신월사거리,101,도로교차점,1,유,126.8283432,37.5358926,184828.4358,448501.6005
1140010300,목동부영그린타운,101,도로교차점,0,무,126.8819023,37.5361107,189562.1863,448518.5127
1140010400,목동2단지,101,도로교차점,0,무,126.8773307,37.5361618,189158.1397,448524.7025
1140010600,신목중학교,101,도로교차점,0,무,126.8715114,37.5365881,188643.879,448572.698
1140010800,목동1.2단지,101,도로교차점,0,무,126.8800311,37.5371708,189396.9529,448636.3816
1140010900,이대목동병원,101,도로교차점,1,유,126.8852703,37.5372845,189860.0166,448648.4226
1140011000,목동극동아파트,101,도로교차점,0,무,126.8726234,37.5375476,188742.3042,448679.0607
1140011100,월촌중학교,101,도로교차점,0,무,126.881118,37.5375459,189493.0704,448677.8833
1140011300,도시개발공사,101,도로교차점,0,무,126.8831489,37.538245,189672.6627,448755.2476
1140011500,화곡로부천시계,105,행정경계,0,무,126.8223766,37.5392118,184301.7782,448870.9676
1140011800,월촌초교앞,101,도로교차점,0,무,126.8750226,37.539881,188954.6989,448937.7576
1140011900,한신청구아파트앞,101,도로교차점,0,무,126.8800054,37.5422688,189395.4052,449202.1959
1140012100,신목동역,101,도로교차점,0,무,126.8826429,37.5449407,189628.8706,449498.4539
1140012200,궁동터널(동측),104,도로시설물,0,무,126.8330801,37.5065347,185241.3136,445242.4797
1140012300,신정빌딩,101,도로교차점,1,유,126.871471,37.5067435,188635.7895,445260.3229
1140012400,신정로오거리,101,도로교차점,0,무,126.8370687,37.5067799,185594.0291,445269.0789
1140012500,신정로삼거리,101,도로교차점,0,무,126.8351605,37.5068652,185425.3206,445278.8324
1140012600,양천권역공영차고지,102,도로시.종점,0,무,126.8377542,37.5071906,185654.7148,445314.5512
1140012700,궁동터널입구,101,도로교차점,1,유,126.8382931,37.5070733,185702.3399,445301.4543
1140012800,서부화물트럭터미널A동,101,도로교차점,0,무,126.8381393,37.5073283,185688.7913,445329.7759
1140012900,오금지하차도(남측),104,도로시설물,0,무,126.8717658,37.5076306,188661.9833,445358.7481
1140013000,양천공영차고지,102,도로시.종점,0,무,126.8370783,37.5083768,185595.1835,445446.314
1140013100,서부화물트럭터미널C동,101,도로교차점,0,무,126.8376174,37.5085569,185642.8837,445466.222
1140013200,신정2동현대A.P.T,101,도로교차점,1,유,126.8416906,37.5087724,186003.058,445489.5208
1140013800,서부트럭터미널,101,도로교차점,1,유,126.8429223,37.5091929,186112.0303,445536.0062
1140014000,예성교회,101,도로교차점,1,유,126.8675097,37.5093558,188285.9459,445550.7482
1140014200,서부화물트럭터미널창고A동,101,도로교차점,0,무,126.8371794,37.5093961,185604.3116,445559.4236
1140014400,금옥여고사거리,101,도로교차점,1,유,126.8438645,37.5095145,186195.393,445571.5672
1140014500,목동고등학교,101,도로교차점,0,무,126.8615919,37.5094746,187762.7489,445564.6786
1140014600,오금교서단,101,도로교차점,1,유,126.8725117,37.509643,188728.2351,445582.004
1140014700,양천아파트,101,도로교차점,0,무,126.8628582,37.50995,187874.7826,445617.2822
1140014800,동일하이빌아파트206동,101,도로교차점,0,무,126.8409721,37.510209,185939.7934,445649.0725
1140014900,열방교회교육원,101,도로교차점,1,유,126.8415926,37.5103976,185994.6945,445669.9085
1140015100,은정초교,101,도로교차점,0,무,126.8671756,37.5104282,188256.5771,445669.811
1140015200,푸른마을3단지아파트,101,도로교차점,1,유,126.8364472,37.5106021,185539.8087,445693.3903
1140015300,한성교회,101,도로교차점,1,유,126.842294,37.5106259,186056.7453,445695.143
1140015400,갈산초교삼거리_등촌로_진입,101,도로교차점,1,유,126.8714499,37.5107534,188634.5263,445705.371
1140015500,계남초등교,101,도로교차점,1,유,126.8606691,37.5109038,187681.3894,445723.4289
1140015600,치안연구소,101,도로교차점,0,무,126.8431497,37.5109561,186132.466,445731.6686
1140015800,양천 삼성아파트,101,도로교차점,0,무,126.8696792,37.5111295,188478.0338,445747.334
1140016000,동일하이빌아파트104동,101,도로교차점,0,무,126.838385,37.5112306,185711.2591,445762.8436
1140016100,오금지하차도(북측),104,도로시설물,0,무,126.8738704,37.5113828,188848.6207,445774.9385
1140016300,서울신기초등학교,101,도로교차점,0,무,126.8541977,37.5116623,187109.3643,445808.4766
1140016400,방산빌딩,101,도로교차점,0,무,126.8403962,37.511868,185889.1917,445833.2891
1140016600,푸른마을1단지아파트,101,도로교차점,1,유,126.8358454,37.511981,185486.8721,445846.5153
1140016700,신정동 성도교회,101,도로교차점,1,유,126.8409102,37.5120363,185934.6663,445851.8854
1140016800,신트리3단지,101,도로교차점,0,무,126.8516717,37.5122244,186886.142,445871.2143
1140016900,수정아파트 103동,101,도로교차점,1,유,126.8415803,37.5122556,185993.9563,445876.1314
1140017000,동일프라자,101,도로교차점,0,무,126.8378812,37.512392,185666.9413,445891.8282
1140017100,지향초등학교,101,도로교차점,0,무,126.8372451,37.5124746,185610.7172,445901.0887
1140017200,목동신시가지아파트11단지,101,도로교차점,1,유,126.8564563,37.5126919,187309.2309,445922.4461
1140017300,푸른마을4단지아파트,101,도로교차점,0,무,126.8400165,37.5127436,185855.788,445930.5236
1140017400,신트리현대아파트501동앞,101,도로교차점,1,유,126.8535478,37.5128773,187052.1223,445943.4194
1140017500,목일중학교앞,101,도로교차점,1,유,126.8754534,37.5132507,188988.8557,445982.072
1140017600,신트리공원앞,101,도로교차점,1,유,126.8558597,37.513673,187256.6493,446031.412
1140017700,신서중학교,101,도로교차점,1,유,126.8551611,37.51508,187195.1284,446187.6633
1140017800,강월초교,101,도로교차점,1,유,126.8350628,37.515734,185418.4129,446263.1794
1140017900,등촌지하차도(남측),104,도로시설물,0,무,126.8692316,37.5149997,188439.0606,446176.93
1140018000,신정동쌍용아파트_안양천길_진출,101,도로교차점,0,무,126.8771845,37.5162232,189142.3324,446311.7804
1140018100,신월지하차도(남측),101,도로교차점,1,유,126.8382623,37.5167245,185701.4589,446372.623
1140018200,양천구-영등포구경계(1),105,행정경계,0,무,126.8797453,37.5167369,189368.7936,446368.5016
1140018300,신월시영아파트,102,도로시.종점,0,무,126.8345953,37.5166803,185377.266,446368.2798
1140018400,신정동쌍용아파트_도림천로_진입,101,도로교차점,0,무,126.8786198,37.5169668,189269.3276,446394.1421
1140018500,신안아파트2동,101,도로교차점,0,무,126.8484952,37.5169984,186606.1516,446401.5177
1140018600,강월초교입구,101,도로교차점,1,유,126.8394243,37.5170658,185804.2497,446410.3262
1140018700,신정동쌍용아파트_도림천로_진출,101,도로교차점,0,무,126.8786611,37.5170698,189272.9967,446405.5674
1140018800,신월상가빌딩,101,도로교차점,0,무,126.8402647,37.5172595,185878.5811,446431.6932
1140018900,신월지하차도(북측),104,도로시설물,0,무,126.8405459,37.5174071,185903.4686,446448.0294
1140019000,신정3평화은행,101,도로교차점,1,유,126.8540699,37.5175484,187099.0844,446461.7722
1140019100,신정동현대아파트,101,도로교차점,1,유,126.8760506,37.5176643,189042.2961,446471.8524
1140019200,신정동쌍용아파트_안양천길_진입,101,도로교차점,0,무,126.8774278,37.5184369,189164.16,446557.4402
1140019300,신정교서단,104,도로시설물,1,유,126.8745236,37.5180489,188907.3584,446514.715
1140019400,신정제1동 주민센터,101,도로교차점,0,무,126.854046,37.5182985,187097.0979,446545.0266
1140019500,신정동대림아파트,101,도로교차점,0,무,126.8739881,37.5183562,188860.0663,446548.8841
1140019600,중앙빌딩,101,도로교차점,1,유,126.8703995,37.5183861,188542.8303,446552.6412
1140019700,방주교회,101,도로교차점,0,무,126.8558776,37.5188484,187259.1136,446605.8161
1140019800,양천중학교,102,도로시.종점,0,무,126.8311487,37.5189582,185073.0166,446621.6365
1140019900,남양아파트,103,속성변화점,0,무,126.844773,37.5194395,186277.5384,446672.9808
1140020000,목동중학교앞,101,도로교차점,1,유,126.8725071,37.5198069,188729.3619,446710.0686
1140020100,영동빌딩,101,도로교차점,1,유,126.8361908,37.5199531,185518.9507,446731.2757
1140020200,신곡시장,101,도로교차점,1,유,126.8443517,37.5199739,186240.3908,446732.3534
1140020300,등촌지하차도(북측),104,도로시설물,0,무,126.8663571,37.5206463,188185.8206,446803.9959
1140020400,과학수사연구소입구,101,도로교차점,1,유,126.8377261,37.5210051,185654.8762,446847.7909
1140020500,신정네거리역,101,도로교차점,1,유,126.8525229,37.5210753,186962.9384,446853.4313
1140020600,정빌딩,101,도로교차점,1,유,126.8528763,37.521117,186994.1861,446858.0106
1140020700,해태아파트,101,도로교차점,0,무,126.8437597,37.5210814,186188.2667,446855.3562
1140020800,심도빌딩,101,도로교차점,1,유,126.8457009,37.5211578,186359.8758,446863.5583
1140020900,제일시장앞,101,도로교차점,1,유,126.8544364,37.5213011,187132.1261,446878.2254
1140021000,동원빌딩앞,101,도로교차점,0,무,126.8341597,37.5213597,185339.6687,446887.6976
1140021100,대흥빌딩,101,도로교차점,0,무,126.8346028,37.5215286,185378.8756,446906.3817
1140021200,강서초등교,101,도로교차점,0,무,126.8400479,37.5215481,185860.2265,446907.7073
1140021300,동은빌딩,101,도로교차점,1,유,126.8567198,37.5215592,187334.0221,446906.5702
1140021500,신정웨딩파크,101,도로교차점,1,유,126.85969,37.5218897,187596.6498,446942.8478
1140021700,동방APT앞,101,도로교차점,1,유,126.8467699,37.5220682,186454.545,446964.4464
1140021800,서울남부지방법원,101,도로교차점,1,유,126.8628514,37.5222449,187876.1708,446981.857
1140021900,반석교회,101,도로교차점,0,무,126.8336045,37.5222877,185290.7736,446990.7795
1140022000,월드오피스텔,101,도로교차점,1,유,126.8506191,37.522287,186794.8517,446988.1773
1140022100,노블오피스텔,101,도로교차점,1,유,126.8498108,37.5224039,186723.414,447001.2742
1140022200,선창빌딩앞,101,도로교차점,1,유,126.8368637,37.5223919,185578.901,447001.8435
1140022300,정은스카이빌,101,도로교차점,1,유,126.8475972,37.5225084,186527.7543,447013.1805
1140022400,윤진빌딩,101,도로교차점,0,무,126.850748,37.5225072,186806.2817,447012.5984
1140022500,남부법원검찰청,101,도로교차점,1,유,126.8654087,37.522529,188102.2816,447013.0678
1140022600,명성빌딩,101,도로교차점,1,유,126.8516873,37.5226191,186889.3399,447024.8935
1140022700,신정아이파크,101,도로교차점,1,유,126.8746821,37.5226482,188922.0528,447025.1604
1140022800,신월IC8,108,IC 및 JC,0,무,126.8359093,37.5237871,185494.8029,447156.835
1140022900,신월IC1,108,IC 및 JC,0,무,126.8360304,37.5238359,185505.5187,447162.236
1140023000,서울지방경찰청4기동단,101,도로교차점,0,무,126.8258359,37.5237793,184604.3372,447157.5732
1140023100,양천구-영등포구경계(2),105,행정경계,0,무,126.8798257,37.5238655,189376.9165,447159.6803
1140023200,양천구-부천시경계(3),105,행정경계,0,무,126.8257754,37.5240328,184599.0455,447185.7249
1140023300,양강중교앞,101,도로교차점,1,유,126.850913,37.524075,186821.1478,447186.5839
1140023400,길훈아파트(신월동),101,도로교차점,0,무,126.8314478,37.5241097,185100.4848,447193.3449
1140023500,중부운수,102,도로시.종점,0,무,126.8305898,37.524467,185024.708,447233.1383
1140023600,구선교회,101,도로교차점,1,유,126.8533825,37.5246526,187039.5392,447250.3439
1140023700,목동지하차도(북측),104,도로시설물,0,무,126.8740961,37.5247005,188870.5568,447253.0132
1140023800,신월IC,108,IC 및 JC,0,무,126.8350828,37.5250873,185422.0003,447301.2724
1140023900,신월IC,108,IC 및 JC,0,무,126.8353672,37.5248794,185447.0944,447278.1562
1140024000,신월IC서측(남부순환로양재진출),108,IC 및 JC,0,무,126.8321224,37.5250319,185160.3022,447295.5872
1140024100,신정역,101,도로교차점,1,유,126.8563729,37.5250698,187303.9525,447296.2478
1140024200,오목지하차도(동단),101,도로교차점,1,유,126.8715879,37.525058,188648.9003,447292.9871
1180005200,문래공원,101,도로교차점,1,유,126.8939877,37.5147453,190627.6571,446145.9392
1180005600,근로자회관,101,도로교차점,0,무,126.888799,37.51724,190169.2655,446423.3553
1180005900,윤중중교앞,101,도로교차점,0,무,126.9242419,37.5179868,193302.6636,446503.1257
1180006400,윤중초교앞,101,도로교차점,0,무,126.9206489,37.5194196,192985.163,446662.4051
1180006900,영등포청과시장,101,도로교차점,0,무,126.9010502,37.5205765,191252.7232,446792.4476
1180007000,시범아파트앞,101,도로교차점,0,무,126.9402962,37.5209697,194722.1439,446833.1665
1180007600,원효대교남단,101,도로교차점,1,유,126.9378041,37.5229013,194501.9771,447047.6889
1180008100,문화방송앞,101,도로교차점,1,유,126.9285213,37.5243471,193681.517,447208.738
1180008200,여의도선착장,101,도로교차점,0,무,126.9352246,37.5248517,194274.1042,447264.3169
1180008300,서울남부고용노동지청,101,도로교차점,0,무,126.8906778,37.5249358,190336.3519,447277.2991
1180009000,잠사회관앞,101,도로교차점,1,유,126.9191252,37.5268144,192851.1714,447483.2505
1180009100,여의중고교앞,101,도로교차점,0,무,126.9325813,37.5268706,194040.6089,447488.5517
1180009500,국민일보본사앞,101,도로교차점,0,무,126.9244736,37.5284393,193324.0781,447663.2054
1180009800,수출입은행뒤,101,도로교차점,1,유,126.9234533,37.5294971,193233.9873,447780.6807
1180010200,당서초교,101,도로교차점,1,유,126.8995008,37.5308421,191116.9699,447931.9536
1180010300,서강대교남단,101,도로교차점,0,무,126.9216412,37.5319704,193074.0464,448055.3187
1180010400,당산중교,101,도로교차점,0,무,126.9064366,37.5324545,191730.1988,448110.2755
1180010600,국회북문,108,IC 및 JC,0,무,126.9158742,37.5334361,192564.4579,448218.4347
1180010800,당산역(노들로),101,도로교차점,1,유,126.9033944,37.5358228,191461.6891,448484.3827
1180011000,선유도역,101,도로교차점,0,무,126.8939231,37.5378674,190624.8439,448712.2115
1180011100,구로디지털단지역,101,도로교차점,0,무,126.9002044,37.4860255,191173.8809,442957.8178
1180011200,구로1교,101,도로교차점,1,유,126.8978313,37.4876267,190964.1982,443135.7504
1180011600,대림동우성아파트,101,도로교차점,1,유,126.8999064,37.4948743,191148.5749,443939.9428
1180012100,썬프라자,101,도로교차점,1,유,126.9082834,37.4968408,191889.5784,444157.447
1180012200,도신초교앞,101,도로교차점,1,유,126.9036821,37.4973269,191482.7443,444211.8027
1180012300,썬프라자,101,도로교차점,1,유,126.9082289,37.4973795,191884.8158,444217.243
1180012700,한양식품,101,도로교차점,1,유,126.894109,37.4980489,190636.2967,444292.8421
1180012800,대림3PB,101,도로교차점,1,유,126.8985306,37.4980694,191027.289,444294.6867
1180012900,신길6동사무소,101,도로교차점,1,유,126.9099754,37.4992182,192039.4545,444421.1577
1180013400,신길광장공원앞,101,도로교차점,0,무,126.905434,37.499692,191637.9227,444474.1376
1180013600,기림약국,101,도로교차점,0,무,126.9010309,37.4997622,191248.5869,444482.3295
1180013800,대림3동사거리,101,도로교차점,1,유,126.8977284,37.4999062,190956.5734,444498.6213
1180013900,신풍역1번출구,101,도로교차점,0,무,126.9108265,37.5001039,192114.8058,444519.3955
1180014000,신풍역,101,도로교차점,1,유,126.9088554,37.5001382,191940.5112,444523.3643
1180014200,대영초교,101,도로교차점,1,유,126.9057882,37.5001947,191669.3017,444529.9017
1180014600,청운빌딩,101,도로교차점,1,유,126.9017849,37.5007908,191315.3785,444596.4181
1180014700,성락빌딩,101,도로교차점,1,유,126.8989826,37.5012595,191067.638,444648.6999
1180014800,도림제1빗물펌프장_도림천로_진,101,도로교차점,0,무,126.8934335,37.50212,190577.0769,444744.7513
1180014900,도림제1빗물펌프장_목장길_진입,101,도로교차점,0,무,126.893616,37.5021638,190593.2141,444749.5885
1180015000,대림평강교회,101,도로교차점,1,유,126.8998811,37.5022672,191147.209,444760.4601
1180015100,도림펌프장앞,101,도로교차점,1,유,126.8934128,37.5025847,190575.3021,444796.3288
1180015200,대림현대2차아파트,101,도로교차점,0,무,126.8939016,37.5028732,190618.5561,444828.3013
1180015300,도림제1빗물펌프장후문,101,도로교차점,0,무,126.8933586,37.5030194,190570.5678,444844.5757
1180015400,성락빌딩앞,101,도로교차점,1,유,126.9004704,37.5029795,191199.4008,444839.4648
1180015500,성원아파트,101,도로교차점,1,유,126.8963438,37.5031476,190834.5396,444858.5149
1180015600,영등포청소차고지,101,도로교차점,0,무,126.8937813,37.5033539,190607.9854,444881.6682
1180016000,성원아파트앞,101,도로교차점,1,유,126.8960406,37.5038744,190807.8166,444939.2129
1180016300,한성아파트 정문,101,도로교차점,1,유,126.9212951,37.5041374,193040.8681,444966.2292
1180016500,성락주유소앞,101,도로교차점,1,유,126.9030708,37.5041797,191429.4675,444972.4292
1180016600,신길지하차도(동측),104,도로시설물,0,무,126.9172292,37.5042031,192681.3647,444973.836
1180016800,해군중앙교회,101,도로교차점,1,유,126.9157404,37.5044931,192549.7552,445006.1372
1180016900,신길지하차도(서측),104,도로시설물,0,무,126.9139628,37.5049307,192392.6189,445054.8471
1180017100,도림펌프장앞,104,도로시설물,0,무,126.8935767,37.5051376,190590.1115,445079.6482
1180017200,신도림고가차도앞,101,도로교차점,1,유,126.8979637,37.5052422,190978.0212,445090.8305
1180017300,도림신용협동조합,101,도로교차점,1,유,126.9108202,37.5054052,192114.8058,445107.7639
1180017400,아파트앞교차로,101,도로교차점,0,무,126.9162404,37.5054123,192594.0521,445108.1123
1180017500,우성아파트(신길동),101,도로교차점,1,유,126.8991147,37.5057413,191079.8519,445146.1197
1180017600,현대3차아파트307동,101,도로교차점,1,유,126.8942913,37.5058218,190653.388,445155.5124
1180017700,사러가시장앞,101,도로교차점,1,유,126.9109955,37.5058463,192130.3501,445156.7119
1180017800,코끼리어린이집,101,도로교차점,1,유,126.9073141,37.5058697,191804.8458,445159.6223
1180017900,신도림고가차도앞,104,도로시설물,0,무,126.8971472,37.5059775,190905.9221,445172.5208
1180018000,하정어린이집,101,도로교차점,0,무,126.9221428,37.5061812,193116.0077,445193.0011
1180018100,신길삼성아파트,101,도로교차점,0,무,126.9151145,37.5063523,192494.595,445212.5347
1180018200,도림사거리,101,도로교차점,1,유,126.9013846,37.5067397,191280.671,445256.7158
1180018300,신길프라자,101,도로교차점,0,무,126.9198067,37.5073457,192909.5683,445322.4252
1180018400,새마을유통,101,도로교차점,0,무,126.9127591,37.5074598,192286.4546,445335.6367
1180018500,신도림역입구,101,도로교차점,0,무,126.8940396,37.5075892,190631.349,445351.7016
1180018600,푸른숲마을,101,도로교차점,0,무,126.9175509,37.5075438,192710.1382,445344.5841
1180018700,신길삼성아파트뒤,101,도로교차점,1,유,126.9150932,37.5077269,192492.8487,445365.0937
1180018800,삼성래미안,101,도로교차점,1,유,126.9143316,37.5080081,192425.5386,445396.3676
1180018900,신도림역입구,101,도로교차점,1,유,126.8948973,37.5080038,190707.2384,445397.6332
1180019000,신흥제4동사무소,101,도로교차점,0,무,126.9114939,37.5082038,192174.6679,445418.3192
1180019100,신길경찰서,101,도로교차점,0,무,126.9109213,37.5085133,192124.0662,445452.7151
1180019200,도림초등학교,101,도로교차점,0,무,126.905508,37.5085412,191645.4528,445456.2826
1180019300,도림청구아파트,101,도로교차점,0,무,126.8962888,37.5086687,190830.3493,445471.2933
1180019400,새예원미술피아노학원,101,도로교차점,0,무,126.9221168,37.5088861,193113.9594,445493.2141
1180019500,우신빌라,101,도로교차점,0,무,126.9135096,37.5088789,192352.95,445493.0818
1180019600,21세기빌딩,101,도로교차점,0,무,126.9200445,37.5089133,192930.735,445496.3891
1180019700,신길충무아파트,101,도로교차점,0,무,126.917527,37.5089116,192708.1539,445496.3891
1180019800,동그라미어린이집,101,도로교차점,0,무,126.9158511,37.5089521,192559.9869,445501.0193
1180019900,공군보라매아파트,101,도로교차점,0,무,126.9226074,37.5090678,193157.3562,445513.3435
1180020100,신길동삼환아파트앞,101,도로교차점,0,무,126.9202723,37.5092561,192950.9096,445534.423
1180020300,도림고가차도(남측),104,도로시설물,0,무,126.8994679,37.5094505,191111.5225,445557.7593
1180020500,예림빌라,101,도로교차점,0,무,126.9229386,37.5099665,193186.7199,445613.0706
1180020600,율산빌딩,101,도로교차점,0,무,126.9045081,37.5100371,191557.2141,445622.3971
1180020800,신길소방파출소,101,도로교차점,0,무,126.9222267,37.5100483,193123.7863,445622.1939
1180020900,신길축산물도매센터,101,도로교차점,0,무,126.9160515,37.5104854,192577.8529,445671.1842
1180021000,신길대신아파트,101,도로교차점,1,유,126.917264,37.5106064,192685.0689,445684.5082
1180021100,우신초교앞,101,도로교차점,1,유,126.9103429,37.5106496,192073.1526,445689.866
1180021200,도림고가차도,101,도로교차점,1,유,126.8986732,37.5106854,191041.4078,445694.8931
1180021300,대우드림타운112동앞,101,도로교차점,0,무,126.9040508,37.5107328,191516.865,445699.6556
1180021400,도림교,101,도로교차점,1,유,126.8918874,37.5109643,190441.4893,445726.5076
1180021500,영등포농협,101,도로교차점,1,유,126.9128814,37.5112139,192297.652,445752.2858
1180021600,도림고가차도(하부),102,도로시.종점,0,무,126.8982862,37.5113645,191007.2765,445770.2995
1180021700,성애병원(신관),101,도로교차점,1,유,126.9230806,37.5116497,193199.4199,445799.8668
1180021800,청학학원,101,도로교차점,1,유,126.9158696,37.5118239,192561.9051,445819.7547
1180021900,도림교,101,도로교차점,0,무,126.8912163,37.5112359,190382.1907,445756.7232
1180022000,영등포공원앞삼거리,101,도로교차점,1,유,126.9099487,37.5117727,192038.426,445814.5512
1180022100,성애병원(본관),101,도로교차점,0,무,126.9218502,37.5119802,193090.676,445836.6439
1180022200,문래동남성아파트,101,도로교차점,1,유,126.894235,37.5121047,190649.1876,445852.8464
1180022300,대우드림빌앞,101,도로교차점,0,무,126.9006689,37.5120924,191218.0175,445850.8653
1180022400,영등포 푸르지오,101,도로교차점,1,유,126.906372,37.5122199,191722.2482,445864.4914
1180022500,대신시장,101,도로교차점,1,유,126.9169631,37.5121414,192658.6105,445854.9002
1180023000,도림교,101,도로교차점,0,무,126.8867239,37.5141406,189985.3937,446079.5759
1180023100,도림교,101,도로교차점,0,무,126.8901672,37.5125585,190289.6092,445903.6196
1180023200,남성아파트앞,101,도로교차점,0,무,126.8904129,37.5126929,190311.3539,445918.5097
1180023400,성보빌딩,101,도로교차점,0,무,126.9175627,37.5127645,192711.6878,445924.014
1180023500,대우드림타운,101,도로교차점,0,무,126.902643,37.5128879,191392.6429,445938.9717
1150048500,방화월드메르디앙202동앞,101,도로교차점,0,무,126.8100826,37.5752494,183223.3308,452872.8442
1150048600,방화월드메르디앙아파트,101,도로교차점,0,무,126.8095644,37.5752844,183177.5578,452876.813
1150048700,가양IC,108,IC 및 JC,0,무,126.8427194,37.5748198,186106.2759,452819.8349
1150048800,스타빌딩,101,도로교차점,1,유,126.8167658,37.5754394,183813.7385,452892.7516
1150048900,청솔상가,101,도로교차점,0,무,126.8120132,37.5757651,183393.9874,452929.7298
1150049000,능말경로당,101,도로교차점,0,무,126.8113842,37.5757712,183338.4248,452930.5235
1150049100,능말길삼거리,101,도로교차점,0,무,126.8103987,37.5757982,183251.3767,452933.6985
1150049200,강서토탈카센터,101,도로교차점,0,무,126.8100962,37.5758049,183224.6537,452934.4923
1150049300,정곡초등학교입구,101,도로교차점,0,무,126.818194,37.5760451,183940.0334,452959.7358
1150049400,강서공고앞,101,도로교차점,1,유,126.8167722,37.576176,183814.4679,452974.505
1150049500,도시개발아파트301동앞,101,도로교차점,0,무,126.8132687,37.5761764,183504.9803,452975.1588
1150049600,방화5단지3R,101,도로교차점,0,무,126.8114402,37.5762211,183343.4728,452980.4414
1150049700,방화5단지아파트,101,도로교차점,0,무,126.8101145,37.5762613,183226.3761,452985.1462
1150049800,마곡벽산아파트,102,도로시.종점,0,무,126.8376746,37.5764287,185660.9419,452999.1632
1150049900,강서대림아파트앞,101,도로교차점,0,무,126.8167789,37.5769447,183815.2292,453059.8301
1150050000,내촌마을길종점,102,도로시.종점,0,무,126.7971992,37.5782181,182085.9636,453204.7156
1150050100,정우유통,101,도로교차점,1,유,126.8001799,37.5783959,182349.2951,453223.8782
1150050200,메아리공원,101,도로교차점,0,무,126.8139594,37.57845,183566.4961,453227.3866
1150050300,방화역,101,도로교차점,0,무,126.8132176,37.5786447,183501.0159,453249.1227
1150050400,내촌마을길사거리,101,도로교차점,0,무,126.7987661,37.5786642,182224.4733,453253.9282
1150050500,동성APT3R,101,도로교차점,0,무,126.8124488,37.5788267,183433.1458,453269.4554
1150050600,개화검문소,101,도로교차점,1,유,126.7997445,37.5790342,182310.9922,453294.8064
1150050700,상사마을입구,101,도로교차점,1,유,126.7984138,37.5810165,182193.9138,453515.0725
1150050800,내촌마을길삼거리,101,도로교차점,1,유,126.7979446,37.5817023,182152.6387,453591.2727
1150050900,방화대교남단(88JC),108,IC 및 JC,0,무,126.8214902,37.5834042,184232.7578,453775.9503
1150051000,김포대로_개화동로_진입,101,도로교차점,0,무,126.7976866,37.5822594,182129.9801,453653.1566
1150051100,김포대로_개화동로_진출,101,도로교차점,0,무,126.7983735,37.5824072,182190.692,453669.4326
1150051200,개화교,101,도로교차점,1,유,126.7983948,37.5830619,182192.7232,453742.0855
1150051300,방화대교남단(88JC),108,IC 및 JC,0,무,126.8210223,37.5838477,184191.5249,453825.26
1150051400,방화대교남단,108,IC 및 JC,0,무,126.8154876,37.583733,183702.6398,453813.4668
1150051500,강서구-김포시경계(1),105,행정경계,0,무,126.7961165,37.5846821,181991.879,453922.3444
1150051600,올림픽대로-정곡길램프(2),108,IC 및 JC,1,유,126.8195414,37.5849224,184060.9482,453944.7815
1150051700,올림픽대로-정곡길램프(3),108,IC 및 JC,0,무,126.8168617,37.5859421,183824.4878,454058.4235
1150051800,부석마을길종점,102,도로시.종점,0,무,126.8010845,37.5887555,182431.6424,454373.5148
1150051900,칠성사,101,도로교차점,0,무,126.8018754,37.5887676,182501.4926,454374.7055
1150052000,개화동로진입(올림픽대로),108,IC 및 JC,0,무,126.8088628,37.5896423,183118.8274,454470.5058
1150052200,개화IC,101,도로교차점,0,무,126.800658,37.5898119,182394.2192,454490.8335
1150052300,행주대교남단교차로,108,IC 및 JC,0,무,126.8021291,37.5899636,182524.1837,454507.3979
1150052400,개화IC7,108,IC 및 JC,0,무,126.8038058,37.5915658,182672.6424,454684.9148
1150052600,개화IC10,108,IC 및 JC,0,무,126.8032347,37.5911165,182622.0986,454635.1495
1150052700,행주대교남단(개화IC),108,IC 및 JC,0,무,126.8036107,37.5921298,182655.5386,454747.5514
1150052800,개화IC4,108,IC 및 JC,0,무,126.8049334,37.5927927,182772.512,454820.8776
1150052900,행주대교남단(개화IC),108,IC 및 JC,0,무,126.8040052,37.5923087,182690.4242,454767.3369
1150053000,개화IC18,105,행정경계,0,무,126.7986707,37.5937945,182219.6477,454933.2405
1150053100,개화IC21,108,IC 및 JC,0,무,126.79963,37.5947017,182304.5871,455033.7431
1150053200,개화IC19,101,도로교차점,0,무,126.8002093,37.5921787,182355.146,454753.6137
1150053300,개화IC12,101,도로교차점,0,무,126.80031,37.5904808,182363.6436,454565.1486
1150053400,개화IC15,101,도로교차점,0,무,126.8004022,37.592938,182372.3641,454837.8488
1150053500,개화IC16,108,IC 및 JC,0,무,126.8009538,37.5938746,182421.3028,454941.6991
1150053600,개화IC17,108,IC 및 JC,0,무,126.8013127,37.5939211,182453.0073,454946.7912
1150053700,개화IC20,108,IC 및 JC,0,무,126.8025024,37.5925098,182557.7484,454789.9329
1150053800,행주대교남단(개화IC),108,IC 및 JC,0,무,126.8025017,37.5928137,182557.7518,454823.6576
1150053900,개화IC13,108,IC 및 JC,0,무,126.8030832,37.5931582,182609.1933,454861.7929
1150054000,개화IC11,101,도로교차점,0,무,126.8045367,37.590131,182736.8575,454525.5322
1150054100,크레파스,101,도로교차점,0,무,126.8211967,37.5472704,184199.2022,449765.5753
1150054200,외발산신광영마을,101,도로교차점,0,무,126.8212907,37.5464476,184207.3333,449674.2333
1150054300,서울자동차학원,101,도로교차점,0,무,126.8213561,37.5468937,184213.2144,449723.739
1150054400,가양IC6,108,IC 및 JC,0,무,126.8423495,37.572613,186073.1882,452574.9616
1150054500,공항대로_화곡로_진출2,101,도로교차점,0,무,126.8520431,37.5560963,186926.6375,450740.4014
1150054600,공항대로_화곡로_진입2,101,도로교차점,0,무,126.8525212,37.5563597,186968.9224,450769.575
1150054700,강서구도로과자재창고,103,속성변화점,0,무,126.8675989,37.5600177,188301.7446,451173.5808
1160001700,가리봉동주민센터,101,도로교차점,0,무,126.8924913,37.4814997,190491.1523,442456.2601
1160002000,구로남초교입구,101,도로교차점,0,무,126.8935072,37.4823302,190581.1108,442548.3353
1160002300,디지털1단지,101,도로교차점,1,유,126.8953708,37.4845585,190746.2112,442795.4566
1160002400,천왕역,101,도로교차점,1,유,126.8398288,37.4848946,185833.9358,442839.6739
1160002600,구로IC,105,행정경계,0,무,126.8787546,37.4865587,189276.899,443019.2248
1160002700,가마산지하차도,101,도로교차점,0,무,126.8803689,37.4881285,189419.8897,443193.2617
1160003000,부일로부천시계,105,행정경계,0,무,126.8203513,37.4908932,184112.5515,443508.5452
1160003100,대림역,101,도로교차점,0,무,126.8951579,37.4918521,190728.2834,443604.9796
1160003200,온수역,101,도로교차점,0,무,126.8218597,37.4919295,184246.1664,443623.3085
1160003500,오류고가차도,101,도로교차점,0,무,126.8316028,37.4932281,185108.0483,443765.853
1160003600,개봉지하차도,101,도로교차점,1,유,126.856186,37.4936585,187282.1017,443810.0106
1160003900,거리공원오거리,101,도로교차점,0,무,126.8931662,37.4975386,190552.8625,444236.2974
1160004300,NC백화점,101,도로교차점,0,무,126.8825139,37.5006609,189611.3312,444583.9595
1160004600,도림유수지옆금호아파트,101,도로교차점,0,무,126.8926414,37.5021513,190507.0395,444748.3069
1160004900,신정로부천시계,105,행정경계,0,무,126.8228208,37.5059671,184334.0902,445181.1369
1160005100,신도림역,101,도로교차점,0,무,126.8930807,37.5071257,190546.5094,445300.3529
1160005200,구로구-부천시경계(4),105,행정경계,0,무,126.8208061,37.4906336,184152.7171,443479.6546
1160005300,광화교삼거리,101,도로교차점,0,무,126.8449477,37.4745787,186284.7822,441693.9876
1160005600,구로구-광명시경계(1),105,행정경계,0,무,126.8500022,37.4816292,186733.1259,442475.7695
1160005700,광명교,101,도로교차점,1,유,126.8463197,37.4817573,186407.4378,442490.5114
1160005800,광명교,101,도로교차점,0,무,126.8459605,37.481839,186375.6878,442499.6396
1160005900,동일테크노타운,101,도로교차점,0,무,126.8973772,37.4818004,190923.328,442489.1479
1160006100,신흥빌라,101,도로교차점,1,유,126.8501192,37.4819123,186743.5255,442507.1802
1160006200,가리봉시장,101,도로교차점,0,무,126.8872322,37.4826927,190026.1506,442589.2135
1160006300,성광교회,101,도로교차점,0,무,126.8417635,37.4832793,186004.7412,442660.1097
1160006400,벽산디지털밸리Ⅲ,101,도로교차점,1,유,126.894463,37.4833895,190665.7777,442665.8105
1160006500,이-스페이스,101,도로교차점,0,무,126.8917544,37.4836153,190426.2411,442691.1444
1160006600,구로단지우체국,101,도로교차점,1,유,126.8986647,37.48369,191037.4298,442698.7512
1160006700,한국기독교장로회 성은교회,101,도로교차점,1,유,126.8539204,37.4837203,187080.0377,442707.3128
1160006800,목양교회앞,101,도로교차점,0,무,126.8221954,37.4841622,184274.2194,442761.1873
1160006900,구로3동천주교회,101,도로교차점,0,무,126.8895534,37.484282,190231.6661,442765.3602
1160007000,에이스테크노타워Ⅲ,101,도로교차점,0,무,126.8925889,37.4844082,190500.1482,442779.0524
1160007100,태아빌딩,101,도로교차점,0,무,126.9014894,37.4847953,191287.3874,442821.1602
1160007200,남구로역,101,도로교차점,0,무,126.8862953,37.485006,189943.6004,442846.0583
1160007500,한국인력관리공단,101,도로교차점,0,무,126.893431,37.4854388,190574.7608,442893.3526
1160007600,구로구-부천시경계(5),105,행정경계,0,무,126.8189793,37.4855553,183990.0772,442916.3435
1160007700,대륭포스트타워2차,101,도로교차점,1,유,126.8963443,37.4858419,190832.4655,442937.8027
1160007800,구로디지털단지역,101,도로교차점,0,무,126.9002348,37.4856322,191176.5267,442914.1614
1160007900,개봉교,101,도로교차점,1,유,126.8564682,37.4860235,187305.7662,442962.5952
1160008000,천왕역삼거리,101,도로교차점,0,무,126.8389192,37.4863631,185753.7669,443002.7899
1160008100,신생감리교회,101,도로교차점,1,유,126.8557439,37.4863989,187241.776,443004.3498
1160008200,국민빌딩,101,도로교차점,0,무,126.8564394,37.4864444,187303.2918,443009.3108
1160008300,개울산근린공원,101,도로교차점,0,무,126.8396412,37.4866108,185817.6639,443030.1743
1160008400,우창굿모닝아파트,102,도로시.종점,0,무,126.8298151,37.4864586,184948.6057,443014.8097
1160008500,은하빌라,103,속성변화점,0,무,126.8541389,37.4867902,187099.893,443048.0061
1160008600,구로IC_가마산길_진입_1,101,도로교차점,0,무,126.8786627,37.4866401,189268.7796,443028.2668
1160008700,구로IC_남부순환로_진입_2,101,도로교차점,0,무,126.8794569,37.4868804,189339.0594,443054.8414
1160008800,구로IC_남부순환로_진출_3,101,도로교차점,0,무,126.8783854,37.486878,189244.2919,443054.6984
1160008900,구로IC_남부순환로_진입_3,101,도로교차점,1,유,126.8780642,37.4873655,189215.9581,443108.8428
1160009000,구로IC_남부순환로_진출_2,101,도로교차점,0,무,126.8796714,37.4873609,189358.0919,443108.1513
1160009100,구로1교,101,도로교차점,1,유,126.8974803,37.4872748,190933.1096,443096.7243
1160009200,구로종합사회복지관,101,도로교차점,0,무,126.8906783,37.4873285,190331.5465,443103.3661
1160009300,오남중학교,101,도로교차점,1,유,126.8383383,37.4873242,185702.5699,443109.5495
1160009400,태성빌라,101,도로교차점,0,무,126.8396303,37.487519,185816.8701,443130.9807
1160009600,진풍카센타,101,도로교차점,0,무,126.859183,37.4880293,187546.2068,443184.8456
1160009700,배남준치과의원앞,101,도로교차점,0,무,126.8562791,37.4881249,187289.4011,443195.8424
1160009800,칠성3차아파트_남부순환로_진출_,101,도로교차점,0,무,126.8771668,37.4880472,189136.69,443184.6008
1160009900,칠성3차아파트_남부순환로_진입,101,도로교차점,0,무,126.8767114,37.4884031,189096.4627,443224.1552
1160010000,삼미주택,101,도로교차점,0,무,126.8367909,37.488344,185565.9123,443222.9766
1160010100,두산아파트,101,도로교차점,0,무,126.8897007,37.4884033,190245.226,443222.7595
1160010400,대성그린빌라,101,도로교차점,1,유,126.8360212,37.488691,185497.9143,443261.6058
1160010500,칠성3차아파트_남부순환로_진출_,101,도로교차점,0,무,126.8771408,37.4887243,189134.489,443259.7572
1160010600,칠성3차아파트,101,도로교차점,0,무,126.8759434,37.4893255,189028.675,443326.619
1160010700,성공회대입구,101,도로교차점,1,유,126.8245841,37.4892793,184486.548,443328.7197
1160010800,영서중,101,도로교차점,0,무,126.891553,37.4895746,190409.1953,443352.5666
1160010900,예원빌라,101,도로교차점,0,무,126.8397919,37.4895949,185831.5545,443361.3539
1160011000,금강수목원아파트,101,도로교차점,0,무,126.8339336,37.4897823,185313.4993,443383.0498
1160011100,대림그린빌라,101,도로교차점,0,무,126.8517148,37.4898792,186886.043,443391.1714
1160011200,이다캐슬,101,도로교차점,0,무,126.8522413,37.489906,186932.6098,443394.0818
1160011300,대성빌딩,101,도로교차점,1,유,126.8560975,37.4900205,187273.6584,443406.2527
1160011400,개봉빌라,102,도로시.종점,0,무,126.8506792,37.49009,186794.497,443414.7194
1160011500,오정초등학교,101,도로교차점,1,유,126.825816,37.4902323,184595.6888,443434.2887
1160011700,개봉동 아이파크,101,도로교차점,0,무,126.861239,37.4904931,187728.4389,443458.0284
1160011800,오류고가차도남측,104,도로시설물,0,무,126.8333424,37.490623,185261.3763,443476.4479
1160011900,이화우성아파트,101,도로교차점,1,유,126.8930102,37.4904878,190538.1799,443453.7699
1160012000,구로2동주민센터,101,도로교차점,1,유,126.8840583,37.4905838,189746.5185,443465.3653
1160012100,천일식품제조(주),101,도로교차점,0,무,126.8802078,37.4906801,189405.9991,443476.4778
1160012200,한남장로교회,101,도로교차점,1,유,126.8815183,37.4905992,189521.8868,443467.3497
1160012500,민영규치과의원,101,도로교차점,1,유,126.8840087,37.4907554,189742.1529,443484.4153
1160012700,온수역입구,101,도로교차점,1,유,126.8278114,37.4909325,184772.2986,443511.6794
1160012800,구로구-광명시경계(2),105,행정경계,0,무,126.8724357,37.4909812,188718.7067,443510.7952
1160012900,새마을금고오류2동지점,101,도로교차점,0,무,126.8407313,37.4910123,185914.8985,443518.5167
1160013000,시몬아트빌라,101,도로교차점,1,유,126.8515895,37.4912164,186875.1951,443539.603
1160013100,대명월드,101,도로교차점,0,무,126.852104,37.491248,186920.7035,443543.0425
1160013200,구로1동파출소앞,101,도로교차점,1,유,126.8746641,37.4912607,188915.8217,443541.5531
1160013300,개봉현대훼밀리타운APT,101,도로교차점,1,유,126.8635111,37.4913868,187929.5227,443556.9167
1160013400,안양교,101,도로교차점,0,무,126.8739698,37.4913441,188854.4333,443550.8905
1160013500,부일길삼거리,101,도로교차점,1,유,126.8211542,37.4914099,184183.6584,443565.7615
1160013600,중앙시장,101,도로교차점,0,무,126.8536564,37.4914431,187058.0226,443564.4738
1160013700,동부제강입구,101,도로교차점,1,유,126.8326376,37.4917005,185199.2586,443596.1456
1160013800,개봉고가차도(남측),101,도로교차점,0,무,126.8560111,37.4921744,187266.3855,443645.3247
1160013900,버들유치원,101,도로교차점,0,무,126.8425578,37.4916846,186076.5592,443592.8648
1160014000,오류동역,101,도로교차점,0,무,126.8406968,37.491756,185911.988,443601.0669
1160014100,동진빌라,101,도로교차점,0,무,126.8246313,37.4917638,184491.2372,443604.4569
1160014200,구일3길삼거리,101,도로교차점,0,무,126.8723258,37.4917767,188709.1155,443599.1001
1160014400,온수동길삼거리,101,도로교차점,0,무,126.8212689,37.4920576,184193.942,443637.6205
1160014500,서부간선도로-구일길램프(2),108,IC 및 JC,0,무,126.8739248,37.491681,188850.5084,443588.2841
1160014600,대림역,101,도로교차점,0,무,126.895678,37.4921744,190774.321,443640.6984
1160014700,구로1동우체국,101,도로교차점,0,무,126.8723623,37.4923518,188712.4228,443662.9309
1160014800,가마산고가차도(남측),104,도로시설물,0,무,126.8822031,37.4922567,189582.675,443651.2355
1160015000,오류동푸르지오,101,도로교차점,0,무,126.8417494,37.4925309,186005.2176,443686.9104
1160015100,동부제강(주),101,도로교차점,1,유,126.835482,37.4924489,185450.9562,443678.7641
1160015200,현대홈타운 2단지,101,도로교차점,0,무,126.8604909,37.4924946,187662.6088,443680.2601
1160015300,오류지하차도입구R,101,도로교차점,1,유,126.8406216,37.4925943,185905.4953,443694.1199
1160015400,미래빌라,101,도로교차점,0,무,126.8421441,37.4926643,186040.1545,443701.6562
1160015500,가마산고가차도,101,도로교차점,0,무,126.8824246,37.4929254,189602.3635,443725.4337
1160015600,남부순환로-새내동길_진출,101,도로교차점,0,무,126.8652773,37.492813,188085.942,443714.9818
1160015700,동구로초등교,101,도로교차점,1,유,126.8907956,37.4928287,190342.626,443713.8095
1160015900,수정빌딩,101,도로교차점,0,무,126.8247407,37.4929678,184501.1591,443738.0717
1160016100,현대아파트(1단지)_남부순환로_,101,도로교차점,0,무,126.8628482,37.4931174,187871.1739,443749.0776
1160016300,조양빌딩,101,도로교차점,0,무,126.8560541,37.4930583,187270.3356,443743.4159
1160016400,고대구로병원,101,도로교차점,1,유,126.8834261,37.4931149,189690.9559,443746.3534
1160016500,오류지하차도U턴지점(남측),102,도로시.종점,0,무,126.8405004,37.4933022,185894.9119,443772.7013
1160016600,레오아파트,101,도로교차점,0,무,126.8534945,37.4931307,187043.9996,443751.7992
1160016700,현대아파트(1단지)_남부순환로_,101,도로교차점,0,무,126.8628661,37.4932245,187872.7774,443760.97
1160016800,우신중고교입구,101,도로교차점,0,무,126.8270663,37.4932037,184706.873,443763.8686
1160016900,SK구로주유소,101,도로교차점,1,유,126.8720765,37.4932485,188687.2873,443762.4806
1160017000,궁동3R,101,도로교차점,0,무,126.8342805,37.4932408,185344.8509,443766.8452
1160017100,백조빌딩,101,도로교차점,1,유,126.8348065,37.4932482,185391.3682,443767.5841
1160017200,수정아파트,101,도로교차점,1,유,126.8364183,37.4932709,185533.9136,443769.8482
1160017400,삼천리아파트,101,도로교차점,1,유,126.8374686,37.4931633,185626.7721,443757.7424
1160017500,현대아파트(1단지),101,도로교차점,0,무,126.8592328,37.4933274,187551.4836,443772.8645
1160017600,구일고등학교,101,도로교차점,0,무,126.8746306,37.4933704,188913.1758,443775.7098
1160017700,개봉역,101,도로교차점,0,무,126.8582759,37.4934534,187466.886,443786.9715
1160017800,(주)유천인바이트,101,도로교차점,1,유,126.8439062,37.493584,186196.1511,443803.4735
1160017900,신양지 아파트(나동),101,도로교차점,1,유,126.8513362,37.4937096,186853.2346,443816.3577
1160018000,서부간선도로-구일6길램프(1),108,IC 및 JC,0,무,126.871959,37.49383,188676.9824,443827.0381
1160018100,사무엘기독백화점,101,도로교차점,1,유,126.858362,37.4938016,187474.5589,443825.6008
1160018200,엑스포카센타,101,도로교차점,0,무,126.8536566,37.4939175,187058.4637,443839.1051
1160018400,개봉지하차도,101,도로교차점,0,무,126.8528359,37.4942488,186985.9443,443875.9856
1160018800,성한빌딩,101,도로교차점,1,유,126.8561944,37.4940079,187282.9098,443848.7869
1160018900,열린문교회,101,도로교차점,0,무,126.850806,37.4940356,186806.4033,443852.6057
1160019000,오류지하차도U턴지점(북측),102,도로시.종점,0,무,126.8404609,37.4935882,185891.4723,443804.4514
1160019200,서부간선도로-구일6길램프(2),108,IC 및 JC,0,무,126.871735,37.4938822,188657.1817,443832.855
1160019300,개봉지하차도,101,도로교차점,0,무,126.8528891,37.4943482,186990.6717,443887.0152
1160019400,두산아파트(개봉동),101,도로교차점,0,무,126.853598,37.4942702,187053.3414,443878.2529
1160019500,수궁동주민센터,104,도로시설물,0,무,126.8311598,37.4939605,185069.0222,443847.2126
1160019600,유풍빌딩,101,도로교차점,0,무,126.8828902,37.4943409,189643.7277,443882.4818
1160019700,시티월드앞,101,도로교차점,1,유,126.8401003,37.4944113,185859.7382,443895.8552
1160019800,구로중학교,101,도로교차점,1,유,126.8893646,37.4946146,190216.3136,443912.1615
1160019900,우성대림2차아파트,101,도로교차점,0,무,126.8941349,37.4946398,190638.1595,443914.4766
1160020000,오류동삼거리,101,도로교차점,0,무,126.841136,37.4948811,185951.4165,443947.8459
1160020200,서부간선도로-구일길램프(1),108,IC 및 JC,0,무,126.8713882,37.4947279,188626.6465,443926.7572
1160020500,현대홈맨션,101,도로교차점,0,무,126.849775,37.4949497,186715.3865,443954.2059
1160020600,우신빌라타운,101,도로교차점,0,무,126.8304527,37.4951592,185006.7275,443980.3662
1160020800,성은빌라,101,도로교차점,0,무,126.8506901,37.4951535,186796.3491,443976.6955
1160020900,벗꽃길삼거리,101,도로교차점,0,무,126.8799807,37.4951676,189386.5522,443974.5569
1160021000,구로구청구의회,101,도로교차점,1,유,126.8888475,37.4952685,190170.6729,443984.7897
1160021100,동양빌라,101,도로교차점,0,무,126.8315069,37.4953306,185099.9933,443999.2178
1160021200,해원리버파크,101,도로교차점,0,무,126.8716646,37.4953959,188651.1833,444000.8599
1160021400,구일중학교,101,도로교차점,0,무,126.8735912,37.4954225,188821.5637,444003.5827
1160021600,현대상선아파트,103,속성변화점,0,무,126.8747543,37.4954773,188924.4206,444009.5358
1160021700,우신고등학교,101,도로교차점,0,무,126.8254179,37.4954922,184561.5636,444018.1337
1160021900,구로구청구의회,101,도로교차점,1,유,126.8894122,37.4955795,190220.6462,444019.2518
1160022200,동광빌라,101,도로교차점,0,무,126.8314912,37.4956584,185098.6704,444035.598
1160022400,밀알독서실,101,도로교차점,0,무,126.8251668,37.4956915,184539.4047,444040.2926
1160022500,유엔미아파트,101,도로교차점,0,무,126.8826052,37.4957352,189618.7245,444037.2633
1160022600,고척동국제외국어학원앞,101,도로교차점,1,유,126.8563633,37.4958152,187298.1445,444049.3546
1160022700,연세중앙교회,102,도로시.종점,0,무,126.8353952,37.4959261,185443.9523,444064.7023
1160022800,sk허브수,101,도로교차점,0,무,126.8715776,37.4959489,188643.5801,444062.2484
1160022900,구로구청,101,도로교차점,1,유,126.8881278,37.4961075,190107.1397,444077.9894
1160023000,구미빌딩,101,도로교차점,0,무,126.8889805,37.4961548,190182.5461,444083.1488
1160023400,우리유엔미아파트,101,도로교차점,1,유,126.8825502,37.4965147,189613.962,444123.7822
1160023500,오류IC_남부순환로_진출_1,101,도로교차점,0,무,126.850098,37.4966029,186744.246,444137.6447
1160023600,한마음아파트삼거리,101,도로교차점,0,무,126.8628589,37.4966426,187872.6923,444140.3307
1160023900,오류IC_남부순환로_진입_4,101,도로교차점,0,무,126.8499609,37.4965832,186732.1189,444135.4826
1160024000,지하차도(남측)5,104,도로시설물,0,무,126.887559,37.4968192,190056.9323,444157.0312
1160024100,화원종합사회복지관,103,속성변화점,0,무,126.8797536,37.4968445,189366.7084,444160.6917
1160024300,금석빌딩앞,101,도로교차점,0,무,126.8595999,37.4969964,187584.5604,444180.0183
1160024400,오류IC_남부순환로_진입_1,101,도로교차점,0,무,126.8498035,37.4969894,186718.274,444180.5879
1160024500,기업은행구로북지점,101,도로교차점,1,유,126.8921523,37.4970017,190463.1373,444176.8115
1160024600,구로변전소앞,101,도로교차점,0,무,126.8833993,37.4969894,189689.1188,444176.3681
1160024700,중앙구로하이츠,101,도로교차점,0,무,126.8752341,37.497084,188967.0848,444187.7992
1160024800,지하차도(남측)1,104,도로시설물,0,무,126.8712644,37.4971774,188616.0637,444198.6313
1160024900,신구로주유소_가마산길_진출,101,도로교차점,0,무,126.8926957,37.497222,190511.2199,444201.2143
1160025000,신구로현대아파트후문,101,도로교차점,0,무,126.8933051,37.497196,190565.0995,444198.2635
1160025100,대림프라자,101,도로교차점,1,유,126.8555017,37.4973419,187222.2128,444218.9121
1160025200,라미우드 빌딩,101,도로교차점,1,유,126.8640829,37.4973091,187981.0393,444214.1496
1160025300,영동빌딩,101,도로교차점,0,무,126.8620574,37.4973068,187801.9253,444214.1514
1160025400,신구로주유소_가마산길_진입,101,도로교차점,0,무,126.8926201,37.4973118,190504.5466,444211.1877
1160025500,개봉사거리,101,도로교차점,1,유,126.8565158,37.4974039,187311.9068,444225.659
1160025600,신구로주유소_도림천로_진출,101,도로교차점,0,무,126.8939931,37.4973188,190625.9538,444211.8234
1160025700,오류IC,101,도로교차점,0,무,126.8490261,37.4977097,186649.6537,444260.6417
1160025800,녹산빌딩,101,도로교차점,0,무,126.8917027,37.4975376,190423.4497,444236.3428
1160025900,구로구-부천시경계(2),105,행정경계,0,무,126.815939,37.4975657,183723.7882,444249.8643
1160026000,광명고가차도(북측),104,도로시설물,0,무,126.8681526,37.4980498,188341.0298,444295.842
1160026100,일이삼전자타운,101,도로교차점,0,무,126.8628065,37.4976695,187868.2195,444254.3132
1160026200,오류IC_일반국도46호선_진입_2,101,도로교차점,0,무,126.8472427,37.4978781,186491.9782,444279.5763
1160026300,오류IC_일반국도46호선_진출_2,101,도로교차점,0,무,126.8473143,37.4977862,186498.2945,444269.3731
1160026500,고운아파트,101,도로교차점,1,유,126.8524262,37.4979138,186950.3529,444282.8091
1160026600,거리공원오거리,101,도로교차점,0,무,126.8938613,37.4979087,190614.3783,444277.3079
1160026700,오류IC,101,도로교차점,0,무,126.8483653,37.4980323,186591.2761,444296.536
1160026800,신구로주유소_거리공원길_진출,101,도로교차점,0,무,126.8925517,37.4979885,190498.5787,444286.2927
1160026900,구로소방서,101,도로교차점,1,유,126.8650285,37.4980826,188064.7801,444299.8748
1160027000,구로본동새마을금고,101,도로교차점,0,무,126.8825029,37.4980559,189609.9932,444294.8357
1160027100,중원오피스텔,101,도로교차점,1,유,126.8516988,37.4981447,186886.0722,444308.5382
1160027200,오류IC,101,도로교차점,0,무,126.8483228,37.498137,186587.5429,444308.1583
1160027300,오류IC_일반국도46호선_진출_3,101,도로교차점,0,무,126.8498388,37.4981855,186721.6069,444313.3332
1160027400,오류IC_일반국도46호선_진입_1,101,도로교차점,0,무,126.8510073,37.4981964,186824.9338,444314.3798
1160027500,거리공원오거리,101,도로교차점,0,무,126.8930988,37.4982679,190546.9976,444317.249
1160027600,서울은행고척동지점,101,도로교차점,0,무,126.860745,37.4983387,187686.0376,444328.8485
1160027700,오류IC_일반국도46호선_진입_3,101,도로교차점,0,무,126.8498186,37.4982909,186719.8334,444325.0337
1160027800,지하차도(북측)5,104,도로시설물,0,무,126.8862408,37.498305,189940.5659,444322.0766
1160027900,오류IC_일반국도46호선_진출_1,101,도로교차점,0,무,126.8510154,37.4983046,186825.6677,444326.3827
1160028000,오류IC,101,도로교차점,0,무,126.8486919,37.498295,186620.2051,444325.6396
1160028100,동도아르떼빌아파트,101,도로교차점,0,무,126.8909783,37.4984385,190359.503,444336.4035
1160028500,구로초교,101,도로교차점,1,유,126.8859192,37.4985867,189912.163,444353.3747
1160028600,거리공원오거리,101,도로교차점,0,무,126.8926133,37.4988289,190504.135,444379.5585
1160028700,오류IC_남부순환로_진입_2,101,도로교차점,0,무,126.8482788,37.4987909,186583.7657,444380.7419
1160028800,삼영아파트,101,도로교차점,0,무,126.8567992,37.4987237,187337.1838,444372.1079
1160028900,지하차도(동측)3,104,도로시설물,0,무,126.8856073,37.4987406,189884.6064,444370.4954
1160029000,오류고교,101,도로교차점,0,무,126.8291204,37.4988202,184889.6476,444386.8975
1160029100,강서빌딩,101,도로교차점,0,무,126.8614055,37.4988539,187744.5265,444385.9437
1160029200,시립구로도서관,101,도로교차점,1,유,126.8918164,37.4988797,190433.6718,444385.2795
1160029300,고척교,101,도로교차점,1,유,126.8717925,37.4988847,188663.0274,444388.0656
1160029500,충정빌라,101,도로교차점,0,무,126.8299766,37.4989579,184965.3862,444402.0467
1160029700,오류IC_남부순환로_진입_3,101,도로교차점,0,무,126.8480538,37.498866,186563.8842,444389.1103
1160029900,신구로자이 나인스애비뉴,101,도로교차점,1,유,126.8846557,37.4990837,189800.504,444408.6749
1160030000,온수학교길종점,102,도로시.종점,0,무,126.8211831,37.4991035,184187.8389,444419.6398
1160030100,서부간선도로-일반국도46호선램,108,IC 및 JC,0,무,126.8719838,37.4992744,188679.9964,444431.2851
1160030200,구로고등학교,101,도로교차점,1,유,126.8901819,37.4994053,190289.2057,444443.7869
1160030300,구로자이나인스에비뉴,101,도로교차점,0,무,126.8839457,37.4994148,189737.7623,444445.505
1160030400,오류IC_남부순환로_진출_3,101,도로교차점,0,무,126.8472678,37.500028,186494.5898,444518.1861
1160030500,주동행교회,101,도로교차점,0,무,126.8479253,37.4994123,186552.6132,444449.7633
1160030600,동양미래대학,101,도로교차점,1,유,126.8688356,37.4995692,188401.6636,444464.3951
1160030700,동양공업전문대학,101,도로교차점,1,유,126.8676244,37.4996625,188294.5712,444474.897
1160030800,새솔금호아파트,101,도로교차점,0,무,126.8910018,37.4998495,190361.7636,444493.004
1160030900,동우빌라,101,도로교차점,1,유,126.8496874,37.4999843,186708.5325,444512.9988
1160031000,서봉빌딩,101,도로교차점,0,무,126.8627929,37.4999807,187867.3993,444510.8273
1160031100,의성빌딩,101,도로교차점,0,무,126.8670209,37.5001328,188241.2827,444527.1653
1160031200,한스타워,101,도로교차점,0,무,126.8915747,37.5001403,190412.4567,444525.212
1160031300,세일빌딩,101,도로교차점,1,유,126.8829544,37.5002525,189650.2204,444538.5856
1160031500,윈골프클럽,101,도로교차점,1,유,126.8637827,37.5003395,187954.9765,444550.5148
1160031700,구로5동사무소R,101,도로교차점,0,무,126.889313,37.5004601,190212.5129,444560.9396
1160031800,대봉콜렉션,101,도로교차점,0,무,126.8512259,37.5004404,186844.6609,444563.4021
1160031900,고척초등교,101,도로교차점,0,무,126.8579188,37.5005327,187436.4892,444572.7289
1160032000,호수빌라트,101,도로교차점,0,무,126.8296641,37.5004951,184938.0679,444572.7033
1160032100,거리공원_거리공원길_진출_3,101,도로교차점,0,무,126.890452,37.5005041,190313.2304,444565.7108
1160032200,동선빌딩,101,도로교차점,0,무,126.8642105,37.50057,187992.8385,444576.0472
1160032300,구로한스타워,101,도로교차점,1,유,126.8923609,37.5005777,190482.0363,444573.6815
1160032400,다사랑길삼거리,101,도로교차점,0,무,126.892747,37.5005172,190516.1676,444566.9346
1160032500,고척동청구아파트,101,도로교차점,1,유,126.8636206,37.5006492,187940.689,444584.9107
1160032600,구로여자정보산업고등학교,101,도로교차점,0,무,126.8290238,37.5007058,184881.4883,444596.1851
1160032700,지하차도(북측)1,104,도로시설물,0,무,126.8727708,37.5017893,188749.9649,444710.3114
1160032800,고척중학교,101,도로교차점,0,무,126.8622946,37.500855,187823.4783,444607.9295
1160032900,영림빌딩,101,도로교차점,0,무,126.8849074,37.5008218,189822.9936,444601.5565
1160033000,거리공원_거리공원길_진출_1,101,도로교차점,0,무,126.8910081,37.5008156,190362.4504,444600.2215
1160033100,구로거리공원서,101,도로교차점,0,무,126.8901364,37.5008798,190285.3738,444607.4424
1160033200,구로거리공원동,101,도로교차점,0,무,126.8907116,37.5011762,190336.2751,444640.279
1160033300,거리공원_거리공원길_진출_2,101,도로교차점,0,무,126.8898378,37.5012526,190259.0153,444648.8472
1160033400,중앙유통단지,101,도로교차점,1,유,126.8772342,37.5011484,189144.5456,444638.6655
1160033600,거리공원_거리공원길_진입,101,도로교차점,0,무,126.8904058,37.5015481,190309.2819,444681.5884
1160033800,개봉1동사거리,101,도로교차점,1,유,126.8465613,37.5016306,186432.4041,444696.1643
1160033900,쌍용화재,101,도로교차점,1,유,126.8915111,37.5015889,190407.0268,444685.9974
1160034100,한일한의원,101,도로교차점,0,무,126.8647626,37.5017572,188041.8526,444707.7438
1160034200,서울가든아파트,101,도로교차점,0,무,126.8591344,37.5019927,187544.2277,444734.6118
1160034300,개봉제1동주민센터,101,도로교차점,0,무,126.8476031,37.5019827,186524.5876,444735.0837
1160034400,구로다솜금호아파트,101,도로교차점,0,무,126.8922512,37.5019722,190472.5113,444728.4631
1160034500,구로기계공구상가단지,101,도로교차점,0,무,126.8784317,37.5020825,189250.5634,444742.1968
1160034600,청구아파트,101,도로교차점,1,유,126.8628198,37.5021271,187870.1245,444749.0453
1160034700,기업은행개봉,101,도로교차점,1,유,126.8484888,37.5023354,186602.9706,444774.1098
1160034800,구로지하차도(남측),104,도로시설물,0,무,126.8782576,37.5018818,189235.1391,444719.9457
1160034900,구로여자산업고교,101,도로교차점,0,무,126.8290607,37.5024514,184885.1043,444789.9222
1160035000,연흥학원,101,도로교차점,0,무,126.8863045,37.5024871,189946.7527,444786.2361
1160035100,경서농협고척지소,101,도로교차점,0,무,126.8640713,37.5025612,187980.8528,444797.0673
1160035400,구로LG아파트입구,101,도로교차점,0,무,126.8923357,37.5026987,190480.0757,444809.0939
1160035500,산업안전협회,101,도로교차점,0,무,126.889486,37.5026668,190228.0924,444805.8378
1160035900,상암빌딩,101,도로교차점,0,무,126.8500142,37.5029089,186737.953,444837.537
1160036100,롯데구로아파트,101,도로교차점,0,무,126.8850104,37.5029448,189832.391,444837.1662
1160036300,개봉중학교,103,속성변화점,0,무,126.842798,37.5029691,186099.8864,444845.2613
1160036400,구로역,101,도로교차점,1,유,126.8798092,37.5030259,189372.5043,444846.7464
1160036500,은광교회,101,도로교차점,0,무,126.8456296,37.5030891,186350.2886,444858.173
1160036600,SGI한국불교회,101,도로교차점,0,무,126.8903247,37.5030916,190302.3107,444852.9002
1160036800,도림천연결3길삼거리,101,도로교차점,0,무,126.8928018,37.5031414,190521.3474,444858.1797
1160036900,영신빌딩,101,도로교차점,0,무,126.8459837,37.5032117,186381.6153,444871.7196
1160037100,청민그린빌라,101,도로교차점,0,무,126.8513054,37.5033942,186852.2016,444891.2215
1160037300,일신건영아파트,101,도로교차점,0,무,126.8857684,37.503321,189899.463,444878.8382
1160037500,미래초교_거리공원길_진입,101,도로교차점,0,무,126.8882291,37.503256,190117.0323,444871.3648
1160037600,개봉1파출소,101,도로교차점,1,유,126.8468987,37.5034928,186462.5769,444902.7862
1160037800,구로지하차도(북측),104,도로시설물,0,무,126.881539,37.5042782,189525.6322,444985.5405
1160038000,한강빌딩,101,도로교차점,0,무,126.8915107,37.5037071,190407.2623,444921.0922
1160038100,경남2차아파트,101,도로교차점,0,무,126.8565793,37.5037347,187318.5906,444928.2872
1160038300,정우사,101,도로교차점,1,유,126.8465636,37.5040883,186433.0493,444968.9322
1160038400,고척지하차도(북측),104,도로시설물,0,무,126.8699823,37.5023691,188503.4843,444775.0033
1160038500,서울가든아파트(고척동),101,도로교차점,0,무,126.8606032,37.5038922,187674.4118,444945.2343
1160038600,구로동복합건물 OPUS1,101,도로교차점,0,무,126.8770888,37.5039895,189132.1029,444954.008
1160038700,태창빌딩앞,101,도로교차점,0,무,126.8871731,37.5040685,190023.7665,444961.6541
1160038900,알파빌딩,101,도로교차점,0,무,126.8925486,37.5042467,190499.102,444980.8761
1160039000,미래초교,101,도로교차점,1,유,126.88773,37.5043432,190073.0452,444992.0812
1160039100,고척동우체국,101,도로교차점,1,유,126.8615888,37.5042481,187761.6186,444984.6044
1160039200,구로제일은행,101,도로교차점,1,유,126.8779233,37.5045983,189205.9694,445021.4743
1160039300,구로우성아파트,101,도로교차점,0,무,126.8880824,37.5045234,190104.2301,445012.0435
1160039500,신도림현대아파트앞,101,도로교차점,0,무,126.8872476,37.5046276,190030.432,445023.6979
1160039600,센츄리아파트,101,도로교차점,0,무,126.8612664,37.5047822,187733.2023,445043.9241
1160039700,동양자동차운전학원,101,도로교차점,0,무,126.8708221,37.5047829,188578.1102,445042.8019
1160039800,화이트빌,101,도로교차점,1,유,126.8453195,37.50491,186323.1952,445060.315
1160039900,우성아파트삼거리,101,도로교차점,0,무,126.8888545,37.5049182,190172.5565,445055.7809
1160040000,양우아파트,101,도로교차점,1,유,126.8557946,37.5050726,187249.4284,445076.8864
1160040100,구로구-양천구경계(5),105,행정경계,0,무,126.8709307,37.505098,188587.7675,445077.76
1160040200,서부간선도로-유통상가길램프,108,IC 및 JC,0,무,126.8746781,37.5051908,188919.1201,445087.6114
1160040400,구로재활용센타,101,도로교차점,1,유,126.8900426,37.5055206,190277.6856,445122.5199
1160040500,구로구-양천구경계(4),105,행정경계,0,무,126.8649405,37.5055444,188058.1833,445128.0535
1160040600,구로금호빌딩앞,101,도로교차점,1,유,126.8767974,37.5055612,189106.5652,445128.4808
1160040800,월드프라자,101,도로교차점,1,유,126.8765886,37.5057606,189088.1326,445150.6287
1160040900,신도림동사무소,101,도로교차점,0,무,126.8836059,37.5057642,189708.592,445150.2439
1160041100,고척동우성아파트,101,도로교차점,1,유,126.8605372,37.5059794,187668.9214,445176.8974
1160041200,작동터널(동측),104,도로시설물,0,무,126.8240272,37.5061577,184440.7961,445202.1011
1160041300,신도림3차푸르지오,101,도로교차점,1,유,126.884135,37.5061474,189755.4233,445192.7096
1160041600,구로구-양천구경계(2),105,행정경계,0,무,126.844268,37.5062928,186230.4839,445213.9368
1160041700,지하차도(남측)6,104,도로시설물,0,무,126.8740735,37.5056185,188865.7273,445135.1551
1160042000,궁동삼거리,101,도로교차점,0,무,126.8291235,37.5063916,184891.4543,445227.2264
1160042100,궁동터널(서측),104,도로시설물,0,무,126.830238,37.5064331,184990.003,445231.6538
1160042200,구로구-양천구경계(1),105,행정경계,0,무,126.8310828,37.5064723,185064.7038,445235.8651
1160042300,신도림 2차 대림아파트,103,속성변화점,0,무,126.882906,37.5064545,189646.799,445226.9362
1160042500,신도림대림3차아파트,103,속성변화점,1,유,126.8783318,37.5066158,189242.385,445245.3497
1160042600,샘물빌딩,101,도로교차점,0,무,126.8453039,37.5066455,186322.1369,445252.9321
1160042700,고척2파출소앞,101,도로교차점,1,유,126.8600552,37.5067707,187626.4363,445264.783
1160042800,새마길사거리,101,도로교차점,1,유,126.8924044,37.5068048,190486.6693,445264.8067
1160042900,라이프종합공구상가,101,도로교차점,0,무,126.8751755,37.5069363,188963.3586,445281.2868
1160043000,스타노래연습실,101,도로교차점,1,유,126.8598716,37.5070405,187610.2427,445294.7544
1160043100,스카이뷰아파트,101,도로교차점,0,무,126.8853322,37.5070273,189861.394,445290.2423
1160043200,구로1빗물펌프장,101,도로교차점,0,무,126.8922019,37.5071014,190468.8099,445297.7474
1160043300,신도림성당,101,도로교차점,1,유,126.8826865,37.5071081,189627.4843,445299.4983
1160043400,신도림 SK뷰,101,도로교차점,0,무,126.8857042,37.5072207,189894.3114,445311.6621
1160043500,오금교동단,101,도로교차점,1,유,126.8747997,37.5072486,188930.176,445315.9936
1160043600,구로구-영등포구경계(5),105,행정경계,0,무,126.8934402,37.507299,190578.3148,445319.5516
1160043700,성락교회 대학선교원,101,도로교차점,0,무,126.8816583,37.5073109,189536.5998,445322.1202
1160043800,동백빌라,101,도로교차점,0,무,126.8449122,37.5073583,186287.6352,445332.0956
1160043900,상보빌딩,102,도로시.종점,0,무,126.8790867,37.5074048,189309.2418,445332.826
1160044000,한일유앤아이아파트,101,도로교차점,1,유,126.8500088,37.5074545,186738.2744,445342.0439
1160044100,서울자재터미널,101,도로교차점,1,유,126.8860495,37.5075403,189924.8893,445347.0943
1160044200,신도림테크노마트,103,속성변화점,0,무,126.8912272,37.5075797,190382.6878,445350.9287
1160044300,봉영여중목동고,101,도로교차점,1,유,126.8624955,37.5077369,187842.3555,445371.7045
1160044400,신성은하수아파트,101,도로교차점,1,유,126.88648,37.5078518,189962.9894,445381.6225
1160044500,미성아파트(신도림동),101,도로교차점,0,무,126.8773593,37.5078893,189156.5769,445386.8011
1160044600,구로구-양천구경계(3),105,행정경계,0,무,126.8452254,37.5078603,186315.4154,445387.7684
1160044700,신도림대림아파트입구,101,도로교차점,1,유,126.8804562,37.5080856,189430.4212,445408.2324
1160044800,지하차도(북측)6,104,도로시설물,0,무,126.8757293,37.5087469,189012.5917,445482.1763
1160044900,대성제5주유소,101,도로교차점,0,무,126.8873117,37.5084354,190036.6026,445446.3093
1160045000,신도림동 새마을금고,101,도로교차점,0,무,126.8799171,37.5083759,189382.7961,445440.5116
1160045100,구로구-양천구경계(6),105,행정경계,0,무,126.8735827,37.5084941,188822.7549,445454.3709
1160045200,신도림교회입구,101,도로교차점,0,무,126.8761682,37.5085365,189051.3591,445458.7697
1160045300,우성3차아파트,101,도로교차점,1,유,126.8644435,37.5086736,188014.7372,445475.4158
1160045400,신도림7차 이편한세상,101,도로교차점,1,유,126.8818247,37.5090168,189551.5488,445511.43
1160045500,신도림1차푸르지오,101,도로교차점,0,무,126.8864012,37.5089518,189956.1692,445503.724
1160045600,새마을금고신도림,101,도로교차점,0,무,126.8784761,37.5093065,189255.5312,445543.9639
1160045700,신도림동아2차아파트,101,도로교차점,1,유,126.8849072,37.5093866,189824.1418,445552.1428
1160045800,동아아파트3차,101,도로교차점,1,유,126.8826799,37.5096509,189627.2528,445581.7101
1160045900,계남공원,101,도로교차점,1,유,126.8581308,37.5099509,187456.8105,445618.0053
1160046000,신도림역,101,도로교차점,1,유,126.8903682,37.5102262,190307.0807,445644.7512
1160046100,구로구-영등포구경계(6),105,행정경계,0,무,126.8911981,37.5106096,190380.5027,445687.2169
1160046200,성광빌딩,101,도로교차점,1,유,126.8846787,37.5110733,189804.1662,445739.3645
1160046300,신도림대우푸르지오앞,101,도로교차점,0,무,126.8893486,37.511124,190217.0488,445744.4953
1160046400,신도림중학교,101,도로교차점,1,유,126.8850895,37.5113703,189840.5281,445772.284
1160046500,바하피아노,101,도로교차점,0,무,126.8848287,37.5114283,189817.4754,445778.7457
1160046600,신도림초등학교,101,도로교차점,0,무,126.8820856,37.512096,189575.0504,445853.1599
1160046700,한천1길삼거리,101,도로교차점,1,유,126.8813034,37.5122821,189505.9142,445873.9017
1160046800,번영길삼거리,101,도로교차점,0,무,126.8809261,37.5124057,189472.5767,445887.6601
1160046900,신도림우성아파트삼거리,101,도로교차점,1,유,126.8866874,37.5125255,189981.9535,445900.3204
1160047000,신도림우성아파트5차,101,도로교차점,0,무,126.8824577,37.5127911,189608.0436,445930.2581
1160047100,금안자동차정비공업사,101,도로교차점,0,무,126.8799108,37.5128635,189382.8827,445938.5793
1160047200,신도림동 복지관,101,도로교차점,0,무,126.8838269,37.5137581,189729.223,446037.441
1160047300,지하차도(남측)2,104,도로시설물,0,무,126.8809191,37.5145424,189472.2593,446124.8074
1160047400,서부간선도로-한천길램프(1),108,IC 및 JC,1,유,126.8819057,37.5149818,189559.5463,446173.4688
1160047600,구로구-영등포구경계(7),105,행정경계,0,무,126.8823494,37.5154261,189598.8362,446222.7227
1160047700,서부간선도로-도림천로램프(4),108,IC 및 JC,0,무,126.8819624,37.5156097,189564.6457,446243.1461
1160047800,범박터널(북측),104,도로시설물,0,무,126.8164235,37.4744651,183761.6293,441685.914
1160047900,서해안로_철길지점,103,속성변화점,0,무,126.8193008,37.4770251,184016.6881,441969.5479
1160048000,역곡천교(남측),104,도로시설물,0,무,126.8212918,37.478772,184193.1655,442163.091
1160048100,역곡천교(북측),104,도로시설물,0,무,126.8217544,37.4791839,184234.176,442208.7317
1160048200,서해안로_연동로_사거리_1,101,도로교차점,1,유,126.8236109,37.480703,184398.6988,442377.0226
1160048300,푸른수목원,101,도로교차점,0,무,126.8229884,37.4822713,184343.9667,442551.187
1160048400,생태터널(남측),104,도로시설물,0,무,126.8296451,37.4853341,184933.3389,442890.0352
1160048500,생태터널(북측),104,도로시설물,0,무,126.8305936,37.4859315,185017.3443,442956.1812
1160048600,Queen's Vill,103,속성변화점,0,무,126.8329466,37.4872221,185225.7041,443099.0564
1160048700,대림1교(서측),104,도로시설물,1,유,126.8964593,37.4892508,190843.0507,443316.1351
1160048800,구로중앙하이츠아파트삼거리,101,도로교차점,1,유,126.8797152,37.4980894,189363.4925,444298.8726
1160048900,새말고가교(남측),104,도로시설물,0,무,126.8809043,37.5011158,189469.0615,444634.6295
1160049000,새말고가교(북측),104,도로시설물,0,무,126.8821935,37.5017691,189583.153,444706.991
1160049100,애경백화점주차장입구,101,도로교차점,0,무,126.8827251,37.50199,189630.1869,444731.4486
1160049200,구로롯데아파트앞,101,도로교차점,0,무,126.884479,37.5027178,189785.3715,444812.033
1160049300,구로롯데아파트108동앞,102,도로시.종점,0,무,126.8842812,37.5029107,189767.9089,444833.4643
1160049400,경서농협개봉역지점,101,도로교차점,1,유,126.8559477,37.4916771,187260.6938,443590.1385
1160049500,구일로_남부순환로_진입,101,도로교차점,0,무,126.8758683,37.4895948,189022.0729,443356.5175
1160049600,구일로_남부순환로_진출,101,도로교차점,0,무,126.8765448,37.489131,189081.8336,443304.9707
1160049700,가마산지하차도(남측),104,도로시설물,0,무,126.8798414,37.4874542,189373.139,443118.486
1160049800,가마산지하차도(북측),104,도로시설물,0,무,126.8811472,37.4897744,189488.9569,443375.8486
1160049900,가마산고가차도밑U턴지점,102,도로시.종점,0,무,126.8829602,37.4930106,189649.7377,443734.8205
1160050000,신도림고등학교,103,속성변화점,1,유,126.883132,37.514096,189667.8395,446075.0119
1160050100,구로자이나인스에비뉴,104,도로시설물,0,무,126.8835685,37.4996648,189704.4444,444473.2922
1160050200,은성금속,103,속성변화점,0,무,126.8862168,37.5062224,189939.5075,445200.8125
1170000100,기아대교앞,101,도로교차점,1,유,126.9031633,37.4387707,191430.1855,437712.9071
1170000200,박미삼거리,101,도로교차점,0,무,126.9029618,37.4484777,191413.4638,438790.2677
1170000300,시흥사거리,101,도로교차점,0,무,126.9005343,37.4547667,191199.3938,439488.4762
1170000400,금천IC,103,속성변화점,0,무,126.8907564,37.4601235,190334.9511,440083.9719
1170000800,기아대교사거리,104,도로시설물,0,무,126.8994861,37.4386962,191104.7473,437704.9695
1170000900,시계(호암로),105,행정경계,0,무,126.9148694,37.4400426,192466.2776,437853.0679
1170001500,독산4동,101,도로교차점,0,무,126.9017089,37.4664924,191304.686,440789.7598
1170001700,독산역,101,도로교차점,0,무,126.8895476,37.4665434,190228.8362,440796.6159
1170001800,한국산업기술협회,101,도로교차점,0,무,126.8864262,37.4694439,189953.0924,441118.8581
1170002000,두산로교차로,101,도로교차점,0,무,126.8877694,37.4705559,190072.0592,441242.131
1170002100,독산동남문종합시장,101,도로교차점,0,무,126.9029595,37.4707797,191415.8112,441265.4816
1170002200,독산사거리,101,도로교차점,0,무,126.8981918,37.4714418,190994.1381,441339.4045
1170002300,마이크로오피스앞,101,도로교차점,0,무,126.8824438,37.4722864,189601.1958,441434.7712
1170002400,구로한국후지필름,101,도로교차점,0,무,126.8848715,37.4729658,189816.0379,441509.9131
1170002500,구로온누리아파트,101,도로교차점,0,무,126.886143,37.4742431,189928.6845,441651.5316
1170002700,독산3동주민센터,101,도로교차점,0,무,126.9035732,37.4762454,191470.7124,441872.0401
1170002800,SK트윈테크타워,101,도로교차점,1,유,126.8833046,37.4765497,189677.9252,441907.8472
1170002900,수출의다리,101,도로교차점,1,유,126.8849677,37.4770263,189825.0999,441960.5655
1170003100,디지털3단지월드벤쳐센터,101,도로교차점,0,무,126.8792479,37.4794214,189319.5066,442227.0147
1170003300,가산디지털단지역(1호선),101,도로교차점,0,무,126.8829369,37.4816766,189646.1089,442476.9009
1170003400,디지털산업단지운동장,101,도로교차점,0,무,126.877709,37.4829706,189183.9074,442621.1124
1170003500,한국건설생활환경시험연구원,101,도로교차점,0,무,126.8801535,37.4836526,189400.2047,442696.5188
1170003600,금천구-안양시경계(1),105,행정경계,0,무,126.9011111,37.4359511,191248.2392,437400.156
1170003700,케이디에스인텍빌딩,102,도로시.종점,0,무,126.9010289,37.4386116,191241.2726,437695.4445
1170003900,호암2터널(북측),104,도로시설물,0,무,126.916216,37.443387,192585.771,438224.136
1170004000,호암1터널(남측),104,도로시설물,0,무,126.917386,37.4452091,192689.4878,438426.2781
1170004100,호암1터널(북측),104,도로시설물,0,무,126.9181865,37.445963,192760.3963,438509.8866
1170004200,금하로_호암로_진입,101,도로교차점,0,무,126.9204717,37.4480757,192962.8045,438744.189
1170004300,천주교시흥동성당,101,도로교차점,1,유,126.9033703,37.4474226,191449.4891,438673.1216
1170004400,백산주유소,101,도로교차점,0,무,126.9024202,37.4498768,191365.6966,438945.5956
1170004500,관악벽산아파트 6단지,101,도로교차점,0,무,126.9179421,37.4498395,192739.1414,438940.144
1170004600,금하로_호암로_진출,101,도로교차점,0,무,126.9207826,37.4499892,192990.4961,438956.5482
1170004700,도성교회,101,도로교차점,0,무,126.9196104,37.4500218,192886.7792,438960.2524
1170004900,평화교회,101,도로교차점,0,무,126.9123801,37.4501073,192247.0154,438970.3066
1170005000,관악농협협동조합,101,도로교차점,1,유,126.9098676,37.4506728,192024.765,439033.2775
1170005100,운형빌딩,101,도로교차점,0,무,126.9058934,37.4508844,191673.1308,439057.1055
1170005200,은행나무오거리,101,도로교차점,1,유,126.9085932,37.4511676,191912.0522,439088.311
1170005300,문일중고,101,도로교차점,1,유,126.9018595,37.4513251,191316.2483,439106.3901
1170005500,예림유치원,101,도로교차점,0,무,126.9183828,37.4515515,192778.2998,439130.1152
1170005600,벽산아파트,101,도로교차점,0,무,126.9206292,37.4517109,192977.0881,439147.6444
1170005700,시흥벽산아파트,101,도로교차점,0,무,126.9207649,37.4517098,192989.0873,439147.5111
1170005800,한광빌딩,101,도로교차점,0,무,126.9116005,37.4519328,192178.2236,439172.9778
1170005900,금천구-광명시경계(8),105,행정경계,0,무,126.8930979,37.4521494,190541.1079,439198.7158
1170006000,은행나무사거리,101,도로교차점,1,유,126.9060127,37.452285,191683.8465,439212.5485
1170006100,대한전선(주),102,도로시.종점,0,무,126.8957514,37.4522256,190775.8972,439206.9129
1170006200,벽산아파트,101,도로교차점,1,유,126.9207263,37.4523255,192985.7336,439215.8404
1170006300,시흥대교(북단),103,속성변화점,0,무,126.8947642,37.452493,190688.5845,439236.6786
1170006400,시흥대교교차로,108,IC 및 JC,0,무,126.892401,37.4532722,190479.5852,439323.4004
1170006500,시흥대교교차로,108,IC 및 JC,0,무,126.8925259,37.4533143,190490.6429,439328.0586
1170006600,인영복지빌딩(인영실버),101,도로교차점,0,무,126.897581,37.453604,190937.9548,439359.7101
1170006700,관악벽산아파트(1단지),101,도로교차점,0,무,126.9200131,37.453784,192922.7626,439377.7657
1170006800,시흥지구대,101,도로교차점,1,유,126.8998689,37.454547,191140.4937,439464.1546
1170006900,삼성산터널(동측),104,도로시설물,0,무,126.9116692,37.4545504,192184.5736,439463.4909
1170007000,금천육교,108,IC 및 JC,0,무,126.891281,37.4546872,190380.6698,439480.5559
1170007100,삼성산터널(서측),104,도로시설물,0,무,126.910227,37.4552597,192057.0442,439542.3369
1170007200,필승아파트,101,도로교차점,1,유,126.8971675,37.4553278,190901.5745,439551.0704
1170007500,단군6길삼거리,101,도로교차점,0,무,126.9096642,37.4557409,192007.3024,439595.7828
1170007700,금천구청역삼거리,101,도로교차점,0,무,126.8947622,37.4560301,190688.8491,439629.2549
1170008000,장혁빌딩,101,도로교차점,0,무,126.9056549,37.456223,191652.6256,439649.6411
1170008200,안천초등학교_철산로_진출,101,도로교차점,0,무,126.8903837,37.4562536,190301.4782,439654.4949
1170008300,산복터널(남측),104,도로시설물,0,무,126.9207822,37.4560015,192991.0252,439623.8287
1170008400,시흥역,102,도로시.종점,0,무,126.8928132,37.4571676,190516.5435,439755.6948
1170008500,금천육교,108,IC 및 JC,0,무,126.8903706,37.4569145,190300.4053,439727.8578
1170008600,금천구-관악구경계(1),105,행정경계,0,무,126.9208888,37.4570505,193000.5503,439740.2456
1170008700,독산한신상가,101,도로교차점,1,유,126.8885935,37.4571646,190143.2058,439755.7893
1170008800,금천구청입구,101,도로교차점,0,무,126.8995824,37.4572491,191115.4719,439764.0772
1170008900,금천구의회,103,속성변화점,0,무,126.8938364,37.4573059,190607.0927,439770.9396
1170009100,독산한신아파트,101,도로교차점,1,유,126.8897605,37.4577074,190246.5258,439815.916
1170009200,안양천교(북단),103,속성변화점,0,무,126.891104,37.4584611,190365.4893,439899.4253
1170009300,금천구-광명시경계(7),105,행정경계,0,무,126.8854485,37.4598041,189865.3062,440049.0767
1170009400,금천IC,108,IC 및 JC,0,무,126.8893188,37.4620275,190208.0058,440295.4348
1170009500,금천현대아파트,101,도로교차점,0,무,126.8914903,37.4620496,190400.1219,440297.6599
1170009600,삼익아파트,102,도로시.종점,0,무,126.9096067,37.4624815,192002.9346,440343.9091
1170009700,산기슭공원,101,도로교차점,0,무,126.9070434,37.4626109,191776.1745,440358.4881
1170009800,시흥4동사거리,101,도로교차점,0,무,126.9040705,37.4627468,191513.1781,440373.834
1170009900,금천IC,108,IC 및 JC,0,무,126.8889397,37.4622637,190174.5062,440321.6875
1170010100,중화철강,101,도로교차점,0,무,126.8871051,37.4647843,190012.5344,440601.6308
1170010200,테크노에스(주),101,도로교차점,1,유,126.8903277,37.4648218,190297.628,440605.4541
1170010300,금천교교차로,101,도로교차점,1,유,126.8839149,37.4648881,189730.3128,440613.5029
1170010500,서부간선도로-독산역길램프(1),108,IC 및 JC,0,무,126.8855331,37.4654733,189873.5574,440678.2743
1170010600,금천교(동단),101,도로교차점,0,무,126.8861744,37.4656057,189930.3005,440692.8995
1170010700,금천고가차도,101,도로교차점,0,무,126.8879481,37.4661235,190087.2838,440750.1814
1170010800,말미사거리,101,도로교차점,1,유,126.8977182,37.4665171,190951.6461,440792.8777
1170010900,가산중(가남물산앞),101,도로교차점,1,유,126.8946918,37.4665481,190683.9204,440796.6159
1170011000,금천소망교회앞,101,도로교차점,1,유,126.8933489,37.4665529,190565.1223,440797.2774
1170011100,서울두산초교,101,도로교차점,0,무,126.8918505,37.4665575,190432.5657,440797.9388
1170011200,문교초등학교,101,도로교차점,0,무,126.9083004,37.4667599,191887.8288,440818.864
1170011300,(주)마이크로코리아앞,101,도로교차점,0,무,126.8890825,37.4675681,190187.8257,440910.387
1170011400,가산중학교,101,도로교차점,0,무,126.8942434,37.4676129,190644.3872,440914.8408
1170011500,독산소방파출소,101,도로교차점,1,유,126.8978661,37.4680547,190964.9135,440963.5211
1170011600,독산1동어린이집,101,도로교차점,0,무,126.8911874,37.4681573,190374.1148,440975.5628
1170011700,금천교,108,IC 및 JC,0,무,126.8852199,37.4666821,189846.0126,440812.4634
1170011800,일우정밀앞,101,도로교차점,0,무,126.8924924,37.4685268,190489.6056,441016.441
1170011900,금천구-관악구경계(2),105,행정경계,0,무,126.910038,37.4686706,192041.7513,441030.7777
1170012000,대륭테크노타운,101,도로교차점,1,유,126.8838569,37.4687406,189725.709,441041.0752
1170012100,가산중교앞,101,도로교차점,0,무,126.8936898,37.4688568,190595.5714,441052.9536
1170012200,박재영과위원,101,도로교차점,0,무,126.9023399,37.4688673,191360.7778,441053.2853
1170012300,서부간선도로-서부샛길램프(1),108,IC 및 JC,0,무,126.8835417,37.4691076,189697.8845,441081.8504
1170012500,금천우체국,101,도로교차점,1,유,126.8980133,37.4695858,190978.1243,441133.4368
1170012600,롯데마그넷,101,도로교차점,0,무,126.8960853,37.4699146,190807.6068,441170.1169
1170012700,성서침례교회,101,도로교차점,1,유,126.8949142,37.4701143,190704.0339,441192.3966
1170012800,오토전자(주)앞,101,도로교차점,0,무,126.8936698,37.4703265,190593.9839,441216.0695
1170012900,진도아파트2차,101,도로교차점,0,무,126.8916746,37.4704041,190417.4971,441224.8821
1170013000,신세계물류센타,101,도로교차점,0,무,126.8901941,37.4704617,190286.5408,441231.4212
1170013100,금천교,108,IC 및 JC,0,무,126.8820982,37.4705779,189570.394,441245.1919
1170013200,독산1동새마을금고,101,도로교차점,0,무,126.897285,37.4715313,190913.932,441349.4253
1170013300,동양인쇄(주),101,도로교차점,1,유,126.8810505,37.4719274,189477.8998,441395.0837
1170013400,금천구-광명시경계(6),105,행정경계,0,무,126.8806348,37.4724516,189441.2008,441453.3022
1170013500,원평그린빌리지,101,도로교차점,0,무,126.8864431,37.4735669,189955.1429,441576.4559
1170013600,드림캐슬주상복합아파트,101,도로교차점,0,무,126.8907878,37.4735637,190339.4543,441575.6445
1170013700,한양교회,101,도로교차점,0,무,126.894007,37.4735547,190624.2126,441574.3216
1170013800,미성빌딩앞,101,도로교차점,0,무,126.8946197,37.4738592,190678.4523,441608.056
1170013900,철산대교(동단),104,도로시설물,0,무,126.8802965,37.4756964,189411.7329,441813.4711
1170014100,디지털3단지,101,도로교차점,1,유,126.8808528,37.4758702,189460.9664,441832.7054
1170014200,신평대일타운,101,도로교차점,0,무,126.8930279,37.4758424,190537.8922,441828.3221
1170014300,금천구-광명시경계(5),105,행정경계,0,무,126.8782515,37.4759029,189230.871,441836.6212
1170014400,구로아파트,101,도로교차점,0,무,126.889599,37.4759823,190234.6129,441844.1971
1170014500,수출의다리고가차도(서측),104,도로시설물,0,무,126.8817498,37.4761095,189540.3415,441859.1638
1170014600,문성빌라,101,도로교차점,0,무,126.9059658,37.4765393,191682.3795,441904.4516
1170014700,혜전빌딩,101,도로교차점,0,무,126.8987472,37.4769922,191043.9277,441955.3738
1170014800,수출의다리고가차도(동측),104,도로시설물,0,무,126.8869082,37.4775889,189996.8182,442022.7912
1170014900,금천구-관악구경계(3),105,행정경계,0,무,126.911901,37.4772901,192207.4462,441987.2664
1170015000,가산동사무소,101,도로교차점,0,무,126.8915448,37.4774949,190406.9231,442011.8772
1170015100,시흥IC_시흥대로_진입_2,101,도로교차점,0,무,126.8987146,37.4773459,191041.0882,441994.6404
1170015200,시흥IC_시흥대로_진출_1,101,도로교차점,0,무,126.89885,37.4773388,191053.0612,441993.8351
1170015300,2공단사거리,101,도로교차점,1,유,126.8880444,37.4779386,190097.36,442061.4866
1170015400,시흥IC,101,도로교차점,0,무,126.8989392,37.4784131,191061.0806,442113.0626
1170015500,시흥IC,101,도로교차점,0,무,126.8988038,37.4784203,191049.1076,442113.8679
1170015600,시흥IC_남부순환로_진출_2,101,도로교차점,0,무,126.8959147,37.4784138,190793.5651,442113.4289
1170015700,시흥IC_남부순환로_진입_2,101,도로교차점,0,무,126.8959104,37.4785219,190793.1903,442125.4231
1170015800,모텔케슬,101,도로교차점,1,유,126.8889445,37.4786338,190177.0659,442138.5467
1170015900,일산기업,101,도로교차점,0,무,126.8765718,37.4786665,189082.7041,442143.5385
1170016000,시흥IC_남부순환로_진입_4,101,도로교차점,0,무,126.8982456,37.4787889,190999.7793,442154.8379
1170016100,시흥IC_남부순환로_진출_4,101,도로교차점,0,무,126.8982159,37.4788944,190997.1643,442166.5495
1170016200,구로고가차도(남측),101,도로교차점,1,유,126.8931614,37.4788188,190550.0829,442158.6473
1170016300,시흥IC,101,도로교차점,0,무,126.8996921,37.4790476,191127.7508,442183.4121
1170016400,시흥IC,101,도로교차점,0,무,126.8996624,37.4791531,191125.1357,442195.1237
1170016500,시흥IC_남부순환로_진입_1,101,도로교차점,0,무,126.9010795,37.4792957,191250.4943,442210.8193
1170016600,디지털단지오거리,101,도로교차점,1,유,126.8899193,37.4793916,190263.3864,442222.5521
1170016700,시흥IC_남부순환로_진출_1,101,도로교차점,0,무,126.9010491,37.4794011,191247.8159,442222.5164
1170016800,디지털단지오거리,101,도로교차점,0,무,126.8888428,37.4797793,190168.2277,442265.6936
1170016900,구로전화국,101,도로교차점,1,유,126.9039947,37.4798991,191508.4156,442277.5149
1170017100,가산디지털단지역(7호선),101,도로교차점,1,유,126.8817146,37.4801033,189537.7883,442302.4211
1170017200,가산치안센터,101,도로교차점,0,무,126.8878507,37.4803391,190080.5472,442327.9268
1170017300,가산디지털단지역,101,도로교차점,1,유,126.8833782,37.480665,189685.0028,442364.5851
1170017400,금천구-관악구경계(4),105,행정경계,0,무,126.9097743,37.4809645,192019.7239,442395.2547
1170017500,진도패션,101,도로교차점,0,무,126.8854423,37.4812241,189867.645,442426.4117
1170017600,대륭포스트타워5차,101,도로교차점,1,유,126.8866522,37.4817927,189974.7353,442489.3827
1170017700,GS칼텍스주유소,101,도로교차점,0,무,126.8748983,37.482187,188935.1986,442534.4612
1170017800,스타밸리,101,도로교차점,0,무,126.8846052,37.4823342,189793.76,442549.7078
1170017900,지하차도(남측)7,104,도로시설물,0,무,126.8743195,37.4831929,188884.1514,442646.1798
1170018000,시골장터식당,101,도로교차점,0,무,126.8849688,37.4831497,189826.0263,442640.1726
1170018100,금천구-광명시경계(2),105,행정경계,0,무,126.8741279,37.4851131,188867.494,442859.3131
1170018200,구로고가차도(북측),101,도로교차점,0,무,126.8810414,37.4856904,189479.0242,442922.5925
1170018400,구로IC_가산디지털1길_진출,101,도로교차점,0,무,126.8790827,37.4860755,189305.8491,442965.5562
1170018600,구로IC,101,도로교차점,0,무,126.8792523,37.4864059,189320.8898,443002.2092
1170018700,구로현대로얄아파트,105,행정경계,0,무,126.8790815,37.4864163,189305.7934,443003.3738
1170018900,은평교회,101,도로교차점,0,무,126.9066778,37.4508944,191742.5414,439058.1558
1170019000,구로IC,101,도로교차점,0,무,126.8791757,37.4863167,189314.1018,442992.3135
1170019100,STXV타워,102,도로시.종점,0,무,126.8845184,37.4769037,189785.3462,441947.0056
1170019200,교원구로물류센터,101,도로교차점,0,무,126.8863734,37.4656748,189947.9175,440700.5434
1170019300,독산역2번출구,102,도로시.종점,1,유,126.8891081,37.4664393,190189.9423,440785.1065
1180000300,문래동사거리,101,도로교차점,1,유,126.8972737,37.5131659,190917.9794,445970.3249
1180000400,신정교동단,101,도로교차점,1,유,126.8821988,37.5161083,189585.6137,446298.4538
1180000500,영등포역,101,도로교차점,0,무,126.906644,37.5164138,191746.7641,446329.9407
1180000600,영등포로타리,101,도로교차점,1,유,126.9123756,37.5184224,192253.676,446552.3808
1180001500,여의하류IC,108,IC 및 JC,0,무,126.9073823,37.5347961,191814.0366,448370.0787
1180001600,양화대교남단,104,도로시설물,0,무,126.8996263,37.5381941,191128.9352,448747.9166
1180001900,노들길-선유도길램프,108,IC 및 JC,0,무,126.8959111,37.5405702,190800.8777,449011.9956
1180002000,한강시민공원양화지구,101,도로교차점,0,무,126.8920977,37.5431638,190464.1845,449300.2302
1180002300,월드컵대교남단,108,IC 및 JC,0,무,126.8809142,37.552014,189477.0899,450283.6885
1180002400,구로1교,105,행정경계,0,무,126.8976568,37.4874551,190948.7448,443116.7179
1180002500,대림공원,101,도로교차점,0,무,126.9024859,37.4917074,191376.322,443588.216
1180002800,기상청입구,101,도로교차점,0,무,126.9175263,37.4972131,192706.957,444198.0039
1180002900,대림소방PB,101,도로교차점,1,유,126.9039869,37.4976454,191509.7318,444247.1246
1180003100,신길주유소,101,도로교차점,0,무,126.9085496,37.4993584,191913.3909,444436.8476
1180004400,신도림고가차도(북측),101,도로교차점,0,무,126.8930432,37.5091444,190543.4499,445524.4137
1180004900,남성아파트상가,101,도로교차점,0,무,126.8919236,37.513192,190444.9778,445973.7568
1180005000,문래동신안인스빌,101,도로교차점,0,무,126.8873793,37.5141102,190043.3415,446076.1377
1180064300,올림픽대로램프(6),108,IC 및 JC,0,무,126.8927525,37.5436543,190522.1122,449354.6074
1180064400,한강시민공원양화지구,108,IC 및 JC,0,무,126.8918804,37.5434207,190445.0116,449328.7725
1180064500,성산대교남단교차로,108,IC 및 JC,0,무,126.8873538,37.5438647,190045.0355,449378.5197
1180064600,양화나루길-일반국도6호선_진출,101,도로교차점,0,무,126.8890542,37.5443132,190195.3687,449428.1176
1180064700,올림픽대로램프(7),108,IC 및 JC,0,무,126.8910512,37.544503,190371.8691,449448.982
1180064800,양화나루길-일반국도6호선_진입,101,도로교차점,0,무,126.890001,37.544288,190279.0322,449425.225
1180064900,올림픽대로-일반국도6호선램프(2,108,IC 및 JC,0,무,126.8906402,37.5440788,190335.5003,449401.9342
1180065000,영등포구-마포구경계(3),105,행정경계,0,무,126.9053784,37.5443826,191637.9946,449434.2472
1180065100,올림픽대로-일반국도1호선램프(4,108,IC 및 JC,0,무,126.8897875,37.5446977,190260.2182,449470.7156
1180065200,올림픽대로-일반국도1호선램프(5,108,IC 및 JC,0,무,126.8904722,37.5449653,190320.7684,449500.3451
1180065300,서부간선도로-일반국도6호선램프,108,IC 및 JC,0,무,126.8885517,37.5450247,190151.0518,449507.143
1180065400,성산대교남단교차로,108,IC 및 JC,0,무,126.8879236,37.545344,190095.5884,449542.6464
1180065500,올림픽대로-일반국도1호선램프(3,108,IC 및 JC,0,무,126.8889028,37.5456802,190182.166,449579.8565
1180065600,성산대교남단교차로,108,IC 및 JC,0,무,126.8875119,37.5456816,190059.2526,449580.1544
1180065700,올림픽대로-일반국도1호선램프(6,108,IC 및 JC,0,무,126.8897255,37.5457684,190254.8825,449589.5579
1180065800,성산대교남단교차로,108,IC 및 JC,0,무,126.887113,37.5458843,190024.0276,449602.6918
1180065900,성산대교남단교차로,108,IC 및 JC,0,무,126.8860807,37.5462784,189932.8555,449646.5402
1180066000,성산대교남단교차로,108,IC 및 JC,0,무,126.8878275,37.5464926,190087.2494,449670.128
1180066100,성산대교남단교차로,108,IC 및 JC,0,무,126.887706,37.5465409,190076.5202,449675.5081
1180066200,일반국도1호선-일반국도6호선_진,101,도로교차점,0,무,126.8844933,37.5472107,189792.7053,449750.1922
1180066300,일반국도1호선-일반국도6호선_진,101,도로교차점,0,무,126.8865731,37.5469236,189976.452,449718.1015
1180066400,성산대교남단,108,IC 및 JC,0,무,126.8888365,37.5477768,190176.5848,449812.5539
1180066500,성산대교남단,108,IC 및 JC,0,무,126.8886539,37.5478797,190160.4641,449824.003
1180066600,성산대교남단,101,도로교차점,0,무,126.8885313,37.5479261,190149.6282,449829.1588
1180066700,성산대교남단,108,IC 및 JC,0,무,126.8889122,37.5474839,190183.2374,449780.0376
1180066800,양화교_일반국도6호선_진입_1,101,도로교차점,0,무,126.8816762,37.5479678,189543.8567,449834.5325
1180066900,염창JC(노들로),108,IC 및 JC,0,무,126.8825206,37.5480757,189618.4904,449846.4162
1180067000,염창IC2,108,IC 및 JC,0,무,126.8793604,37.5511221,189339.6604,450184.88
1180067100,영등포구-마포구경계(4),105,행정경계,0,무,126.8904818,37.5510216,190322.3954,450172.5243
1180067200,영등포구-강서구경계(1),105,행정경계,0,무,126.8782508,37.5512516,189241.6296,450199.3782
1180067500,염창JC,108,IC 및 JC,0,무,126.8814889,37.5520608,189527.8774,450288.8197
1180067600,염창IC5,108,IC 및 JC,0,무,126.8778666,37.5530278,189207.9409,450396.5549
1180067700,영등포구-강서구경계(2),105,행정경계,0,무,126.8770404,37.5532481,189134.9627,450421.1076
1180067800,대림2교(동측),104,도로시설물,1,유,126.8996198,37.4861702,191122.2005,442973.9329
1180067900,은평교회,101,도로교차점,0,무,126.9051896,37.5050839,191616.918,445072.5908
1180068000,올림픽대로진출입램프,103,속성변화점,0,무,126.8807661,37.5491572,189463.599,449966.6407
1180068100,올림픽대로_노들로_진출,101,도로교차점,0,무,126.8816631,37.5480755,189542.7188,449846.4806
1180068200,문래빗물펌프장,101,도로교차점,0,무,126.8826512,37.5158466,189625.5751,446269.3591
1180068300,신한전기공업주식회사,101,도로교차점,0,무,126.8827786,37.5161327,189636.8701,446301.1057
1180068400,문래현대3차아파트,101,도로교차점,0,무,126.8838418,37.5157564,189730.8128,446259.2232
1180068500,도림천로진입점,101,도로교차점,0,무,126.8845943,37.5151688,189797.2613,446193.9273
1180068600,선유도진입지하차도1(북측),101,도로교차점,0,무,126.8884932,37.5445859,190145.8228,449458.4462
1180068700,양평교,108,IC 및 JC,0,무,126.8895146,37.5398601,190235.476,448933.8299
1180068800,선유도진입지하차도2(남측),101,도로교차점,0,무,126.8906052,37.5461219,190332.6702,449628.6953
1180068900,올림픽대로진출램프,103,속성변화점,0,무,126.8911397,37.5453505,190379.8013,449543.0347
1180069000,현대2차아파트201동,101,도로교차점,0,무,126.8939727,37.5027812,190624.832,444818.0779
1180069100,양화대교남단,108,IC 및 JC,0,무,126.9030568,37.5369475,191431.9788,448609.2461
1180069200,올림픽대로-노들길램프(20),108,IC 및 JC,0,무,126.9105037,37.5289851,192089.3069,447724.8648
1190000100,동작대교JC,108,IC 및 JC,0,무,126.9743173,37.5057823,197729.1677,445146.1948
1190000200,한강대교(남단),104,도로시설물,0,무,126.956298,37.5139749,196136.3558,446056.0589
1190000300,여의상류IC,108,IC 및 JC,0,무,126.9405017,37.5173928,194740.0524,446436.1596
1190000400,남성역,101,도로교차점,0,무,126.968834,37.4859868,197243.6143,442949.2984
1190000600,보라매우성아파트,103,속성변화점,0,무,126.9232758,37.4930133,193214.9958,443731.4506
1190001000,신상도초교,101,도로교차점,0,무,126.9440328,37.4990915,195051.0116,444404.7647
1190001300,동작역,108,IC 및 JC,0,무,126.9820913,37.5015762,198416.4462,444679.2141
1190001600,상도대림아파트,101,도로교차점,0,무,126.9462402,37.5048289,195246.57,445041.4285
1190001700,상도터널,101,도로교차점,0,무,126.9504761,37.5047465,195621.1067,445032.0761
1190002100,노량진삼익아파트,101,도로교차점,0,무,126.944679,37.5106851,195108.9158,445691.4669
1190002200,노들역,101,도로교차점,1,유,126.9543135,37.5126686,195960.8324,445911.156
1190002300,동작전화국입구,101,도로교차점,0,무,126.9318598,37.5132146,193975.7351,445972.9577
1190002500,한강대교남단교차로,101,도로교차점,1,유,126.9560981,37.5136211,196118.6567,446016.7911
1190002600,노량진역,101,도로교차점,0,무,126.9442806,37.5138004,195073.8904,446037.2516
1190002700,여의교남단,101,도로교차점,1,유,126.926896,37.5146576,193537.012,446133.4454
1190002800,유원강변아파트,108,IC 및 JC,0,무,126.9513254,37.515134,195696.7959,446184.9159
1190002900,사당시장,101,도로교차점,0,무,126.9743114,37.4832912,197727.9638,442649.9791
1190003000,남성초등학교,101,도로교차점,1,유,126.9775079,37.4838695,198010.6981,442714.0877
1190003100,남성역7호선,101,도로교차점,0,무,126.9723845,37.4841333,197557.5717,442743.483
1190003200,대성문구인쇄,101,도로교차점,1,유,126.9792638,37.4844212,198166.0132,442775.2794
1190003300,사당5동주민센터,101,도로교차점,0,무,126.9676093,37.4850031,197135.2672,442840.1575
1190003600,구로디지털단지역,101,도로교차점,0,무,126.9034513,37.4854248,191460.9818,442890.8427
1190003700,대림아파트(사당동),101,도로교차점,0,무,126.9740696,37.4868249,197706.6912,443042.1717
1190003800,대흥장로교회,101,도로교차점,0,무,126.9749968,37.4874926,197788.7122,443116.2552
1190003900,조흥은행,101,도로교차점,1,유,126.905413,37.4877112,191634.7309,443144.431
1190004000,성실교회,101,도로교차점,0,무,126.9083703,37.4876885,191896.272,443141.6529
1190004100,삼일초등학교,101,도로교차점,0,무,126.9757774,37.4881721,197857.7686,443191.6616
1190004200,엘지아파트,101,도로교차점,1,유,126.9636542,37.4885457,196785.6197,443233.4614
1190004300,대림사거리,101,도로교차점,0,무,126.9063404,37.4889063,191716.8842,443276.9875
1190004400,사당동2차롯데낙천대아파트,101,도로교차점,0,무,126.9715885,37.4895277,197487.3512,443342.2098
1190004500,롯데캐슬,101,도로교차점,0,무,126.9722675,37.4899903,197547.4117,443393.5391
1190004600,유정빌라,102,도로시.종점,0,무,126.9741942,37.4899884,197717.8037,443393.2745
1190004700,인정아파트,102,도로시.종점,0,무,126.964726,37.4900979,196880.473,443405.7055
1190004900,한국컴퓨터(주),101,도로교차점,0,무,126.9230077,37.4918938,193191.1833,443607.2285
1190005100,대림삼거리,101,도로교차점,1,유,126.9093935,37.492568,191987.2889,443683.1237
1190005300,청화빌라,101,도로교차점,0,무,126.9362802,37.4937059,194365.0779,443807.4667
1190005500,국사봉터널(북측),104,도로시설물,0,무,126.9428725,37.4944901,194948.1082,443894.1272
1190005600,숭실대학교,101,도로교차점,1,유,126.9607969,37.4947489,196533.2067,443922.0409
1190005700,영도교회,101,도로교차점,0,무,126.9427324,37.495434,194935.7776,443998.8975
1190005800,가든주택,101,도로교차점,1,유,126.9434773,37.4955309,195001.659,444009.6131
1190005900,숭실대입구역,101,도로교차점,1,유,126.9541991,37.4956619,195949.7992,444023.6411
1190006000,보라매두산위브,101,도로교차점,0,무,126.9143016,37.49661,192421.7356,444131.3288
1190006200,강남상가아파트,101,도로교차점,0,무,126.9528844,37.4971331,195833.6249,444186.9776
1190006300,리치타운,101,도로교차점,1,유,126.9525221,37.4975327,195801.6102,444231.3395
1190006400,래미안상도2차아파트,101,도로교차점,0,무,126.9592593,37.4979389,196397.3869,444276.1423
1190006600,동일빌딩,101,도로교차점,1,유,126.9194676,37.497631,192878.6568,444244.2406
1190006700,상도동다빈모1프라자,101,도로교차점,0,무,126.9351735,37.4976775,194267.5126,444248.3295
1190006800,동작우체국,101,도로교차점,0,무,126.924123,37.4978152,193290.3493,444264.349
1190006900,건영약수맨션아파트,101,도로교차점,0,무,126.9437399,37.4985062,195025.0747,444339.8138
1190007000,신호빌딩,101,도로교차점,0,무,126.9240409,37.498441,193283.1394,444333.8022
1190007100,대방천사거리,101,도로교차점,1,유,126.9202266,37.4984849,192945.8611,444338.9616
1190007200,신대방동빌딩,101,도로교차점,1,유,126.9281189,37.4985555,193643.7562,444346.2255
1190007300,남지빌딩,101,도로교차점,0,무,126.9285374,37.4988865,193680.7979,444382.9366
1200022900,세광교회,101,도로교차점,1,유,126.9568204,37.486397,196181.1293,442995.2423
1200023000,트윈타워1,101,도로교차점,1,유,126.922956,37.4865225,193186.125,443011.0807
1200023100,은천로입구,101,도로교차점,1,유,126.9342176,37.4866953,194182.1325,443029.5063
1200023200,대우전자,101,도로교차점,1,유,126.9237819,37.4866788,193259.181,443028.3681
1200023300,관악국민은행,101,도로교차점,1,유,126.9488671,37.4867322,195477.749,443032.8026
1200023400,금성빌딩,101,도로교차점,1,유,126.9334862,37.4869729,194117.4649,443060.3601
1200023500,서울YWCA봉천종합사회복지관,101,도로교차점,1,유,126.9572628,37.4869359,196220.2877,443055.0382
1200023600,한독빌딩,101,도로교차점,1,유,126.9475997,37.4868618,195365.6713,443047.2489
1200023700,현대시장,101,도로교차점,0,무,126.9469731,37.4869272,195310.2515,443054.5355
1200023800,관악구-동작구경계(7),105,행정경계,0,무,126.9128225,37.4875024,192290.0059,443120.6184
1200023900,패션거리입구,101,도로교차점,0,무,126.9287759,37.4875708,193700.9301,443127.024
1200024000,(구)봉천2동주민센터,101,도로교차점,1,유,126.9567628,37.4876283,196176.1022,443131.8998
1200024100,지역사회개발부원회,101,도로교차점,0,무,126.9493465,37.487622,195520.1988,443131.5294
1200024200,삼성아파트108동,101,도로교차점,0,무,126.9519566,37.487753,195751.0483,443145.9492
1200024300,봉천재9동벽산아파트,101,도로교차점,0,무,126.9462808,37.4885897,195249.1327,443239.0827
1200024400,수광맨션빌라,101,도로교차점,0,무,126.9492559,37.4887769,195512.2613,443259.7203
1200024500,영광빌라,101,도로교차점,0,무,126.9538227,37.4888537,195916.1486,443268.0282
1200024600,원일빌라,101,도로교차점,1,유,126.9529117,37.4889892,195835.5828,443283.1095
1200024700,동아타운21아파트,101,도로교차점,1,유,126.9575607,37.4891626,196246.7461,443302.1595
1200024900,당곡사거리,101,도로교차점,1,유,126.927987,37.4893617,193631.3185,443325.8435
1200025000,구암초등학교,101,도로교차점,1,유,126.9459886,37.489319,195223.3357,443320.0454
1200025100,성현동 주민센터,101,도로교차점,0,무,126.9478688,37.4895058,195389.6267,443340.683
1200025500,소슬유치원,101,도로교차점,0,무,126.9479179,37.4897991,195393.9923,443373.2268
1200025600,신림갑을아파트,101,도로교차점,0,무,126.9202534,37.4897102,192947.4008,443365.0763
1200025700,롯데백화점관악점,101,도로교차점,1,유,126.9225474,37.4899626,193150.3051,443392.9156
1200025800,롯데백화점앞(관악점),101,도로교차점,1,유,126.9242303,37.4900066,193299.1335,443397.6781
1200025900,드림타운,101,도로교차점,0,무,126.9534989,37.4899728,195887.5735,443392.2503
1200026000,관악푸르지오120동앞,103,속성변화점,0,무,126.9599072,37.4902076,196454.3122,443418.0473
1200026100,국사봉터널(남측),104,도로시설물,0,무,126.9451013,37.4903717,195144.9312,443436.9214
1200026200,봉천고개,101,도로교차점,1,유,126.9564638,37.4908568,196149.8246,443490.2401
1200026300,창암빌딩,101,도로교차점,0,무,126.9270559,37.491303,193549.1388,443541.3736
1200026400,동서주택,102,도로시.종점,0,무,126.9414205,37.4914176,194819.493,443553.206
1200026500,우성차밍빌,101,도로교차점,0,무,126.9246729,37.4916625,193338.4242,443581.4316
1200026600,국사봉터널밑,101,도로교차점,0,무,126.9439058,37.4919773,195039.3177,443615.1887
1200026800,관악구-동작구경계(3),105,행정경계,0,무,126.9564988,37.4923873,196152.9996,443660.1029
1200027100,관악구-동작구경계(4),105,행정경계,0,무,126.9437304,37.4925565,195023.8453,443679.4836
1200027500,SK텔레콤보라매사옥,101,도로교차점,0,무,126.9249231,37.492764,193360.6493,443703.6693
1200027600,드림타운116동,101,도로교차점,0,무,126.9467057,37.4927129,195286.9682,443696.6805
1200027800,관악구-동작구경계(2),105,행정경계,0,무,126.960205,37.4938905,196480.8191,443826.7908
1200027900,관악구-동작구경계(6),105,행정경계,0,무,126.9273159,37.4946645,193572.4222,443914.4368
1200028000,보성운수,103,속성변화점,0,무,126.9188722,37.4642181,192822.8115,440535.9
1210000200,선암IC,101,도로교차점,0,무,127.0197826,37.4601233,201750.2117,440078.5267
1210000300,양재IC2,108,IC 및 JC,0,무,127.0418823,37.4615533,203705.3631,440237.8718
1210000301,경부고속도로(만남의광장),104,도로시설물,0,무,127.0441308,37.4589515,203904.4236,439949.2067
1210000302,달래네고개,104,도로시설물,0,무,127.061054,37.4392602,205403.0956,437764.5724
1210000500,양재IC서측,108,IC 및 JC,0,무,127.0377358,37.4618992,203338.4996,440276.1142
1210000600,양재IC동측,108,IC 및 JC,0,무,127.0418795,37.4649603,203704.9467,440616.0089
1210000700,염곡사거리,101,도로교차점,1,유,127.0429768,37.4657019,203801.9767,440698.3599
1210000800,양재IC북측,108,IC 및 JC,0,무,127.0377669,37.4656455,203341.0816,440691.8955
1210000900,서초IC남측,108,IC 및 JC,0,무,127.0266017,37.481471,202352.8515,442447.9797
1210001000,남부순환로서초IC서측,101,도로교차점,0,무,127.0236625,37.4830798,202092.8386,442626.4627
1210001100,남부순환로서초IC동측,101,도로교차점,0,무,127.0288288,37.4837904,202549.7493,442705.4645
1210001200,서초IC북측,108,IC 및 JC,0,무,127.0251637,37.4859137,202225.5312,442941.0304
1210001500,올림픽대로-한수길램프(1),108,IC 및 JC,0,무,126.9855549,37.5048842,198722.7682,445046.3085
1210002000,한남대교남단,105,행정경계,0,무,127.0161637,37.5238175,201428.831,447147.6833
1210002200,과천대로과천시계,105,행정경계,0,무,126.9885499,37.45813,198986.9565,439857.1696
1210002400,교육문화회관,101,도로교차점,0,무,127.0348139,37.4675392,203079.7695,440901.9756
1210002500,aT센터,101,도로교차점,1,유,127.0398477,37.4686115,203525.0244,441021.1574
1210002700,양재시민의숲역,101,도로교차점,0,무,127.0390986,37.4697466,203458.7065,441147.1125
1210002900,KT연구개발본부,101,도로교차점,0,무,127.0296752,37.4731799,202624.9829,441527.8619
1210003000,영동1교남단,101,도로교차점,1,유,127.0386623,37.4737657,203419.9278,441593.1645
1210003200,영동1교북단,101,도로교차점,1,유,127.0386633,37.4756967,203419.9278,441807.4775
1210003300,서울메트로,101,도로교차점,1,유,126.9859957,37.4758285,198761.2678,441821.5006
1210003700,효령아파트,101,도로교차점,0,무,126.9936401,37.48019,199437.478,442305.4907
1210005100,서리풀터널(서측),102,도로시.종점,0,무,126.9994513,37.4894112,199951.4763,443328.9011
1210005400,방배4동지구대,101,도로교차점,0,무,126.9869188,37.491446,198843.1539,443554.8162
1210005700,함지박사거리,101,도로교차점,0,무,126.9904323,37.4928496,199153.8882,443710.5633
1210005900,방배중학교,101,도로교차점,0,무,126.9979358,37.4950718,199817.4645,443957.1554
1210006100,방배삼호아파트,101,도로교차점,1,유,126.9871522,37.4983084,198863.9043,444316.4603
1210007300,반포역,101,도로교차점,0,무,127.0116419,37.5081877,201029.3252,445412.92
1210007600,잠원역,101,도로교차점,0,무,127.0133805,37.513844,201182.9623,446040.7094
1210007700,잠원동주민센터,101,도로교차점,0,무,127.0137869,37.5152615,201218.8643,446198.0461
1210008200,헌릉IC,108,IC 및 JC,0,무,127.0903546,37.4654064,207993.3289,440668.5311
1210008300,청계산길삼거리,101,도로교차점,0,무,127.0587251,37.4430428,205196.7339,438184.262
1210008400,내곡터널(북측),104,도로시설물,0,무,127.0769134,37.447022,206805.8999,438627.0588
1210008500,본마을입구(보),101,도로교차점,0,무,127.0516068,37.4527082,204566.2305,439256.6204
1210008600,내곡IC13,108,IC 및 JC,0,무,127.0771801,37.4550603,206828.775,439519.2204
1210008700,경부고속도로만남의광장-달래네고개,108,IC 및 JC,0,무,127.0448082,37.4582396,203964.39,439870.2183
1210008800,내곡IC2,108,IC 및 JC,0,무,127.0763409,37.4568119,206754.3604,439713.5531
1210008900,청계산길-밤밭길삼거리,101,도로교차점,0,무,127.0479195,37.4573122,204239.7131,439767.4216
1210009000,내곡IC12,108,IC 및 JC,0,무,127.0707999,37.457045,206264.0933,439739.0455
1210009100,내곡IC,108,IC 및 JC,0,무,127.0729899,37.4578774,206457.7868,439831.5837
1210009200,내곡IC3,108,IC 및 JC,0,무,127.0754555,37.4583318,206675.8961,439882.1869
1210009300,내곡IC,108,IC 및 JC,0,무,127.0752043,37.4587803,206653.6283,439931.9437
1210009400,선암IC과천방향합류,108,IC 및 JC,0,무,127.0209893,37.4583858,201857.0206,439885.7096
1210009500,선암IC양재대로진출,108,IC 및 JC,0,무,127.0211302,37.4583742,201869.4832,439884.4307
1210009600,선암로IC7,108,IC 및 JC,0,무,127.0190394,37.459689,201684.4734,440030.31
1210009700,선암로IC8,108,IC 및 JC,0,무,127.0201769,37.4595096,201785.1149,440010.4226
1210009800,내곡IC,108,IC 및 JC,0,무,127.0761426,37.4587917,206736.6458,439933.2706
1210009900,선암로IC6,108,IC 및 JC,0,무,127.0189503,37.4597709,201676.5907,440039.3996
1210010000,내곡IC,108,IC 및 JC,0,무,127.0798889,37.4601354,207067.9699,440082.6795
1210010100,주암교(동단),104,도로시설물,1,유,127.0276662,37.4601318,202447.6985,440079.6466
1210010200,주암교(서단),104,도로시설물,0,무,127.0269261,37.4601677,202382.2139,440083.6154
1210010300,선암로IC2,108,IC 및 JC,0,무,127.0217021,37.4603276,201920.0337,440101.2322
1210010400,내곡IC6,108,IC 및 JC,0,무,127.0799376,37.4600344,207072.2814,440071.4721
1210010500,선암로IC_일반국도47호선_진출,101,도로교차점,0,무,127.0216705,37.4604366,201917.2374,440113.3331
1210010600,내곡IC9,108,IC 및 JC,0,무,127.0736681,37.4609873,206517.5257,440176.7864
1210010700,내곡IC,108,IC 및 JC,0,무,127.0744991,37.4597747,206591.153,440042.2598
1210010800,헌인릉입구,101,도로교차점,1,유,127.0818581,37.4607234,207242.1305,440148.0898
1210010900,트럭터미널(장군촌),101,도로교차점,1,유,127.0359861,37.4606768,203183.7509,440140.3842
1210011100,선암로IC3,108,IC 및 JC,0,무,127.0204466,37.460802,201808.9427,440153.8642
1210011200,내곡IC7,108,IC 및 JC,0,무,127.0836976,37.4612522,207404.8228,440206.9247
1210011300,양재IC남측(경부선부산방향합류),108,IC 및 JC,0,무,127.0420058,37.461185,203716.3016,440197.0029
1210011400,양재IC남측(양재대로진출),108,IC 및 JC,0,무,127.0427574,37.4606336,203782.8267,440135.8361
1210011500,트럭터미널앞,101,도로교차점,1,유,127.0372575,37.4616263,203296.1991,440245.8076
1210011600,용인서울고속국도-헌릉로램프(5),108,IC 및 JC,1,유,127.0854634,37.461874,207560.9825,440276.073
1210011700,양재IC서측,108,IC 및 JC,0,무,127.0379686,37.4622137,203359.0844,440311.0239
1190007400,국민은행,101,도로교차점,1,유,126.9281746,37.4989876,193648.7171,444394.1814
1190007500,유앤아이빌,101,도로교차점,0,무,126.9598982,37.4991489,196453.9417,444410.4187
1190007600,상도3동주민센터,101,도로교차점,0,무,126.9311777,37.4992486,193914.2932,444422.9549
1190007700,신대방삼거리역,101,도로교차점,1,유,126.9282374,37.4997475,193654.3395,444478.5175
1190007800,산맥빌딩,101,도로교차점,1,유,126.9240921,37.4998496,193287.7961,444490.1404
1190007900,보라매역,101,도로교차점,1,유,126.9203178,37.4999344,192954.0632,444499.8286
1190008000,성대약국,101,도로교차점,0,무,126.9323476,37.5000807,194017.8116,444515.2285
1190008200,이수교차로_동작대로_진출_1,101,도로교차점,0,무,126.9843274,37.500253,198614.1459,444532.3163
1190008300,신대방타워,101,도로교차점,1,유,126.9278843,37.5002793,193623.1561,444537.5671
1190008400,범한택시(주),101,도로교차점,0,무,126.9240916,37.5003479,193287.7961,444545.4384
1190008500,성대시장,101,도로교차점,0,무,126.9319392,37.5005195,193981.7334,444563.9593
1190008600,대성빌라,101,도로교차점,1,유,126.9450308,37.5007381,195139.3749,444587.4643
1190008700,이수고가차도(서측)-동작대로,104,도로시설물,0,무,126.9834804,37.5008977,198539.2612,444603.8839
1190008800,I PARK상도동 아파트,101,도로교차점,0,무,126.9416924,37.5007085,194844.1732,444584.351
1190008900,정윤빌라,101,도로교차점,0,무,126.9602488,37.5010025,196485.0303,444616.1326
1190009000,삼성프라자,101,도로교차점,0,무,126.9326509,37.500961,194044.7044,444612.9073
1190009100,럭키하이퍼마켓,101,도로교차점,0,무,126.9412387,37.5012589,194804.0887,444645.4699
1190009200,구룡사수퍼,101,도로교차점,1,유,126.9453088,37.5011674,195163.9812,444635.0894
1190009300,동작역,104,도로시설물,0,무,126.9824319,37.5013439,198446.5606,444653.4272
1190009400,태건하이츠빌라,101,도로교차점,0,무,126.9457214,37.5016574,195200.4938,444689.4614
1190009500,동작역,108,IC 및 JC,0,무,126.979856,37.5018417,198218.8037,444708.718
1190009600,상도동동원베네스트,101,도로교차점,0,무,126.9452006,37.501811,195154.4562,444706.527
1190009700,동광교회,101,도로교차점,1,유,126.9344809,37.5020867,194206.6032,444737.738
1190009800,동작역,108,IC 및 JC,0,무,126.9794714,37.5022668,198184.8045,444755.9016
1190009900,동작지하차도(서측),104,도로시설물,0,무,126.9775248,37.5023621,198012.6795,444766.5197
1190010000,대림슈퍼,101,도로교차점,0,무,126.9453258,37.5024296,195165.5687,444775.1865
1190010200,서울기계공업고등학교,101,도로교차점,1,유,126.9241848,37.5028463,193296.2628,444822.7223
1190010300,소망약국,101,도로교차점,1,유,126.9214995,37.5030191,193058.8384,444842.0943
1190010400,상도역,101,도로교차점,1,유,126.9476764,37.5031898,195373.4562,444859.4351
1190010500,올림픽대로-현충로램프(2),108,IC 및 JC,0,무,126.9763949,37.5032951,197912.8015,444870.0949
1190010600,노다지사철탕,101,도로교차점,1,유,126.9481569,37.503448,195415.9583,444888.0667
1190010700,상도1동하나은행,101,도로교차점,0,무,126.9474676,37.5035818,195355.0233,444902.9586
1190010800,한국교회정보센타,101,도로교차점,0,무,126.9478637,37.5038037,195390.0588,444927.5655
1190011000,국립현충원,108,IC 및 JC,1,유,126.9755666,37.5039632,197839.5762,444944.2673
1190011100,나들목,101,도로교차점,1,유,126.949175,37.503995,195506.0127,444948.7322
1190011200,교보증권,101,도로교차점,1,유,126.9375515,37.5039675,194478.2537,444946.3017
1190011300,그린빌라입구,101,도로교차점,0,무,126.9242494,37.5040454,193302.0836,444955.808
1190011400,성남중고교,101,도로교차점,1,유,126.9254763,37.5040605,193410.563,444957.3955
1190011500,이내과의원앞,101,도로교차점,0,무,126.9226879,37.5040819,193164.0105,444959.9664
1190011600,해군회관앞,101,도로교차점,1,유,126.9219382,37.5041314,193097.7323,444965.5227
1190011700,올림픽대로-현충로램프(3),108,IC 및 JC,0,무,126.9766543,37.5042088,197935.7591,444971.5051
1190011800,상도지구대,101,도로교차점,0,무,126.9392839,37.5041401,194631.4477,444965.3518
1190011900,노량진신협,101,도로교차점,1,유,126.937951,37.5042148,194513.6021,444973.717
1190012000,올림픽대로-동작대로램프(7),108,IC 및 JC,0,무,126.9778331,37.5043217,198039.9985,444984.0018
1190012100,올림픽대로-현충로램프(4),108,IC 및 JC,0,무,126.9764104,37.5043092,197914.1992,444982.6523
1190012200,올림픽대로-현충로램프(6),108,IC 및 JC,0,무,126.9758721,37.5043162,197866.6011,444983.4428
1190012300,상도터널,101,도로교차점,1,유,126.9496461,37.5042849,195547.6847,444980.8791
1190012400,동작상승문화회관,101,도로교차점,0,무,126.9488568,37.5043596,195477.9007,444989.2135
1190012600,올림픽대로-현충로램프(7),108,IC 및 JC,0,무,126.9750726,37.5045491,197795.9198,445009.3018
1190012900,덕신빌딩,101,도로교차점,1,유,126.9374569,37.5046973,194469.9458,445027.2953
1190013000,강남초교앞,101,도로교차점,1,유,126.9519669,37.5048749,195752.9268,445046.2578
1190013100,동작대교JC,108,IC 및 JC,0,무,126.9755019,37.5050846,197833.8886,445068.7297
1190013200,중앙대학교 후문,101,도로교차점,0,무,126.9535707,37.5050043,195894.7437,445060.5453
1190013300,청송맨션,101,도로교차점,1,유,126.9247661,37.5050351,193347.8566,445065.6103
1190013400,장승배기,101,도로교차점,1,유,126.9393605,37.505038,194638.2872,445064.9985
1190013500,한국정형외과의원,101,도로교차점,1,유,126.9408622,37.5051201,194771.0742,445074.034
1190013700,동작등기소,101,도로교차점,1,유,126.9414233,37.5051848,194820.6836,445081.1778
1190013800,장승빌딩,101,도로교차점,1,유,126.9394351,37.5053241,194644.9018,445096.7485
1190013900,한창빌딩앞,101,도로교차점,1,유,126.9242836,37.5055729,193305.2366,445125.3313
1190014100,성남고교입구,101,도로교차점,1,유,126.9227132,37.5060506,193166.4314,445178.4714
1190014200,상도터널(남측),104,도로시설물,0,무,126.9506235,37.5058837,195634.2036,445158.2826
1190014300,상도제일교회,101,도로교차점,0,무,126.9507758,37.5063236,195647.6974,445207.0983
1190014400,신길중앙감리교회앞,101,도로교차점,1,유,126.9228645,37.5064253,193179.8437,445220.0459
1190014500,대림아파트(대방동),101,도로교차점,0,무,126.9262832,37.506368,193482.1109,445213.4377
1190014600,중앙대학교 정문,103,속성변화점,0,무,126.957041,37.5065265,196201.661,445229.3498
1190014700,상도건영,101,도로교차점,0,무,126.9480964,37.507151,195410.8379,445299.0626
1190014800,명수대상가,101,도로교차점,0,무,126.9617566,37.5074455,196618.6452,445331.1705
1190014900,평화아파트,101,도로교차점,0,무,126.9517498,37.5074304,195733.8768,445329.8917
1190015000,중앙대병원앞(2),101,도로교차점,0,무,126.9602154,37.5074868,196482.3845,445335.8007
1190015200,형인한강아파트,101,도로교차점,0,무,126.9487019,37.5078629,195464.4162,445378.0409
1190015300,숭의여중교앞삼거리,101,도로교차점,0,무,126.9302767,37.5078722,193835.3303,445380.1256
1190015400,중앙대병원앞,101,도로교차점,0,무,126.9609485,37.5076896,196547.2076,445358.2903
1190015500,서울시근린공원부지앞,101,도로교차점,0,무,126.951498,37.5080691,195711.6517,445400.8002
1190015600,우리은행흑석동지점,101,도로교차점,0,무,126.9630692,37.5081135,196734.7314,445405.254
1190015700,동작자원봉사센터,101,도로교차점,0,무,126.9473594,37.5081299,195345.7378,445407.7356
1190015800,중앙대병원앞(3),101,도로교차점,0,무,126.9611914,37.5081486,196568.705,445409.2227
1190015900,노량진우성아파트,101,도로교차점,0,무,126.9478531,37.5084025,195389.4067,445437.9691
1190016000,대방동사랑의가족공원삼거리,101,도로교차점,0,무,126.9262803,37.508582,193482.0447,445459.17
1190016100,중앙대입구교차로,101,도로교차점,1,유,126.9638979,37.508689,196808.0299,445469.1025
1190016200,고구동산지하차도(서측),104,도로시설물,0,무,126.952892,37.5088504,195834.9478,445487.4514
1190016400,남부교회,101,도로교차점,0,무,126.9322165,37.5088477,194006.924,445488.2665
1190016500,한신빌딩,101,도로교차점,1,유,126.9616474,37.508852,196609.054,445487.275
1190016600,고구동산지하차도(동측),104,도로시설물,0,무,126.9532465,37.5090258,195866.301,445506.8983
1190017000,대림아파트,101,도로교차점,1,유,126.9239617,37.5091423,193277.1016,445521.5189
1190017100,경동윈츠리버아파트,101,도로교차점,0,무,126.9548533,37.5093196,196008.3825,445539.4421
1190017400,중앙대입구,101,도로교차점,1,유,126.9630267,37.5096292,196731.036,445573.4808
1190017500,구.공군본부,101,도로교차점,1,유,126.9241682,37.5096553,193295.4059,445578.4412
1190017600,서울본동초등학교,101,도로교차점,0,무,126.953434,37.5106887,195882.9698,445691.4455
1190017700,상도터널(북측),104,도로시설물,0,무,126.9531521,37.5106907,195858.0416,445691.6837
1190017800,한성팜(주),101,도로교차점,0,무,126.9259994,37.510919,193457.4153,445718.5603
1190017900,신길초등학교,101,도로교차점,0,무,126.926538,37.5109872,193505.0404,445726.1009
1190018000,대방지하차도(남측),101,도로교차점,1,유,126.9247916,37.5111971,193350.6557,445749.5166
1190018100,유진빌딩,101,도로교차점,0,무,126.9319888,37.5116053,193987.0063,445794.3371
1190018300,만명회관,101,도로교차점,1,유,126.9263799,37.5119455,193491.1497,445832.4637
1190018400,대방동경남아너스빌,101,도로교차점,0,무,126.9251784,37.5119741,193384.9229,445835.7257
1190018500,서울여성플라자,101,도로교차점,1,유,126.9269993,37.5120531,193545.9186,445844.3699
1190019000,노량진북고가차도(북측),104,도로시설물,0,무,126.9585857,37.5123883,196338.5259,445879.8689
1190019300,대방역,101,도로교차점,1,유,126.9254366,37.5126207,193407.8058,445907.4732
1190019400,노량진배수지교차로,101,도로교차점,1,유,126.9522216,37.5126928,195775.8883,445913.9341
1190019600,대방빌딩,101,도로교차점,1,유,126.9266171,37.5127609,193512.1841,445922.9513
1190019700,대방웨딩홀,101,도로교차점,0,무,126.9319509,37.5129355,193983.7681,445941.9719
1190020200,솔표빌딩,101,도로교차점,0,무,126.9292965,37.5132596,193749.119,445978.1171
1190020500,노량진전화국,101,도로교차점,0,무,126.9367438,37.5133353,194407.5359,445986.0546
1190020700,올림픽대로-노량진로램프,108,IC 및 JC,0,무,126.9467633,37.5134368,195293.3627,445996.7702
1190021000,노량진삼거리,101,도로교차점,1,유,126.9401957,37.5135481,194712.7334,446009.4703
1190021400,노량진북고가차도(남측),104,도로시설물,0,무,126.9535926,37.5145176,195897.2,446116.4069
1190021500,노들길-용호로램프(1),108,IC 및 JC,0,무,126.9301873,37.5146047,193827.9808,446127.3523
1190021700,노들길램프(2),108,IC 및 JC,0,무,126.9518529,37.5144404,195743.3942,446107.9169
1190021800,유원강변아파트,108,IC 및 JC,0,무,126.9522431,37.514837,195777.9144,446151.9077
1190021900,노들길-올림픽대로램프,108,IC 및 JC,0,무,126.9349098,37.5149564,194245.5212,446166.0824
1190022000,노들길-용호로램프(2),108,IC 및 JC,0,무,126.9271492,37.5149858,193559.4226,446169.8487
1190022100,올림픽대로-노들길램프(7),108,IC 및 JC,0,무,126.9349757,37.5150732,194251.3558,446179.0431
1190022200,올림픽대로-노들길램프(8),108,IC 및 JC,0,무,126.9369764,37.5153762,194428.2528,446212.553
1190022300,동작구-영등포구경계(8),105,행정경계,0,무,126.9275208,37.5154924,193592.3177,446226.0529
1190022400,한강대교남단,105,행정경계,0,무,126.9574242,37.5155555,196235.9996,446231.4347
1190022500,여의상류IC14,108,IC 및 JC,0,무,126.9409157,37.5158362,194776.5476,446263.3826
1190022600,여의상류IC,108,IC 및 JC,0,무,126.9348485,37.515614,194240.1522,446239.0761
1190022700,올림픽대로-노들길램프(5),108,IC 및 JC,0,무,126.9362735,37.5158468,194366.145,446264.8277
1190022900,여의상류IC13,108,IC 및 JC,0,무,126.9369129,37.5159629,194422.6863,446277.671
1190023000,여의상류IC2,108,IC 및 JC,0,무,126.9430296,37.5161576,194963.453,446298.9346
1190023200,여의상류IC22,108,IC 및 JC,0,무,126.9405989,37.5162478,194748.5662,446309.0771
1190023300,여의상류IC,108,IC 및 JC,0,무,126.9363957,37.5161056,194376.9726,446293.5418
1190023400,여의상류IC15,108,IC 및 JC,0,무,126.9413039,37.5163544,194810.9063,446320.869
1190023500,여의상류IC,108,IC 및 JC,0,무,126.9407499,37.5165575,194761.9385,446343.4451
1190023600,여의상류IC23,108,IC 및 JC,0,무,126.9408813,37.5165836,194773.5546,446346.3328
1190023700,여의상류IC,108,IC 및 JC,0,무,126.9463267,37.5167085,195254.9686,446359.9081
1190023800,여의상류IC11,108,IC 및 JC,0,무,126.9378948,37.5165074,194509.5331,446338.0474
1190023900,올림픽대로-노들길램프(1),108,IC 및 JC,0,무,126.9451152,37.5168214,195147.8768,446372.5025
1190024000,올림픽대로-노들길램프(2),108,IC 및 JC,0,무,126.9458469,37.5169123,195212.5679,446382.5534
1190024100,여의상류IC21,108,IC 및 JC,0,무,126.9400317,37.5169229,194698.4767,446384.0392
1190024200,동작구-영등포구경계(7),105,행정경계,0,무,126.939249,37.5170158,194629.2829,446394.3905
1190024300,동작구-영등포구경계(6),105,행정경계,0,무,126.9395569,37.5171084,194656.5126,446404.6583
1190024400,여의상류IC17,108,IC 및 JC,0,무,126.9413748,37.517184,194817.2278,446412.9414
1190024600,여의상류IC,108,IC 및 JC,0,무,126.9406084,37.5174249,194749.49,446439.7184
1190025000,올림픽대로-노들길램프(4),108,IC 및 JC,0,무,126.9443818,37.5173734,195083.0743,446433.8017
1190025100,여의상류IC,108,IC 및 JC,0,무,126.9461103,37.5174471,195235.8873,446441.8927
1190025200,여의상류IC5,108,IC 및 JC,0,무,126.9429855,37.5174962,194959.6447,446447.5049
1190025300,여의상류IC,108,IC 및 JC,0,무,126.9445668,37.5176361,195099.4468,446462.9503
1190025400,동작구-영등포구경계(2),105,행정경계,0,무,126.9416231,37.5177302,194839.221,446473.5544
1190025500,동작구-영등포구경계(1),105,행정경계,0,무,126.9417427,37.5177485,194849.7923,446475.5759
1190025600,신호빌딩,101,도로교차점,0,무,126.9222162,37.4977913,193121.7289,444261.8247
1190025700,올림픽대로-노들길램프(21),108,IC 및 JC,0,무,126.935408,37.5156746,194289.6199,446245.7607
1190025800,올림픽대로-노들길램프(22),108,IC 및 JC,0,무,126.9378841,37.5155453,194508.5101,446231.2654
1190025900,올림픽대로-노들길램프(23),108,IC 및 JC,0,무,126.9468924,37.5174256,195305.0279,446439.4697
1190026000,올림픽대로-노들길램프(24),108,IC 및 JC,0,무,126.947093,37.5167443,195322.7179,446363.8413
1190026100,강변유원아파트,103,속성변화점,0,무,126.9517339,37.515094,195732.9063,446180.4571
1190026200,사당.인정아파트,103,속성변화점,0,무,126.9648167,37.4903217,196888.4963,443430.5389
1200000500,난향초교,103,속성변화점,0,무,126.9197374,37.4653929,192899.4682,440666.2252
1200000700,서울과학전시관,101,도로교차점,0,무,126.9579321,37.4685794,196278.5689,441017.6885
1200000900,신림2교,101,도로교차점,0,무,126.9366138,37.476747,194393.3057,441925.2391
1200001000,낙성대역,101,도로교차점,1,유,126.9623257,37.4775714,196667.6406,442015.507
1200001100,난곡우체국앞,101,도로교차점,1,유,126.9153219,37.4777293,192510.0797,442035.735
1200001300,신림1교,101,도로교차점,0,무,126.9321212,37.478842,193996.0955,442158.0249
1200001500,신림초교,101,도로교차점,0,무,126.9280785,37.4793715,193638.5582,442217.0619
1200002000,KT관악지점,101,도로교차점,1,유,126.9463131,37.4819442,195251.5695,442501.5182
1200002200,신림교,101,도로교차점,0,무,126.9298833,37.4824664,193798.4514,442560.4349
1200002700,관악우체국,101,도로교차점,1,유,126.9342365,37.4848333,194183.6561,442822.8553
1200002900,구로디지털단지역,105,행정경계,0,무,126.9031802,37.4849965,191436.9544,442843.3346
1200003100,은천삼거리,101,도로교차점,1,유,126.9561985,37.4856482,196126.0959,442912.1629
1200003500,신대방역,101,도로교차점,0,무,126.9133553,37.4870076,192337.0753,443065.6644
1200003700,신림우방아파트,101,도로교차점,1,유,126.9183352,37.4894623,192777.7398,443337.7095
1200003900,보라매공원(동문),101,도로교차점,0,무,126.9268034,37.4924901,193526.9138,443673.1363
1200004000,서울대유전공학연구소,101,도로교차점,0,무,126.9534013,37.4534302,195876.9306,439336.5226
1200004100,서울대신소재공동연구소,101,도로교차점,0,무,126.9502402,37.453858,195597.2655,439384.1477
1200004200,산복터널(북측),104,도로시설물,0,무,126.9213006,37.4578375,193037.0628,439827.5583
1200004300,학생군사교육단,102,도로시.종점,0,무,126.9547021,37.4592733,195992.3377,439984.9669
1200004400,주영광교회,101,도로교차점,1,유,126.9309805,37.4596715,193893.6421,440030.4302
1200004500,학생군사교육단정문,101,도로교차점,0,무,126.956902,37.4603354,196187.0229,440102.7575
1200004600,농협생명과학대학길삼거리,101,도로교차점,0,무,126.9491023,37.4606208,195496.9882,440134.7721
1200004700,삼성산주공APT,101,도로교차점,0,무,126.9256437,37.4610125,193421.5914,440179.6224
1200004800,서울대기숙사,101,도로교차점,0,무,126.9563838,37.4611974,196141.2205,440198.4463
1200004900,난향삼거리,101,도로교차점,0,무,126.9246026,37.4613551,193329.5162,440217.7225
1200005200,두레문예관길삼거리,101,도로교차점,0,무,126.9493678,37.4617151,195520.5362,440256.2161
1200005300,유신교회,101,도로교차점,0,무,126.9189863,37.4630395,192832.7931,440405.0809
1200005400,국화빌라,102,도로시.종점,0,무,126.9172079,37.4630809,192675.4649,440409.8104
1200005500,신림7동새마을금고,101,도로교차점,1,유,126.9189988,37.4636669,192833.9637,440474.715
1200005600,삼원빌딩,102,도로시.종점,0,무,126.918796,37.4636897,192816.0249,440477.255
1200005700,난고길삼거리,101,도로교차점,0,무,126.9191868,37.464208,192850.6447,440534.751
1200005800,사회복지관,101,도로교차점,1,유,126.9191461,37.4645959,192847.0806,440577.8101
1200005900,광신중고등학교,103,속성변화점,0,무,126.9267076,37.4647928,193516.0478,440599.1201
1200006000,현대아파트,102,도로시.종점,0,무,126.9374278,37.4648474,194464.4288,440604.4943
1200006100,참빛고시원,102,도로시.종점,0,무,126.9372213,37.4649153,194446.1725,440612.0349
1200006200,금호타운,101,도로교차점,1,유,126.9380557,37.4650444,194519.9914,440626.3224
1200006300,태양고시원,101,도로교차점,1,유,126.9383246,37.465277,194543.804,440652.1194
1200006400,하버드고시원,101,도로교차점,0,무,126.9380014,37.46552,194515.2289,440679.1069
1200006500,서울대운동장,101,도로교차점,0,무,126.9485487,37.4655934,195448.3048,440686.694
1200006600,홍익미술학원,101,도로교차점,0,무,126.9377994,37.465688,194497.3695,440697.7601
1200006700,신림주공아파트(1단지),101,도로교차점,0,무,126.9271746,37.4663203,193557.4883,440768.6192
1200006800,성민사회복지관,101,도로교차점,0,무,126.9314541,37.4667162,193936.1078,440812.2755
1200006900,유완약국,101,도로교차점,1,유,126.9302561,37.4669051,193830.1419,440833.3099
1200007000,서울대입구,101,도로교차점,0,무,126.9473349,37.467361,195341.0415,440882.9291
1200007100,서울대운동장_관악로_진입,101,도로교차점,0,무,126.9483183,37.467057,195428.0189,440849.1399
1200007200,서울대운동장_관악로_진출,101,도로교차점,0,무,126.9489187,37.4674823,195481.1578,440896.318
1200007300,서울대입구,101,도로교차점,0,무,126.9473065,37.4679668,195338.5618,440950.1662
1200007400,관악아파트(신림동),101,도로교차점,0,무,126.9387886,37.4684312,194585.0791,441002.1638
1200007500,신림9파출소,101,도로교차점,1,유,126.9376894,37.4684914,194487.8445,441008.9107
1200007600,낙성대터널(서측),104,도로시설물,0,무,126.9625574,37.4688553,196687.7479,441048.1288
1200007700,낙성대터널(동측),104,도로시설물,0,무,126.9640827,37.4690316,196822.6857,441067.6419
1200007800,성원빌라,103,속성변화점,0,무,126.9698928,37.4691061,197336.663,441075.7315
1200007900,대건빌딩,101,도로교차점,0,무,126.9377337,37.4692316,194491.8133,441091.064
1200008000,신림교회,101,도로교차점,1,유,126.9388373,37.4692859,194589.4447,441097.0171
1200008100,신림중학교,103,속성변화점,1,유,126.9446767,37.4698648,195106.051,441160.9557
1200008200,대동빌딩,101,도로교차점,0,무,126.96792,37.4704048,197162.1964,441219.9297
1200008300,한남교(남단),101,도로교차점,0,무,126.9397461,37.4704875,194669.9245,441230.3277
1200008400,화랑교(남단),101,도로교차점,0,무,126.9389296,37.4705522,194597.7068,441237.56
1200008500,삼성교(남단),101,도로교차점,0,무,126.9414418,37.4706683,194819.9435,441250.3038
1200008600,우림시장,101,도로교차점,0,무,126.9198798,37.4706389,192912.5651,441248.442
1200008700,신성교(남단),101,도로교차점,0,무,126.9377124,37.4707021,194490.0369,441254.2715
1200008800,신성1교(남단),101,도로교차점,0,무,126.9368157,37.4708126,194410.7245,441266.5816
1200008900,한남교(북단),101,도로교차점,0,무,126.9397369,37.4707485,194669.1307,441259.2996
1200009000,화랑교(북단),101,도로교차점,0,무,126.9389617,37.4708249,194600.5578,441267.827
1200009100,재활용품홍보센타,101,도로교차점,0,무,126.9408959,37.4708538,194771.6607,441270.9232
1200009200,동방2교(남단),101,도로교차점,0,무,126.9350976,37.4710393,194258.7612,441291.8434
1200009300,신성교(북단),101,도로교차점,0,무,126.9377587,37.4709649,194494.1559,441283.4351
1200009400,삼성교(북단),101,도로교차점,0,무,126.9413878,37.4709162,194815.181,441277.8205
1200009500,신성1교(북단),101,도로교차점,0,무,126.9368578,37.4710698,194414.4685,441295.1245
1200009600,동방2교(북단),101,도로교차점,0,무,126.935202,37.4713278,194268.0216,441323.8581
1200009700,미림여고입구,101,도로교차점,1,유,126.9339397,37.4715178,194156.3672,441345.0248
1200009800,미림여고입구,101,도로교차점,0,무,126.9341368,37.4717944,194173.8298,441375.7165
1200009900,쌍용아파트(신림동),101,도로교차점,0,무,126.9109742,37.4718397,192124.896,441382.4277
1200010000,신림3교(남단),101,도로교차점,0,무,126.9332713,37.4721587,194097.2989,441416.1979
1200010100,신림3교(북단),101,도로교차점,0,무,126.9336489,37.472287,194130.7026,441430.4192
1200010200,관악구민종합체육센타,101,도로교차점,0,무,126.9588102,37.472594,196356.4459,441463.2146
1200010300,프린스빌딩,101,도로교차점,0,무,126.9188733,37.4729599,192823.7458,441506.125
1200010500,서울여상,101,도로교차점,1,유,126.9531019,37.4734822,195851.5526,441562.0257
1200010600,양산교(남단),101,도로교차점,0,무,126.9340065,37.4737116,194162.4526,441588.5081
1200010700,양산교(북단),101,도로교차점,0,무,126.9336697,37.4740363,194132.687,441624.5577
1200010800,뿌리약국,101,도로교차점,0,무,126.9187045,37.4741613,192808.9291,441639.4753
1200010900,충무교(남단),101,도로교차점,0,무,126.935498,37.4741297,194294.4138,441634.8103
1200011000,미래아파트,101,도로교차점,0,무,126.9162356,37.4743991,192590.5636,441666.0616
1200011100,내양연립,101,도로교차점,0,무,126.913723,37.4743783,192368.3131,441663.9449
1200011200,금호빌딩,101,도로교차점,0,무,126.938195,37.4744927,194533.006,441674.9428
1200011300,충무교(북단),101,도로교차점,1,유,126.9352397,37.4745109,194271.5935,441677.1437
1200011500,대도빌라,101,도로교차점,0,무,126.9153019,37.4747751,192508.0134,441707.8658
1200011600,김동규치과의원,101,도로교차점,0,무,126.916869,37.4749908,192646.6554,441731.6784
1200011700,까치고개_인현길_진출,101,도로교차점,1,유,126.9669165,37.475021,197073.6005,441732.2964
1200011800,두영아파트,101,도로교차점,0,무,126.9131781,37.4748022,192320.1589,441711.0408
1200011900,신학교(남단),101,도로교차점,0,무,126.9367198,37.4751494,194402.5625,441747.9199
1200012000,신학교(북단),101,도로교차점,0,무,126.9363344,37.4753936,194368.4973,441775.0397
1200012100,금강빌라,101,도로교차점,0,무,126.9300761,37.4754902,193814.9284,441786.1522
1200012200,봉천11동사무소,101,도로교차점,1,유,126.9655971,37.475557,196956.919,441791.8278
1200012300,까치고개,101,도로교차점,1,유,126.9672801,37.4756323,197105.7915,441800.1357
1200012500,우월빌라,101,도로교차점,1,유,126.9715097,37.4756173,197479.9164,441798.3498
1200012600,연송빌딩,101,도로교차점,1,유,126.9816414,37.4758749,198376.1082,441826.7127
1200012700,태림빌딩(수협),101,도로교차점,0,무,126.9773661,37.475887,197997.9418,441828.1419
1200012800,까치고개_남부순환로_진입,101,도로교차점,1,유,126.9659518,37.4761373,196988.3163,441856.2275
1200012900,기호빌라,101,도로교차점,0,무,126.9301324,37.4760719,193819.9554,441850.7107
1200013000,등용빌딩,101,도로교차점,0,무,126.9373502,37.4760823,194458.3934,441851.4202
1200013100,대림약국,101,도로교차점,1,유,126.959024,37.4762071,196375.5302,441864.2134
1200013200,우성빌라,101,도로교차점,0,무,126.930168,37.4763461,193823.1305,441881.1379
1200013300,사당역,101,도로교차점,1,유,126.9816337,37.4765603,198375.4468,441902.7806
1200013400,신한은행사당지점,101,도로교차점,1,유,126.977607,37.4766556,198019.2706,441913.4437
1200013500,사당고가차도(서측),104,도로시설물,0,무,126.9786981,37.4766934,198115.7809,441917.6094
1200013700,환준빌딩,101,도로교차점,0,무,126.913487,37.476762,192347.6756,441928.5288
1200013800,락성주유소,101,도로교차점,0,무,126.961989,37.4769696,196637.8308,441948.726
1200013900,신림2교,101,도로교차점,0,무,126.9373224,37.4770859,194456.0121,441962.81
1200014000,낙성사거리_낙성대길_진입,101,도로교차점,1,유,126.9590874,37.4771164,196381.1845,441965.1302
1200014300,신본교(남단),101,도로교차점,0,무,126.9349792,37.4774162,194248.7731,441999.6053
1200014400,로얄빌라,101,도로교차점,0,무,126.9136896,37.4775197,192365.6767,442012.608
1200014500,신본교(북단),101,도로교차점,0,무,126.935035,37.4777291,194253.7341,442034.3319
1200014600,문화교(남단),101,도로교차점,0,무,126.932926,37.477862,194067.2025,442049.2148
1200014700,국민건강보험공단앞,101,도로교차점,0,무,126.9164949,37.4778799,192613.847,442052.354
1200014800,낙성사거리,101,도로교차점,1,유,126.9595536,37.4779414,196422.4596,442056.6762
1200014900,난우초등학교,101,도로교차점,0,무,126.9179818,37.4780362,192745.3809,442069.5952
1200015000,문화교(북단),101,도로교차점,0,무,126.9330416,37.4782167,194077.4551,442088.5716
1200015100,신림고등학교,101,도로교차점,0,무,126.9179589,37.4781428,192743.3603,442081.4238
1200015200,관악보훈회관,101,도로교차점,1,유,126.9584945,37.4783415,196328.7969,442101.1263
1200015300,난곡터널(서측),104,도로시설물,0,무,126.9196512,37.4783195,192893.0667,442100.9096
1200015400,낙성대입구,101,도로교차점,1,유,126.9599063,37.4785089,196453.6805,442119.6472
1200015500,성지빌딩,101,도로교차점,0,무,126.9306457,37.4786626,193865.5712,442138.2159
1200015600,신림1교,101,도로교차점,0,무,126.9318662,37.4786824,193973.5214,442140.3326
1200015700,관악구청,101,도로교차점,1,유,126.952309,37.4787169,195781.7025,442143.0518
1200015800,봉천광성교회,101,도로교차점,0,무,126.957196,37.4788274,196213.9675,442155.1014
1200015900,세종오피스텔,101,도로교차점,1,유,126.9505978,37.4788831,195630.3605,442161.5727
1200016000,난곡터널(동측),104,도로시설물,0,무,126.9252101,37.4790288,193384.8223,442179.2264
1200016100,시흥IC_시흥대로_진출_3,101,도로교차점,0,무,126.8991332,37.4793756,191078.354,442219.8695
1200016200,조강빌딩,101,도로교차점,0,무,126.945894,37.4793501,195214.3359,442213.6355
1200016300,시흥IC_시흥대로_진입_3,101,도로교차점,0,무,126.8990021,37.4794034,191066.7592,442222.9614
1200016400,대주빌딩,101,도로교차점,1,유,126.9575845,37.4793997,196248.3634,442218.6015
1200016500,원당초교입구,101,도로교차점,1,유,126.9558592,37.4800803,196095.79,442294.2163
1200016700,관악구-동작구경계(1),105,행정경계,0,무,126.9644902,37.4801276,196859.1993,442299.1409
1200016800,시흥IC_시흥대로_진입_1,101,도로교차점,0,무,126.8996445,37.4805504,191123.7201,442350.209
1200016900,시흥IC_시흥대로_진출_2,101,도로교차점,0,무,126.8995211,37.4805953,191112.8063,442355.198
1200017000,승리교(남단),101,도로교차점,0,무,126.9296816,37.4806732,193780.4597,442361.4237
1200017100,승리교(북단),101,도로교차점,0,무,126.9301263,37.4809774,193819.8165,442395.1582
1200017500,웅산빌딩,101,도로교차점,0,무,126.9300461,37.4811458,193812.7389,442413.8554
1200017800,서울대입구역,101,도로교차점,1,유,126.9527354,37.4812663,195819.5644,442425.9791
1200018200,신림교(남단),101,도로교차점,0,무,126.9286806,37.4815985,193692.0042,442464.1832
1200018300,난곡사거리,101,도로교차점,1,유,126.9144773,37.4818322,192435.782,442491.1663
1200018400,신림교(북단),101,도로교차점,0,무,126.9290432,37.4819271,193724.1033,442500.6389
1200018500,봉천로사거리,101,도로교차점,1,유,126.9531866,37.482077,195859.5166,442515.9376
1200018600,양지빌딩,101,도로교차점,1,유,126.9143673,37.482533,192426.1233,442568.9567
1200018700,디지털단지입구,101,도로교차점,1,유,126.9011871,37.4825788,191260.3903,442575.187
1200018800,현대시장입구,101,도로교차점,1,유,126.9464501,37.4828215,195263.7403,442598.8851
1200018900,임마누엘교회,101,도로교차점,1,유,126.9436201,37.4831004,195013.455,442629.9847
1200019000,관악프라자,101,도로교차점,1,유,126.9543226,37.4833886,195960.0585,442661.4587
1200019100,조원동주민센터앞,101,도로교차점,0,무,126.9076171,37.4836972,191829.2221,442698.7351
1200019200,봉림교,101,도로교차점,1,유,126.9259567,37.483787,193451.2711,442707.2723
1200019300,봉림교(북단),101,도로교차점,1,유,126.9266034,37.4838749,193508.4741,442716.9825
1200019600,강남우신병원,101,도로교차점,1,유,126.9023066,37.4839174,191359.5637,442723.65
1200019700,신림빌딩,101,도로교차점,1,유,126.9273852,37.4839675,193577.6268,442727.2082
1200020100,신림역,101,도로교차점,1,유,126.9297093,37.4842693,193783.2084,442760.5458
1200020200,신도브래뉴앞,101,도로교차점,1,유,126.9110446,37.4843256,192132.4352,442768.1883
1200020700,구로디지털단지역,101,도로교차점,1,유,126.9028084,37.4845424,191404.0137,442792.971
1200020800,프레콘빌딩,101,도로교차점,1,유,126.9334872,37.4847435,194117.3778,442812.9334
1200020900,신사동주민센터입구,101,도로교차점,1,유,126.9138978,37.4848534,192384.8327,442826.5335
1200021000,현대택배,101,도로교차점,0,무,126.9252825,37.484913,193391.7397,442832.2882
1200021100,SK허브그린,101,도로교차점,1,유,126.9296154,37.4849264,193774.9611,442833.4794
1200021300,신림현대아파트,101,도로교차점,0,무,126.9089434,37.4852287,191946.6973,442868.5979
1200021400,한성빌딩.남부교회,101,도로교차점,0,무,126.9559608,37.4853441,196105.0504,442878.4175
1200021600,서울관악우체국,101,도로교차점,1,유,126.9334651,37.4854114,194115.4806,442887.0577
1200021700,강남빌딩,101,도로교차점,1,유,126.9240479,37.4854236,193282.5989,442889.0414
1200021800,삼양빌딩,101,도로교차점,0,무,126.93421,37.4854976,194181.3619,442896.5827
1200021900,하마빌라,101,도로교차점,1,유,126.9106526,37.4857056,192097.907,442921.3824
1200022000,에메랄드(아)101동,101,도로교차점,1,유,126.9538289,37.4860931,195916.5455,442961.6401
1200022100,정암빌딩,101,도로교차점,0,무,126.9393457,37.486226,194635.6293,442977.1187
1200022400,진아빌리지,101,도로교차점,0,무,126.9360847,37.4863626,194347.2329,442992.4646
1200022500,행복한감리교회,101,도로교차점,0,무,126.9522357,37.4863678,195775.6546,442992.1995
1200022600,은천로입구,101,도로교차점,1,유,126.9349419,37.4863858,194246.1618,442995.1104
1200022700,봉천우성3동,101,도로교차점,0,무,126.9589938,37.486356,196373.3495,442990.612
1200022800,청림경로당,101,도로교차점,1,유,126.9580424,37.4863986,196289.2118,442995.3746
1180023700,만조통상,101,도로교차점,1,유,126.9236193,37.513019,193247.1773,445951.8041
1180023800,우원빌딩,101,도로교차점,1,유,126.9089746,37.5130473,191952.4362,445956.1035
1180024000,성애병원,101,도로교차점,1,유,126.9223666,37.513316,193136.449,445984.855
1180024300,영문교회앞,101,도로교차점,0,무,126.8913752,37.5134503,190396.5246,446002.4763
1180024400,문래1동남성맨션,101,도로교차점,0,무,126.888747,37.5135286,190164.1791,446011.4448
1180024500,신길2 승리교회,101,도로교차점,1,유,126.9109866,37.5135197,192130.3689,446008.3589
1180024600,대방동우편취급소,102,도로시.종점,1,유,126.926119,37.5135784,193468.2202,446013.7212
1180024700,영등포역고가차도(남측),104,도로시설물,0,무,126.908671,37.5134941,191925.6471,446005.713
1180024800,문래삼환APT,101,도로교차점,0,무,126.89039,37.5139142,190309.4809,446054.0695
1180025300,세무사김종석사무소,101,도로교차점,1,유,126.90038,37.5142417,191192.7255,446089.434
1180025400,신길삼거리,101,도로교차점,1,유,126.9188522,37.5142004,192825.8275,446083.2802
1180025900,지하차도(서측)1,104,도로시설물,0,무,126.9243857,37.5152721,193315.1366,446201.8118
1180026100,롯데백화점(영등포점),102,도로시.종점,0,무,126.9077369,37.5148377,191843.205,446154.9185
1180026200,문래동신안인스빌,101,도로교차점,0,무,126.8855126,37.5148515,189878.4027,446158.6111
1180026300,한양카센타,101,도로교차점,1,유,126.8933644,37.5150453,190572.5917,446179.3036
1180026400,문래동KT&G,101,도로교차점,0,무,126.8878419,37.5151141,190084.3675,446187.5005
1180026500,엔-씨티오피스텔,101,도로교차점,1,유,126.917747,37.5150364,192728.1961,446176.1491
1180026600,청과시장입구,101,도로교차점,1,유,126.9030382,37.5151701,191427.847,446192.2252
1180026700,에이스하이테크시티에이스건설타,101,도로교차점,0,무,126.9004647,37.5153767,191200.3489,446215.3924
1180026800,문래자이,101,도로교차점,0,무,126.8989606,37.515547,191067.3955,446234.4425
1180026900,강화당한의원,101,도로교차점,1,유,126.8918074,37.5157949,190435.034,446262.6505
1180027000,국화아파트,101,도로교차점,1,유,126.8943058,37.516047,190655.9387,446290.3817
1180027100,영등포지하차도(남측),104,도로시설물,0,무,126.9124582,37.5154816,192260.6764,446225.9791
1180027200,영등포역고가차도(북측),104,도로시설물,0,무,126.9018276,37.51696,191321.0212,446390.9938
1180027600,영등포문화예술회관,102,도로시.종점,0,무,126.9123993,37.5167098,192255.5942,446362.3037
1180027700,문래현대아파트,101,도로교차점,0,무,126.8840863,37.5167532,189752.5638,446369.8258
1180027800,영일시장,101,도로교차점,0,무,126.9006021,37.5167213,191212.652,446364.6177
1180027900,문래동주민자치센터,101,도로교차점,0,무,126.8991865,37.5168509,191087.5205,446379.1284
1180028000,여의교,101,도로교차점,1,유,126.9286004,37.5170598,193687.8977,446399.9379
1180028100,반공순국용사위령탑,101,도로교차점,1,유,126.9196777,37.5169817,192899.0754,446391.9106
1180028200,문래GS자이아파트앞,101,도로교차점,0,무,126.8981048,37.5169529,190991.9106,446390.552
1180028400,영등포공원앞,102,도로시.종점,0,무,126.9123578,37.5170435,192251.9562,446399.3455
1180028500,대우트럼프월드,101,도로교차점,1,유,126.9262718,37.5172586,193482.0515,446422.163
1180028600,영등포한전,101,도로교차점,1,유,126.9093735,37.5173581,191988.1661,446434.5086
1180028700,문래LG아파트,101,도로교차점,1,유,126.8946077,37.5172826,190682.7837,446427.4872
1180028900,신길역,101,도로교차점,1,유,126.9165413,37.5174277,192621.8444,446441.6524
1180029000,성모병원앞,101,도로교차점,1,유,126.9350132,37.5175847,194254.859,446457.7884
1180029300,영등포지하차도(북측),101,도로교차점,0,무,126.912267,37.5178629,192244.0186,446490.2962
1180029400,영등포입체고가교(서측),104,도로시설물,0,무,126.910615,37.5177858,192097.9684,446481.8692
1180029500,지하차도(북측)2,104,도로시설물,0,무,126.8822045,37.5182024,189586.4114,446530.8794
1180029600,여의상류IC10,108,IC 및 JC,0,무,126.9364919,37.5176565,194385.5932,446465.6595
1180029700,노들길지하차도(남측),104,도로시설물,0,무,126.9174142,37.5178455,192699.05,446487.9546
1180029800,여의상류IC9,108,IC 및 JC,0,무,126.9377628,37.5176475,194497.9448,446464.5951
1180029900,여의상류IC,108,IC 및 JC,0,무,126.940451,37.5178092,194735.6003,446482.3806
1180030000,문래현대6차아파트,101,도로교차점,0,무,126.8843628,37.5179097,189777.1701,446498.149
1180030100,여의상류IC20,108,IC 및 JC,0,무,126.9399292,37.5179052,194689.4847,446493.0656
1180030300,여의상류IC(여의동로),108,IC 및 JC,0,무,126.9386786,37.5180312,194578.9356,446507.1253
1180030600,타임스퀘어,101,도로교차점,1,유,126.9058034,37.5180594,191672.6311,446512.6524
1180030700,알라딘세차장,101,도로교차점,1,유,126.9276357,37.5181558,193602.7017,446521.6465
1180030800,문래현대5차아파트,101,도로교차점,0,무,126.8831387,37.5180978,189668.9766,446519.1607
1180030900,문래대원아파트,101,도로교차점,0,무,126.8824514,37.5182034,189608.2333,446530.9574
1180031000,영등포로터리동단,101,도로교차점,0,무,126.9159839,37.5181234,192572.6318,446518.9109
1180031100,광장아파트뒤,101,도로교차점,0,무,126.9249298,37.518445,193363.5179,446553.9258
1180031200,영등포역고가북단,101,도로교차점,1,유,126.9012417,37.5184991,191269.4052,446561.865
1180031300,SK리더스뷰,101,도로교차점,1,유,126.9007344,37.5184557,191224.5583,446557.1025
1180031400,영등포로터리,101,도로교차점,0,무,126.9135245,37.5187677,192355.2762,446590.6131
1180031500,아일렉스타워,101,도로교차점,1,유,126.9307958,37.5185534,193882.1023,446565.5674
1180031700,야채시장3R,101,도로교차점,1,유,126.8994279,37.518569,191109.0674,446569.8025
1180031900,문래동벽산메가트리움1동앞,101,도로교차점,1,유,126.8983503,37.5186468,191013.8172,446578.5338
1180032000,영등포로터리동단_노량진로_진입,101,도로교차점,0,무,126.9141036,37.5187705,192406.4731,446590.8777
1180032300,영등포동3가_풍요길_진출,101,도로교차점,0,무,126.901033,37.5189614,191251.0106,446613.1943
1180032400,영등포로터리_버드나룻길_진출_1,101,도로교차점,0,무,126.9125107,37.5191377,192265.6947,446631.7563
1180032500,문래역,101,도로교차점,1,유,126.8950277,37.5190015,190720.1291,446618.2213
1180032600,선한치과,101,도로교차점,1,유,126.9094882,37.5190031,191998.4848,446617.0715
1180032700,여의상류IC(여의동로),108,IC 및 JC,0,무,126.9408645,37.5190433,194772.2416,446619.3301
1180032900,미성아파트앞,101,도로교차점,1,유,126.9264553,37.5193518,193498.4557,446654.4676
1180033000,경도빌딩,101,도로교차점,1,유,126.9320521,37.5193218,193993.2275,446650.7634
1180033100,영등포로터리동단_노량진로_진출,101,도로교차점,0,무,126.9147673,37.5194468,192465.2108,446665.8872
1180033400,영등포로타리,101,도로교차점,0,무,126.9129085,37.5195849,192300.9042,446681.3654
1180033600,여의상류IC6,108,IC 및 JC,0,무,126.9409942,37.5197651,194783.7589,446699.4303
1180033700,펠리스웨딩홀부페,101,도로교차점,0,무,126.8986353,37.5196884,191039.1319,446694.1155
1180034100,영문초교,101,도로교차점,0,무,126.8894699,37.5198815,190228.9206,446716.4519
1180034200,영등포로타리,101,도로교차점,0,무,126.913402,37.5198714,192344.5605,446713.1155
1180034300,미래에셋빌딩,101,도로교차점,1,유,126.9272748,37.5198911,193570.9516,446714.2636
1180034400,한양아파트앞,101,도로교차점,1,유,126.9329031,37.5198646,194068.4966,446710.9573
1180034500,윤중초교앞,108,IC 및 JC,0,무,126.9191574,37.5200168,192853.365,446728.8028
1180034600,서울교남단,101,도로교차점,1,유,126.9148104,37.5199854,192469.0754,446725.6525
1180034700,영등포시장,101,도로교차점,1,유,126.9048485,37.5199845,191588.4305,446726.4064
1180035100,진로아파트,101,도로교차점,0,무,126.8953145,37.5202007,190745.6341,446751.2869
1180035300,동일빌딩,101,도로교차점,0,무,126.9103262,37.5202982,192072.7006,446760.7405
1180035800,KT여의도지점,101,도로교차점,1,유,126.9185501,37.5204561,192799.7214,446777.6102
1180035900,롯데캐슬엠파이어,101,도로교차점,1,유,126.9253168,37.5205097,193397.9138,446783.0554
1180036100,문래중교,101,도로교차점,0,무,126.8850128,37.5205602,189834.9949,446792.2587
1180036300,교보생명,101,도로교차점,0,무,126.8924615,37.5206417,190493.478,446800.5269
1180036500,삼익아파트,101,도로교차점,1,유,126.9341625,37.5206535,194179.8958,446798.4343
1180036700,국민은행여의도,101,도로교차점,1,유,126.9286209,37.5207167,193690.0144,446805.8096
1180036800,광장아파트앞,101,도로교차점,0,무,126.9227486,37.5207559,193170.9008,446810.5721
1180036900,문래중학교,101,도로교차점,1,유,126.8837629,37.5207616,189724.5312,446814.7483
1180037400,당산빌딩(남도극장),101,도로교차점,1,유,126.8989174,37.520912,191064.2205,446829.8884
1180037600,관악고등학교,101,도로교차점,1,유,126.8819892,37.5210161,189567.7652,446843.1911
1180037700,현대정공,101,도로교차점,0,무,126.8897523,37.5210415,190254.0296,446845.1754
1180037800,한국화재보험협회,101,도로교차점,0,무,126.9261893,37.5210128,193475.0805,446838.8327
1180037900,쉐르마호텔,101,도로교차점,0,무,126.9121613,37.5212507,192235.0228,446866.3095
1180038100,유원문래APT,101,도로교차점,0,무,126.8874948,37.5213962,190054.5166,446884.776
1180038200,영등포유통상가,101,도로교차점,1,유,126.8956054,37.5214166,190771.4956,446886.2123
1180038400,원효대교(남단),104,도로시설물,0,무,126.9354704,37.5214772,194295.5728,446889.7753
1180038600,한국금융증권,101,도로교차점,1,유,126.9299011,37.521528,193803.2563,446895.7681
1180038700,서울교_일반국도46호선_진출_1,101,도로교차점,1,유,126.9176645,37.5213127,192721.5148,446872.7435
1180038800,서울교,101,도로교차점,1,유,126.9174244,37.5216226,192700.3217,446907.157
1180038900,여의도역,101,도로교차점,1,유,126.9241885,37.5216713,193298.2695,446912.0633
1180039000,신단빌딩,103,속성변화점,0,무,126.9133588,37.521778,192340.9377,446924.7343
1180039100,노들길지하차도(북측),104,도로시설물,0,무,126.9133095,37.5221789,192336.623,446969.2326
1180039200,신동아아파트,101,도로교차점,0,무,126.8853028,37.5217405,189860.7919,446923.2277
1180039300,원효대교사거리_여의동로_진출,101,도로교차점,0,무,126.9394984,37.5216954,194651.669,446913.7573
1180039600,한국노총회관,101,도로교차점,1,유,126.9275359,37.5218659,193594.1962,446933.4214
1180039800,지하차도(남측)4,104,도로시설물,0,무,126.8817036,37.522052,189542.6615,446958.1885
1180039900,양평1동제일은행,101,도로교차점,1,유,126.8913944,37.5220649,190399.3262,446958.5908
1180040200,수정아파트앞,101,도로교차점,1,유,126.9307631,37.5220555,193879.5002,446954.2588
1180040300,대한투자신탁빌딩,101,도로교차점,0,무,126.921318,37.5221948,193044.5717,446970.3749
1180040500,올림픽대로-여의동로램프(3),108,IC 및 JC,0,무,126.916194,37.5224229,192591.6306,446996.0837
1180040700,정진한의원,101,도로교차점,1,유,126.8854246,37.5222566,189871.6266,446980.4854
1180040800,양남사거리,101,도로교차점,1,유,126.8900285,37.5222885,190278.6106,446983.5418
1180041100,신동아하이팰리스,101,도로교차점,1,유,126.8841822,37.5224496,189761.8243,447002.049
1180041300,신송센타빌딩,101,도로교차점,1,유,126.9255953,37.5225377,193422.7057,447008.1232
1180041400,은행나무집,101,도로교차점,1,유,126.8877807,37.5226269,190079.953,447021.3368
1180041500,교보증권사옥,101,도로교차점,1,유,126.9232764,37.522633,193217.7297,447018.863
1180041600,영등포시장역,101,도로교차점,1,유,126.9051319,37.5227195,191613.7869,447029.9224
1180041900,벽산아파트(양평동2가),101,도로교차점,0,무,126.8818605,37.5228049,189556.6395,447041.7365
1180042100,여의도한양아파트,101,도로교차점,0,무,126.9320277,37.5228431,193991.3533,447041.5869
1180042200,관악고교,101,도로교차점,1,유,126.8856172,37.5229653,189888.7435,447059.1296
1180042300,여의도우체국,101,도로교차점,0,무,126.9264032,37.5230288,193494.1654,447062.5724
1180042400,웰빙마트,101,도로교차점,1,유,126.8843557,37.5231626,189777.263,447081.1639
1180042500,여의도역,104,도로시설물,0,무,126.9231272,37.5227832,193204.5509,447035.5403
1180042600,동서빌딩,101,도로교차점,0,무,126.9296315,37.5231987,193779.5632,447081.2145
1180042700,영등포청과시장,101,도로교차점,0,무,126.9018004,37.5232194,191319.3488,447085.7113
1180042800,전경련회관,101,도로교차점,1,유,126.920482,37.5230668,192970.7528,447067.2126
1180042900,한국방송공사앞,108,IC 및 JC,0,무,126.9160877,37.5232713,192582.3173,447090.2491
1180043000,상록수아파트,101,도로교차점,1,유,126.8836616,37.5232645,189715.9145,447092.5422
1180043100,원효대교남단,101,도로교차점,0,무,126.9389194,37.5234604,194600.6127,447109.6796
1180043300,한진해운빌딩,101,도로교차점,0,무,126.9246601,37.5235075,193340.1232,447115.8192
1180043400,원효대교남단,101,도로교차점,0,무,126.9388452,37.5235509,194594.0619,447119.7337
1180043600,오목교동단,101,도로교차점,1,유,126.8815584,37.5236051,189530.0444,447130.5761
1180043800,서부간선도로-영등포로램프(2),108,IC 및 JC,0,무,126.8804634,37.5238247,189433.2799,447155.075
1180043900,여의도공원앞,101,도로교차점,0,무,126.9219808,37.5239366,193103.3206,447163.6427
1180044100,영등포구청역,101,도로교차점,1,유,126.8962489,37.5240811,190828.7125,447181.8713
1180044300,원효대교사거리_여의동로_진입,101,도로교차점,0,무,126.9363222,37.5240963,194371.0758,447180.4091
1180044400,여의도공원앞,101,도로교차점,0,무,126.9216726,37.5242539,193076.1021,447198.8767
1180044600,여의2교지하차도(남측),104,도로시설물,0,무,126.9123974,37.5235308,192256.128,447119.3516
1180044900,목화예식장주차빌딩앞,101,도로교차점,0,무,126.8920417,37.5247279,190456.8867,447254.078
1180045100,동아일보하단,101,도로교차점,0,무,126.918681,37.5248453,192811.7115,447264.7421
1180045200,영동초등학교,101,도로교차점,1,유,126.9094321,37.5252146,191994.19,447306.4785
1180045300,서부간선도로-영등포로램프(1),108,IC 및 JC,0,무,126.8819225,37.5251084,189562.4373,447297.3915
1180045500,한국증권전산(주),101,도로교차점,1,유,126.9275812,37.525315,193598.4974,447316.2353
1180045600,여의2교교차로_명화4길_진입,101,도로교차점,0,무,126.9108433,37.5254227,192118.9494,447329.4596
1180045700,삼부아파트,101,도로교차점,0,무,126.9302218,37.5254001,193831.9184,447325.5019
1180045800,영등포전화국,101,도로교차점,1,유,126.9054575,37.5255773,191642.8869,447347.076
1180045900,양평역,101,도로교차점,0,무,126.8862395,37.5256199,189944.1133,447353.6875
1180046000,여의2교,101,도로교차점,1,유,126.9109671,37.5256556,192129.9215,447355.2942
1180046200,여의도공원교차로,101,도로교차점,1,유,126.9201975,37.5257796,192945.8555,447368.3267
1180046300,동아일보여의도사옥,101,도로교차점,0,무,126.9176427,37.5258887,192720.0332,447380.6299
1180046700,여의하류IC1,108,IC 및 JC,0,무,126.9139333,37.5258303,192392.1344,447374.4386
1180046800,KBS기술연구소,101,도로교차점,0,무,126.9141808,37.5260877,192414.0419,447402.9872
1180046900,영등포경찰서,101,도로교차점,1,유,126.9028835,37.5260962,191415.4205,447404.9026
1180047200,서림빌딩,101,도로교차점,1,유,126.8968293,37.5264917,190880.3088,447449.3657
1180047400,여의도환승센터,101,도로교차점,1,유,126.9263064,37.5266276,193485.9278,447461.9983
1180047600,여의하류IC,104,도로시설물,0,무,126.9099096,37.5277056,192036.6557,447582.9025
1180047700,여의도환승센터,101,도로교차점,1,유,126.9259912,37.5269682,193458.0899,447499.8249
1180047800,의원회관앞,101,도로교차점,1,유,126.9135512,37.5269741,192358.4793,447501.4124
1180047900,공작아파트,101,도로교차점,1,유,126.9286043,37.5270114,193689.076,447504.4375
1180048000,코스트코,101,도로교차점,0,무,126.892625,37.5272022,190508.7632,447528.6408
1180048100,당산전화국앞,101,도로교차점,1,유,126.905653,37.5272947,191660.3651,447537.672
1180048200,양평역 대우미래사랑,102,도로시.종점,0,무,126.8866387,37.5272757,189979.6204,447537.4146
1180048300,KBS기술연구소입구,101,도로교차점,0,무,126.9162447,37.5273825,192596.6048,447546.5239
1180048400,여의하류IC,108,IC 및 JC,0,무,126.911016,37.5264337,192134.3283,447441.6504
1180048500,대한결핵협회,101,도로교차점,0,무,126.9083668,37.5275463,191900.266,447565.3565
1180048600,LG트윈타워,101,도로교차점,1,유,126.9279391,37.5276701,193630.3384,447577.5949
1180048700,롯데마트영등포점,101,도로교차점,1,유,126.9035593,37.5277118,191475.3425,447584.1556
1180048800,영등포구청,101,도로교차점,1,유,126.8971751,37.5277797,190911.0264,447592.2868
1180048900,청림빌딩,101,도로교차점,1,유,126.9057255,37.5279188,191666.8363,447606.9329
1180049000,LG트윈타워_일반국도46호선_진입,101,도로교차점,0,무,126.9279149,37.5281297,193628.2367,447628.6023
1180049100,정일빌딩,101,도로교차점,1,유,126.9154895,37.5281507,192529.9297,447631.8522
1180049200,서부간선도로-제물포길램프(1),108,IC 및 JC,0,무,126.8879715,37.528192,190097.5535,447638.9692
1180049300,여의하류IC2,108,IC 및 JC,0,무,126.9124219,37.5282059,192258.7841,447638.2287
1180049400,여의동로삼거리,101,도로교차점,1,유,126.9306938,37.5283117,193873.881,447648.622
1180049500,서부간선도로-제물포길램프(11),108,IC 및 JC,0,무,126.8885453,37.528842,190148.3615,447711.0607
1180049600,국립농산물연구소,101,도로교차점,0,무,126.8934974,37.528383,190586.0217,447659.6098
1180049700,드림시드 아파트,101,도로교차점,0,무,126.9067111,37.528414,191754.0113,447661.8058
1180049800,삼환아파트,101,도로교차점,1,유,126.9057858,37.5284194,191672.2233,447662.4862
1180049900,미소로,101,도로교차점,1,유,126.9038684,37.5284273,191502.7417,447663.5398
1180050000,마포대교남단_여의동로_진출,101,도로교차점,0,무,126.930402,37.5286132,193848.1166,447682.0987
1180050100,영등포당중아파트,101,도로교차점,0,무,126.9079292,37.5286766,191861.7152,447690.8491
1180050200,경인고속입구_제물포길_진입,101,도로교차점,0,무,126.895364,37.5286622,190751.0478,447690.4102
1180050300,의원회관앞,108,IC 및 JC,0,무,126.9125859,37.5288463,192273.3417,447709.2913
1180050400,영등포구-마포구경계(1),105,행정경계,0,무,126.9492065,37.5289018,195510.2956,447713.066
1180050500,당산현대아파트,101,도로교차점,1,유,126.9040697,37.5288935,191520.5926,447715.2595
1180050600,삼호아파트,101,도로교차점,1,유,126.8923261,37.5289615,190482.5639,447723.9246
1180050700,마포대교남단,101,도로교차점,0,무,126.9298896,37.5289348,193802.847,447717.8243
1180050800,국회의사당역,101,도로교차점,1,유,126.9169882,37.5290601,192662.4862,447732.6587
1180050900,마포대교남단,101,도로교차점,1,유,126.9294672,37.5291921,193765.5363,447746.417
1180051000,동양웨딩홀앞,101,도로교차점,1,유,126.8941623,37.5292484,190644.9001,447755.5842
1180051100,올림픽대로-노들길램프(11),108,IC 및 JC,0,무,126.9094681,37.5291067,191997.7843,447738.4442
1180051200,국민건강보험공단,101,도로교차점,1,유,126.9258108,37.5292948,193442.3471,447758.0587
1180051300,보라빌딩,101,도로교차점,1,유,126.8983179,37.5293234,191012.2307,447763.5099
1180051500,올림픽대로-노들길램프(12),108,IC 및 JC,0,무,126.9099594,37.5293928,192041.2415,447770.1608
1180051700,올림픽대로-노들길램프(10),108,IC 및 JC,0,무,126.9093889,37.529801,191990.8569,447815.5147
1180051800,마포대교남단_일반국도46호선_진,101,도로교차점,0,무,126.930806,37.5299619,193883.9322,447831.7594
1180051900,마포대교남단_여의서로_진입,101,도로교차점,0,무,126.9282128,37.5297704,193654.7017,447810.6852
1180052000,경인고속입구,101,도로교차점,1,유,126.8929498,37.5297964,190537.7958,447816.5289
1180052100,올림픽대로-노들길램프(13),108,IC 및 JC,0,무,126.9098342,37.5298328,192030.2227,447819.0077
1180052300,서부간선도로-제물포길램프(2),108,IC 및 JC,0,무,126.891973,37.529892,190451.4711,447827.2356
1180052400,마포대교남단_일반국도46호선_진,101,도로교차점,0,무,126.9307213,37.5300464,193876.4537,447841.1437
1180052500,서부간선도로-제물포길램프(12),108,IC 및 JC,0,무,126.889734,37.5301382,190253.5997,447854.795
1180052600,경인고속입구_제물포길_진출_2,101,도로교차점,0,무,126.8921597,37.5299087,190467.9735,447829.0785
1180052800,여의도국민은행,101,도로교차점,1,유,126.9271838,37.5301896,193563.7911,447857.2777
1180052900,당산 푸르지오104동,101,도로교차점,1,유,126.9057832,37.5302122,191672.1935,447861.4689
1180053000,여의하류IC,108,IC 및 JC,0,무,126.9116502,37.5302817,192190.7861,447868.6812
1180053100,목동교동단,108,IC 및 JC,0,무,126.8901238,37.5303359,190288.0781,447876.6978
1180053200,목동교동단,108,IC 및 JC,0,무,126.8921945,37.5300132,190471.0659,447840.6732
1180053300,삼환아파트입구,101,도로교차점,0,무,126.904598,37.5302415,191567.4367,447864.8243
1180053400,삼도오피스텔,101,도로교차점,1,유,126.9247905,37.5303133,193352.2563,447871.1683
1180053500,서부간선도로-제물포길램프(10),108,IC 및 JC,0,무,126.8886338,37.5306624,190156.4203,447913.0854
1180053600,여의하류IC,108,IC 및 JC,0,무,126.9096279,37.5305588,192012.0671,447899.6048
1180053700,남강PB,101,도로교차점,0,무,126.907176,37.5306225,191795.3525,447906.8766
1180053800,서부간선도로-제물포길램프(9),108,IC 및 JC,0,무,126.888669,37.5307668,190159.5457,447924.6713
1180053900,여의하류IC19,108,IC 및 JC,0,무,126.9101797,37.5308446,192060.8655,447931.2735
1180054000,벧엘교회,101,도로교차점,0,무,126.8953569,37.5307893,190750.6878,447926.4961
1180054100,순복음교회,101,도로교차점,0,무,126.9255264,37.5308108,193417.3439,447926.3341
1180054200,당산 푸르지오,101,도로교차점,1,유,126.9070597,37.5308965,191785.0999,447937.3038
1180054300,목동교동단,108,IC 및 JC,0,무,126.8901504,37.5307237,190290.4843,447919.7387
1180054400,목동교동단,108,IC 및 JC,0,무,126.8899893,37.5307166,190276.2392,447918.9645
1180054500,영등포중앙감리교회,101,도로교차점,1,유,126.9057746,37.5311801,191671.5405,447968.886
1180054600,여의하류IC5,108,IC 및 JC,0,무,126.9113467,37.5312398,192164.0631,447975.044
1180054700,서강대교남단_복음길_진출,101,도로교차점,0,무,126.9217616,37.5313292,193084.6219,447984.1403
1180054800,당산주유소,101,도로교차점,0,무,126.9050007,37.5313003,191603.1555,447982.2995
1180054900,여의하류IC20,108,IC 및 JC,0,무,126.9238476,37.5313717,193269.0086,447988.715
1180055000,여의하류IC15,108,IC 및 JC,0,무,126.9097767,37.5319289,192025.3583,448051.6482
1180055100,경인고속입구_선유로_진입_2,101,도로교차점,0,무,126.8942794,37.5314633,190655.5356,448001.4069
1180055400,여의도순복음교회,101,도로교차점,1,유,126.9213005,37.5316598,193043.9013,448020.8652
1180055500,서강대교남단_여의서로_진입_1,101,도로교차점,0,무,126.9220936,37.5317746,193114.014,448033.5531
1180055800,여의하류IC,108,IC 및 JC,0,무,126.9080452,37.5319741,191872.3233,448056.8152
1180055900,당서초교후문,101,도로교차점,1,유,126.9003685,37.5319223,191193.7914,448051.7634
1180056000,서부간선도로-제물포길램프(15),108,IC 및 JC,0,무,126.8913443,37.5318565,190396.1576,448045.3416
1180056100,여의하류IC13,108,IC 및 JC,0,무,126.9087337,37.5319698,191933.1776,448056.286
1180056200,당산중교앞,101,도로교차점,1,유,126.9057672,37.5320097,191670.9807,448060.9674
1180056300,서부간선도로-제물포길램프(8),108,IC 및 JC,0,무,126.8907431,37.5323292,190343.0738,448097.8639
1180056700,여의하류IC,108,IC 및 JC,0,무,126.9099677,37.5322886,192042.2846,448091.5554
1180056800,당산현대아파트,101,도로교차점,0,무,126.8965488,37.5323092,190856.2225,448095.0696
1180056900,여의하류IC,108,IC 및 JC,0,무,126.9099107,37.5323786,192037.2577,448101.5466
1180057200,여의하류IC18,108,IC 및 JC,0,무,126.9095076,37.532476,192001.6332,448112.392
1180057400,선유중고교,101,도로교차점,1,유,126.8953671,37.5328946,190751.8442,448160.1572
1180057500,올림픽대로-노들길램프(18),108,IC 및 JC,0,무,126.9073616,37.5328699,191811.9982,448156.2987
1180057600,당산역_당산로_진출_1,101,도로교차점,0,무,126.9017075,37.5335093,191312.3247,448227.7671
1180057700,여의하류IC6,108,IC 및 JC,0,무,126.9116895,37.5332936,192194.5696,448202.9565
1180057800,당산역_당산로_진입_2,101,도로교차점,0,무,126.9015927,37.533567,191302.1859,448234.1862
1180057900,당산역_양평로_진입_1,101,도로교차점,0,무,126.9023994,37.5336038,191373.4948,448238.1989
1180058000,성원아파트 상가,101,도로교차점,0,무,126.8940575,37.5335417,190636.1748,448232.1017
1180058100,여의하류IC,108,IC 및 JC,0,무,126.9113471,37.5334759,192164.3277,448223.2236
1180058200,여의하류IC11,108,IC 및 JC,0,무,126.9088719,37.5335782,191945.5697,448234.7834
1180058300,당산역_양평로_진출_1,101,도로교차점,0,무,126.9024711,37.5336956,191379.8421,448248.3828
1180058400,여의하류IC8,108,IC 및 JC,0,무,126.9148491,37.5338552,192473.8908,448265.0279
1180058500,당산역,101,도로교차점,1,유,126.9019351,37.5338974,191332.4862,448270.8283
1180058600,여의하류IC9,108,IC 및 JC,0,무,126.9124481,37.5340012,192261.6945,448281.4321
1180058700,서부간선도로-제물포길램프(6),108,IC 및 JC,0,무,126.8917078,37.5343215,190428.5933,448318.8882
1180058800,서부간선도로-제물포길램프(5),108,IC 및 JC,0,무,126.89174,37.5336653,190431.3618,448246.0515
1180058900,청호오토프라자,101,도로교차점,0,무,126.8928409,37.5341428,190528.7207,448298.9364
1180059000,당산역_양평로_진출_2,101,도로교차점,0,무,126.9014279,37.5340861,191287.679,448291.8147
1180059100,당산역_양평로_진입_2,101,도로교차점,0,무,126.9014998,37.5341778,191294.0491,448301.9844
1180059200,당산역_당산로_진입_1,101,도로교차점,0,무,126.9022871,37.5342573,191363.6424,448310.7341
1180059300,당산역_당산로_진출_2,101,도로교차점,0,무,126.9021709,37.5343131,191353.3752,448316.9458
1180059400,당산동진출입(올림픽대로),108,IC 및 JC,0,무,126.9067853,37.5348182,191761.2782,448372.5866
1180059500,올림픽대로-노들길램프(17),108,IC 및 JC,0,무,126.9056334,37.5349834,191659.4809,448391.0283
1180059600,노들길-은행나무길램프(1),108,IC 및 JC,0,무,126.9044209,37.5354056,191552.3627,448437.9916
1180059700,당산지하차도(남측),104,도로시설물,0,무,126.9041436,37.5352268,191527.8351,448418.1706
1180059800,노들길-은행나무길램프(2),108,IC 및 JC,0,무,126.9055728,37.5348821,191654.1216,448379.7811
1180059900,올림픽대로-노들길램프(16),108,IC 및 JC,0,무,126.9059247,37.5353433,191685.2681,448430.9425
1180060000,소방파출소앞,101,도로교차점,1,유,126.8989663,37.5353748,191070.2638,448435.0793
1180060100,정우빌딩,101,도로교차점,0,무,126.9032881,37.5355779,191452.2678,448457.2196
1180060200,양평동사거리,101,도로교차점,1,유,126.8978025,37.5359567,190967.4729,448499.77
1180060300,영등포구-마포구경계(2),105,행정경계,0,무,126.940522,37.5360904,194743.1611,448511.3684
1180060400,당산지하차도(북측),104,도로시설물,0,무,126.9051599,37.5363814,191617.7936,448546.2292
1180060500,노들길-선유로램프(1),108,IC 및 JC,0,무,126.8983454,37.5364291,191015.5116,448552.155
1180060600,노들길-선유로램프(3),108,IC 및 JC,0,무,126.9021946,37.5364039,191355.7098,448548.9874
1180060700,양평우체국,101,도로교차점,1,유,126.8964725,37.5365996,190850.0048,448571.2544
1180060800,노들길-선유로램프(8),108,IC 및 JC,0,무,126.8982324,37.536489,191005.5338,448558.8073
1180060900,노들길-일반국도6호선램프(2),108,IC 및 JC,0,무,126.9019631,37.536892,191335.3107,448603.1892
1180061000,노들길-선유로램프(2),108,IC 및 JC,0,무,126.9006277,37.5370554,191217.3063,448621.4455
1180061100,노들길-일반국도6호선램프(1),108,IC 및 JC,0,무,126.8996274,37.5373645,191128.9352,448655.8414
1180061200,노들길-선유로램프(4),108,IC 및 JC,0,무,126.9007945,37.5376897,191232.123,448691.8248
1180061300,노들길-일반국도6호선램프(8),108,IC 및 JC,0,무,126.8986627,37.5379358,191043.7392,448719.3416
1180061400,노들길-일반국도6호선램프(3),108,IC 및 JC,0,무,126.9002426,37.5385379,191183.4395,448786.0167
1180061500,양화대교남단,101,도로교차점,0,무,126.9014658,37.5386479,191291.5617,448798.113
1180061600,삼원빌딩앞,101,도로교차점,1,유,126.8926322,37.5385147,190510.8277,448784.1889
1180061700,노들길-일반국도6호선램프(4),108,IC 및 JC,0,무,126.9004311,37.5391005,191200.1658,448848.448
1180061800,양평빌라앞,101,도로교차점,0,무,126.8929608,37.5389729,190539.9275,448835.0088
1180061900,노들길-일반국도6호선램프(5),108,IC 및 JC,0,무,126.9003162,37.5391582,191190.0224,448854.8597
1180062000,양화대교남단교차로,108,IC 및 JC,0,무,126.8992064,37.5388147,191091.8935,448816.8407
1180062100,노들길-선유로램프(7),108,IC 및 JC,0,무,126.8979727,37.5389841,190982.885,448835.7585
1180062200,양평교,104,도로시설물,0,무,126.8911979,37.5392256,190384.1581,448863.2333
1180062300,당산초교,101,도로교차점,0,무,126.8951045,37.5393513,190729.4401,448876.7932
1180062400,양평교동측,108,IC 및 JC,0,무,126.8897892,37.5393461,190259.6787,448876.753
1180062500,당산초교,108,IC 및 JC,0,무,126.8977155,37.5399279,190960.263,448940.5337
1180062600,서부간선도로-양평로램프(2),108,IC 및 JC,0,무,126.8900728,37.5397847,190284.7981,448925.4083
1180062700,양평교,108,IC 및 JC,0,무,126.8880629,37.5399871,190107.1925,448948.081
1180062800,해태제과(주),101,도로교차점,0,무,126.8937606,37.5400014,190610.7478,448949.0775
1180062900,양화대교남단교차로,108,IC 및 JC,0,무,126.8976603,37.5397467,190955.3682,448920.4253
1180063000,동진기업사앞,101,도로교차점,0,무,126.8904295,37.540234,190316.3762,448975.2382
1180063100,SM덕진산업,101,도로교차점,0,무,126.8940385,37.5403568,190635.3541,448988.5005
1180063200,당산초교,108,IC 및 JC,0,무,126.8965042,37.5406239,190853.2938,449017.8963
1180063300,청송문화인쇄,101,도로교차점,1,유,126.8947468,37.5412443,190698.0604,449086.9257
1180063400,한신아파트(양평동5가),101,도로교차점,0,무,126.8912298,37.5412638,190387.2448,449089.4502
1180063500,백산인쇄(주),101,도로교차점,0,무,126.8915084,37.5416199,190411.9058,449128.9384
1180063600,강변북로-신촌로램프(1),108,IC 및 JC,0,무,126.9281726,37.541716,193652.1626,449136.5046
1180063700,강변북로-신촌로램프(7),108,IC 및 JC,0,무,126.9280473,37.5417588,193641.0991,449141.2554
1180063800,당산초교,101,도로교차점,0,무,126.8947266,37.5417633,190696.3406,449144.5278
1180063900,양평교,108,IC 및 JC,0,무,126.8887087,37.5410948,190164.4077,449070.9543
1180064000,롯데자동차종합정비,101,도로교차점,0,무,126.892255,37.5425743,190478.0148,449234.795
1180064100,롯데자동차종합정비_일반국도6호,101,도로교차점,0,무,126.8929381,37.5427183,190538.4005,449250.7032
1180064200,성산대교남단교차로,108,IC 및 JC,0,무,126.8872238,37.5438334,190033.5459,449375.057
1220047200,삼성월드타워아파트,101,도로교차점,1,유,127.0437571,37.5176698,203868.3262,446466.1409
1220047300,영동호텔,101,도로교차점,1,유,127.0234461,37.5177591,202072.7375,446475.4159
1220047400,강남구노인복지회관,101,도로교차점,1,유,127.0410157,37.517933,203625.9674,446495.2452
1220047500,희성빌딩,101,도로교차점,1,유,127.0288844,37.5179566,202553.5038,446497.4674
1220047600,올림픽대로동부간선분기점,108,IC 및 JC,0,무,127.0653697,37.5180281,205778.9558,446507.0233
1220047700,푸른솔아파트,101,도로교차점,1,유,127.046439,37.5181551,204105.3933,446520.116
1220047800,동부간선도로-올림픽대로램프(3),108,IC 및 JC,0,무,127.0658185,37.517892,205818.6434,446491.942
1220047900,올림픽대로동부간선JC,105,행정경계,0,무,127.0675929,37.5183513,205975.4729,446543.025
1220048000,올림픽대로동부간선분기점,108,IC 및 JC,0,무,127.0671933,37.5182056,205940.1574,446526.8349
1220048100,강남세무서,101,도로교차점,1,유,127.0479895,37.5184453,204242.4478,446552.3953
1220048200,청담공원앞,101,도로교차점,1,유,127.0502476,37.5188453,204442.0466,446596.9024
1220048300,구산빌딩,101,도로교차점,1,유,127.0284592,37.5189188,202515.8793,446604.2537
1220048400,앙드레김,101,도로교차점,1,유,127.0262538,37.5189409,202320.9172,446606.6495
1220048500,청담역,101,도로교차점,1,유,127.0526272,37.5192591,204652.3908,446642.94
1220048600,한교빌딩,101,도로교차점,0,무,127.0231122,37.5195209,202043.1702,446670.9434
1220048800,트리스빌딩,101,도로교차점,1,유,127.0347087,37.5196502,203068.3304,446685.6132
1220048900,강남을지병원,101,도로교차점,1,유,127.0281037,37.5197081,202484.43,446691.8455
1220049200,청담천주교회,101,도로교차점,1,유,127.0496436,37.5199618,204388.5854,446720.7807
1220049500,경기고교앞,101,도로교차점,1,유,127.0570637,37.5200855,205044.5305,446734.8895
1220049600,세종빌딩,101,도로교차점,1,유,127.0344576,37.520201,203046.1054,446746.7321
1220049700,논현동한진로즈힐아파트,101,도로교차점,1,유,127.0369044,37.5203039,203262.4027,446758.2415
1220049800,강석빌딩,101,도로교차점,0,무,127.0274942,37.5204211,202430.521,446770.9561
1220049900,선호빌딩,101,도로교차점,1,유,127.0281452,37.5207106,202488.068,446803.103
1220050000,신천지빌딩,101,도로교차점,1,유,127.0317317,37.5208563,202805.1056,446819.3749
1220050100,올림픽대로동부간선분기점,108,IC 및 JC,0,무,127.0626641,37.5215972,205539.505,446902.9841
1220050300,강남수산물직판장,101,도로교차점,0,무,127.0375648,37.521187,203320.7434,446856.2698
1220050700,도산공원,101,도로교차점,1,유,127.0338642,37.5215458,202993.5999,446895.9682
1220050900,영동고교,101,도로교차점,0,무,127.0396227,37.5216786,203502.6448,446910.9064
1220051100,CNJ빌딩,101,도로교차점,1,유,127.0313369,37.5217098,202770.1806,446914.096
1220051400,한남IC동측,101,도로교차점,0,무,127.0184648,37.522074,201632.2731,446954.2185
1220051500,영부빌딩앞,101,도로교차점,1,유,127.0359657,37.522196,203179.3378,446968.1996
1220051600,한남IC동측,101,도로교차점,0,무,127.0183536,37.5221454,201622.4475,446962.1431
1220051700,청록빌라,101,도로교차점,1,유,127.0313672,37.5224107,202772.8264,446991.8836
1220051800,영동소방,101,도로교차점,1,유,127.0373846,37.5226568,203304.7505,447019.3965
1220051900,한남IC동측,101,도로교차점,0,무,127.0196415,37.5226786,201736.2791,447021.3424
1220052000,금구빌딩,101,도로교차점,0,무,127.0415328,37.5226839,203671.4493,447022.5608
1220052100,웅가프라자,101,도로교차점,1,유,127.0332768,37.5230299,202941.6092,447060.6716
1220052200,학동사거리,101,도로교차점,1,유,127.0391509,37.5231967,203460.8638,447079.3777
1220052300,하이츠파크,101,도로교차점,1,유,127.0341209,37.5232943,203016.2218,447090.0404
1220052400,동궁타운앞,101,도로교차점,1,유,127.0413839,37.5234724,203658.2434,447110.0694
1220052500,현대 오피스텔,101,도로교차점,1,유,127.0550376,37.5237663,204865.1801,447143.3052
1220052600,CJ미디어,101,도로교차점,1,유,127.0446347,37.5238908,203945.5814,447156.6362
1220052700,키네마극장,101,도로교차점,1,유,127.0393697,37.5240507,203480.1696,447174.1781
1220052800,현대고,101,도로교차점,0,무,127.022417,37.5241377,201981.5954,447183.3422
1220052900,영동대교남단삼거리_일반국도47,101,도로교차점,0,무,127.054765,37.5241574,204841.0602,447186.697
1220053000,청담사거리,101,도로교차점,1,유,127.0473766,37.5242378,204187.9403,447195.2654
1220053200,송담빌딩,101,도로교차점,1,유,127.0482447,37.5243566,204264.6696,447208.4946
1220053300,영동대교남단,108,IC 및 JC,0,무,127.0584938,37.5239501,205170.6888,447163.889
1220053400,신한양빌딩,101,도로교차점,1,유,127.0395856,37.5246514,203499.2196,447240.8532
1220053500,청담빌딩,101,도로교차점,1,유,127.0504418,37.5246227,204458.8741,447238.128
1220053600,한남IC4,108,IC 및 JC,0,무,127.0169114,37.5237669,201494.923,447142.0777
1220053700,영동대교남단,108,IC 및 JC,0,무,127.0580233,37.5244839,205129.0632,447223.1106
1220053800,KT신사지사앞,101,도로교차점,1,유,127.0283906,37.5245557,202509.6316,447229.8768
1220053900,한남IC7,108,IC 및 JC,0,무,127.0169213,37.5242444,201495.7915,447195.0822
1220054000,올림픽대로-일반국도47호선램프(,108,IC 및 JC,0,무,127.0556959,37.5255584,204923.2547,447342.2331
1220054100,영동대교남단삼거리_도산대로_진,101,도로교차점,0,무,127.0530432,37.5248541,204688.8098,447263.9325
1220054200,벽당빌딩,101,도로교차점,1,유,127.0238905,37.5248881,202111.8298,447266.654
1220054300,진빌딩,101,도로교차점,1,유,127.0469634,37.524992,204151.3748,447278.9533
1220054400,한남IC6,108,IC 및 JC,0,무,127.0200272,37.5267778,201770.2839,447476.3036
1220054500,영동대교남단교차로,101,도로교차점,1,유,127.0545162,37.525067,204819.0058,447287.6383
1220054600,영동대교남단삼거리_도산대로_진,101,도로교차점,0,무,127.053025,37.5249612,204687.1977,447275.8237
1220054700,횃불교회,101,도로교차점,0,무,127.0478494,37.5250965,204229.6916,447290.595
1220054800,강남구-광진구경계(1),105,행정경계,0,무,127.0637824,37.5251584,205638.0923,447298.2938
1220054900,한남IC_미성길_진입,101,도로교차점,0,무,127.018898,37.5251835,201670.503,447299.3411
1220055000,한남IC5,108,IC 및 JC,0,무,127.0215578,37.5280872,201905.5468,447621.6666
1220055200,압구정고가차도(남측),104,도로시설물,0,무,127.0284074,37.5250039,202511.0947,447279.6119
1220055300,영동대교남단삼거리_일반국도47,101,도로교차점,0,무,127.0545672,37.5256369,204823.4755,447350.8878
1220055400,한양타운앞,101,도로교차점,1,유,127.0399693,37.525767,203533.0864,447364.6785
1220055500,현대고등학교,101,도로교차점,0,무,127.0208442,37.5260919,201842.5143,447400.2005
1220055600,카로시티2빌딩,101,도로교차점,0,무,127.0263083,37.5261159,202325.5121,447402.9786
1220055700,미성1차아파트,101,도로교차점,0,무,127.0205839,37.5264424,201819.4955,447439.0943
1220055800,올림픽대로-일반국도47호선램프(,108,IC 및 JC,0,무,127.0560969,37.5261042,204958.6655,447402.8365
1220055900,영동대교남단삼거리_압구정로동5,101,도로교차점,0,무,127.0545551,37.5264477,204822.3594,447440.8786
1220056100,갤러리아주유소,101,도로교차점,1,유,127.0437559,37.5270339,203867.7409,447505.4371
1220056200,영동대교남단,108,IC 및 JC,0,무,127.0541666,37.527287,204787.9635,447534.0121
1220056300,갤러리아백화점(명품관 EAST),101,도로교차점,1,유,127.0423229,37.5274015,203741.0493,447546.183
1220056400,신사공원,101,도로교차점,0,무,127.0217784,37.5274041,201925.0644,447545.8539
1220056500,태승빌딩,101,도로교차점,1,유,127.0335482,37.5275819,202965.4217,447565.8945
1220056700,영동대교남단,108,IC 및 JC,0,무,127.0559936,37.527907,204949.4183,447602.9197
1220056900,영동대교남단,108,IC 및 JC,0,무,127.0558525,37.5279207,204936.9409,447604.4306
1220057100,신사동640빌딩,101,도로교차점,1,유,127.0352499,37.5277316,203115.8376,447582.5633
1220057200,청담초교정문,101,도로교차점,0,무,127.0440437,37.5277298,203893.1409,447582.6956
1220057300,한양아파트앞,101,도로교차점,1,유,127.0407038,37.5278138,203597.9182,447591.8766
1220057700,(주)LG상사,101,도로교차점,1,유,127.0336022,37.5278966,202970.1842,447600.8196
1220057800,우리은행압구정역지점,101,도로교차점,0,무,127.0301751,37.528103,202667.2486,447623.6327
1220057900,갤러리아백화점(명품관 WEST),101,도로교차점,0,무,127.0391535,37.5282052,203460.8638,447635.2684
1220058000,한양아파트36동,101,도로교차점,1,유,127.0383933,37.5284201,203393.6595,447659.0809
1220058100,강남구-광진구경계(2),105,행정경계,0,무,127.0563192,37.528617,204978.153,447681.7359
1220058200,코끼리상가,101,도로교차점,1,유,127.0312574,37.5286093,202762.8957,447679.8568
1220058300,압구정고가차도(북측),104,도로시설물,0,무,127.0268876,37.5287244,202376.6389,447692.5105
1220058400,동호대교남단,108,IC 및 JC,0,무,127.0236398,37.5308711,202089.5033,447930.6911
1220058500,영동대교남단,108,IC 및 JC,0,무,127.051645,37.528632,204564.9891,447683.1651
1220058600,극동Gallery,101,도로교차점,0,무,127.0369328,37.5287924,203264.5426,447700.356
1220058700,구정중교,101,도로교차점,1,유,127.0325687,37.5290309,202878.7834,447726.6881
1220058800,YOHAN빌딩,101,도로교차점,0,무,127.0357726,37.5289921,203161.987,447722.4785
1220058900,치안센터,101,도로교차점,0,무,127.0352267,37.5291171,203113.7298,447736.3394
1220059000,성수대교남단교차로,101,도로교차점,1,유,127.0338093,37.5291767,202988.4405,447742.9011
1220059100,신현대아파트117동,101,도로교차점,0,무,127.0231979,37.5293563,202050.4772,447762.5481
1220059200,한양아파트71동,101,도로교차점,0,무,127.0447452,37.5295974,203955.0535,447789.997
1220059300,올림픽대로-논현로램프(5),108,IC 및 JC,0,무,127.022078,37.5291616,201951.5013,447740.9218
1220059400,현대77동앞,101,도로교차점,0,무,127.0277154,37.5302623,202449.7607,447863.2134
1220059500,압구정한양아파트,101,도로교차점,0,무,127.0416393,37.5305549,203680.4684,447896.1481
1220059600,압구정제1동사무소,101,도로교차점,0,무,127.0303423,37.5307301,202681.933,447915.2041
1220059700,올림픽대로-언주로램프(10),108,IC 및 JC,0,무,127.0338849,37.530216,202995.081,447858.2529
1210011800,성촌입구,101,도로교차점,0,무,127.0222535,37.462151,201968.7695,440303.6236
1210011900,선암로IC5,108,IC 및 JC,0,무,127.0189962,37.4626753,201680.5822,440361.7443
1210012000,양재IC17,108,IC 및 JC,0,무,127.0402759,37.463003,203563.1688,440398.7109
1210012100,선암로IC4,108,IC 및 JC,0,무,127.0191236,37.4627126,201691.8492,440365.8873
1210012200,양재IC10,108,IC 및 JC,0,무,127.0403347,37.4631797,203568.3643,440418.328
1210012400,양재IC16,108,IC 및 JC,0,무,127.0393586,37.463073,203482.0169,440406.4503
1210012500,양재IC15,108,IC 및 JC,0,무,127.0392707,37.4631555,203474.2338,440415.5951
1210012600,보건환경연구원입구,101,도로교차점,1,유,127.0354699,37.4632336,203137.9779,440424.1371
1210012700,청계산입구,101,도로교차점,1,유,127.0457788,37.4632748,204049.9944,440429.0951
1210012800,서초구-강남구경계(2),101,도로교차점,1,유,127.0902829,37.4634524,207987.1987,440451.6557
1210013000,우면산터널(남측),104,도로시설물,0,무,127.0187602,37.4633523,201659.686,440436.8815
1210013100,양재IC11,108,IC 및 JC,0,무,127.0405976,37.4638596,203591.5867,440493.7885
1210013200,양재IC12,108,IC 및 JC,0,무,127.0405089,37.4639415,203583.7395,440502.8822
1210013300,양재IC14,108,IC 및 JC,0,무,127.0394131,37.4639109,203486.7944,440499.4421
1210013400,양재IC13,108,IC 및 JC,0,무,127.0395399,37.4640162,203498.0087,440511.1368
1210013500,염곡지하차도(남측),104,도로시설물,0,무,127.0443128,37.4644793,203920.2344,440562.7238
1210013700,양재IC동측,108,IC 및 JC,0,무,127.0419919,37.4648959,203714.8856,440608.8644
1210013800,양재IC북측,108,IC 및 JC,0,무,127.0379038,37.4657401,203353.1905,440702.4086
1210014100,헌릉IC,108,IC 및 JC,0,무,127.0898722,37.4649653,207950.6981,440619.5291
1210014600,구룡터널(남측),104,도로시설물,0,무,127.0692293,37.4654942,206124.4461,440676.6931
1210014900,성촌마을,101,도로교차점,0,무,127.0267775,37.4660174,202368.8864,440732.8448
1210015000,염곡지하차도(북측),104,도로시설물,0,무,127.041833,37.4667609,203700.7373,440815.8477
1210015100,용정주유소,101,도로교차점,0,무,127.0285607,37.4684171,202526.5577,440999.2234
1210015200,서초구-강남구경계(3),105,행정경계,0,무,127.0653449,37.4693914,205780.5135,441108.9777
1210015300,선일빌딩,101,도로교차점,0,무,127.0252474,37.4701963,202233.3988,441196.6029
1210015400,한국교육개발원,102,도로시.종점,0,무,127.0229966,37.4704176,202034.2884,441221.121
1210015500,양일초등학교,101,도로교차점,0,무,127.0423431,37.470327,203745.6874,441211.6578
1210015600,우면종합상가,101,도로교차점,0,무,127.0255406,37.4705204,202259.328,441232.5863
1210015700,명승빌딩,101,도로교차점,0,무,127.0246276,37.471266,202178.5448,441315.3129
1210015800,KT연구개발본부,101,도로교차점,0,무,127.0311147,37.4714464,202752.38,441335.5095
1210016000,금호빌딩,101,도로교차점,0,무,127.0454666,37.4718945,204021.9129,441385.7539
1210016100,우암초등학교,103,속성변화점,0,무,127.0239485,37.4725952,202118.426,441462.8184
1210016200,신진빌딩,101,도로교차점,0,무,127.0475924,37.4729736,204209.8997,441505.6104
1210016300,남부순환로-바우뫼길_진입,101,도로교차점,0,무,127.029915,37.4733895,202646.1862,441551.1314
1210016400,국악고교앞,101,도로교차점,1,유,127.0487342,37.4737345,204310.8561,441590.113
1210016500,양재초교교차로,101,도로교차점,0,무,127.0306924,37.4737995,202714.9414,441596.6537
1210016600,대흥빌딩,101,도로교차점,0,무,127.0434578,37.473831,203844.1125,441600.596
1210016700,방배 리더스빌,101,도로교차점,1,유,126.9926723,37.4739935,199351.819,441617.7711
1210016800,부륭빌딩,101,도로교차점,0,무,127.0371613,37.4748628,203287.1067,441714.8731
1210016900,경남아파트앞,101,도로교차점,1,유,127.0018656,37.4751684,200165.0209,441748.147
1210017000,에이스빌딩,101,도로교차점,0,무,127.0414369,37.475429,203665.2743,441777.8683
1210017100,두상빌딩,101,도로교차점,0,무,127.0465366,37.4758461,204116.3429,441824.38
1210017500,정원타워,101,도로교차점,0,무,127.0397058,37.4758453,203512.1353,441824.014
1210017900,사당변전소,101,도로교차점,1,유,126.9828452,37.4764174,198482.6032,441886.9055
1210018100,성지빌딩,101,도로교차점,0,무,126.9831756,37.4770993,198511.8397,441962.5765
1210018200,태석빌딩,101,도로교차점,0,무,127.0428556,37.477056,203790.687,441958.4997
1210018300,만남의 광장,101,도로교차점,1,유,126.9827508,37.4771421,198474.2688,441967.339
1210018400,엔지니어링기술진흥회관,101,도로교차점,1,유,126.986827,37.4773734,198834.8221,441992.951
1210018500,국민은행사당동지점,101,도로교차점,1,유,126.9816799,37.4772611,198379.5478,441980.5682
1210018600,래미안아트힐,101,도로교차점,1,유,127.0069942,37.4776076,200618.6465,442018.8802
1210018900,교육개발원입구,101,도로교차점,1,유,127.0386706,37.4781569,203420.457,442080.528
1210019000,포이사거리,101,도로교차점,1,유,127.0445917,37.4783011,203944.1782,442096.7691
1210019100,대진빌딩,101,도로교차점,1,유,126.9893552,37.478661,199058.4616,442135.8263
1210019200,도구머리삼거리,101,도로교차점,0,무,126.9896805,37.4788249,199087.2351,442154.0164
1210019400,예술의전당,101,도로교차점,1,유,127.0131018,37.4806831,201158.8289,442360.286
1210019600,월드메르디앙오페라하우스,101,도로교차점,1,유,127.0143104,37.4810549,201265.7208,442401.5611
1210019900,영동2교,101,도로교차점,0,무,127.0432209,37.481506,203822.7727,442452.4142
1210020000,삼산빌딩,101,도로교차점,0,무,126.9818948,37.4813879,198398.6386,442438.575
1210020100,방배경찰서,101,도로교차점,1,유,126.9824571,37.4813832,198448.3804,442438.0458
1210020200,방배역,101,도로교차점,1,유,126.9976635,37.4814953,199793.3433,442450.3503
1210020300,서초IC남측,108,IC 및 JC,0,무,127.0269068,37.4811487,202379.8418,442412.2169
1210020400,이수중교입구,101,도로교차점,0,무,126.992645,37.4817248,199349.4704,442475.8366
1210020500,중앙악기,101,도로교차점,1,유,127.0125695,37.4818465,201111.733,442489.4029
1210020600,영동2교교차로,101,도로교차점,1,유,127.0429599,37.4819563,203799.6636,442502.3761
1210020700,아트빌딩,101,도로교차점,1,유,127.0147473,37.481894,201304.35,442494.6946
1210020800,우면삼거리,101,도로교차점,1,유,127.0181236,37.4821985,201602.966,442528.5481
1210021000,예술의전당,104,도로시설물,0,무,127.0120131,37.4830046,201062.5072,442617.9211
1210021100,서초구민회관,101,도로교차점,1,유,127.0362556,37.4824058,203206.6732,442552.0165
1210021200,방배타운,101,도로교차점,0,무,126.9874697,37.4824514,198891.7403,442556.5347
1210021300,서울고교,101,도로교차점,1,유,127.0044758,37.4827617,200395.8669,442590.9105
1210021400,삼정스포타임,103,속성변화점,0,무,127.034445,37.4828439,203046.5091,442600.5767
1210021500,공무원연수원,101,도로교차점,1,유,127.0227137,37.4830014,202008.9214,442617.7467
1210021600,현대슈퍼빌,101,도로교차점,1,유,127.0175778,37.4829972,201554.6794,442617.1837
1210021700,남부순환로서초IC서측,108,IC 및 JC,0,무,127.0238381,37.4831017,202108.3706,442628.9048
1210021800,서초IC9,108,IC 및 JC,0,무,127.0261584,37.4832146,202313.5822,442641.4867
1210021900,서초IC16,108,IC 및 JC,0,무,127.0260677,37.4829452,202305.5696,442611.5838
1210022000,남부순환로서초IC서측,108,IC 및 JC,0,무,127.0238539,37.4832137,202109.7601,442641.3296
1210022100,양재플라자,101,도로교차점,1,유,127.035251,37.4833597,203117.7731,442657.85
1210022200,방림종합시장입구,101,도로교차점,0,무,126.9964823,37.4832964,199688.8768,442650.2434
1210022300,서초IC15,108,IC 및 JC,0,무,127.0254124,37.483319,202247.6007,442653.0551
1210022400,서초IC10,108,IC 및 JC,0,무,127.0268364,37.4835155,202373.5395,442674.8999
1210022500,서초IC14,108,IC 및 JC,0,무,127.0251943,37.4833987,202228.3072,442661.8923
1210022600,서초IC11,108,IC 및 JC,0,무,127.027034,37.4836526,202391.0132,442690.1146
1210022700,서초IC2,108,IC 및 JC,0,무,127.0283004,37.4837175,202503.0222,442697.3594
1210022800,서초IC13,108,IC 및 JC,0,무,127.0256898,37.4839779,202272.1188,442726.1932
1210022900,서초IC12,108,IC 및 JC,0,무,127.0258484,37.4840591,202286.1446,442735.2037
1210023100,남부순환로서초IC동측,108,IC 및 JC,0,무,127.0286616,37.4838771,202534.9602,442715.083
1210023300,서초세무서,101,도로교차점,0,무,127.0191213,37.4838815,201691.1716,442715.3575
1210023400,서초구청,101,도로교차점,1,유,127.0298719,37.4839892,202642,442727.5578
1210023500,호석빌딩,101,도로교차점,0,무,126.9911864,37.4839834,199220.4857,442726.5298
1210023600,서초3동사거리,101,도로교차점,1,유,127.0114812,37.4840974,201015.4429,442739.2098
1210023700,양재지하차도(서측),104,도로시설물,0,무,127.0322772,37.4843116,202854.7254,442763.4089
1210023900,골든시네마타워,101,도로교차점,0,무,126.9820675,37.4844161,198413.9856,442774.6697
1210024100,양재역,101,도로교차점,1,유,127.0340609,37.4845806,203012.4687,442793.3169
1210024300,BC카드사,101,도로교차점,1,유,127.0146282,37.4847166,201293.7666,442807.9619
1210024700,양재지하차도(동측),104,도로시설물,0,무,127.0360474,37.484847,203188.1524,442822.9503
1210024800,탑스벤쳐타운입구,101,도로교차점,1,유,127.0110955,37.4848719,200981.3196,442825.1598
1210024900,남부터미널역,101,도로교차점,1,유,127.0163144,37.4850357,201442.8927,442843.4029
1210025000,서광빌딩,101,도로교차점,1,유,127.0184276,37.4850975,201629.7882,442850.2953
1210025100,양재빌딩,101,도로교차점,1,유,127.0382204,37.4851489,203380.3285,442856.5304
1210025200,국제전자센타,101,도로교차점,1,유,127.0182481,37.4854551,201613.9131,442889.9829
1210025300,이수역,101,도로교차점,1,유,126.982125,37.4854229,198419.0877,442886.4046
1210025600,서초IC북측남부순환진출,108,IC 및 JC,0,무,127.0252,37.4853046,202228.7606,442873.4256
1210025700,센츄리오피스텔,101,도로교차점,0,무,127.0123161,37.4854511,201089.2698,442889.4537
1210025800,대남빌딩,101,도로교차점,0,무,127.0210782,37.4855118,201864.2095,442896.3329
1210025900,국제빌딩,101,도로교차점,0,무,127.0215868,37.4854879,201909.1887,442893.6871
1210026200,양재전화국,101,도로교차점,1,유,127.0413533,37.4855842,203657.3836,442904.9669
1210026300,구산타워,101,도로교차점,1,유,126.9834188,37.4855721,198533.5202,442902.9411
1210026400,방배초교입구,101,도로교차점,1,유,126.9860002,37.4858585,198761.8296,442934.6911
1210026600,진석빌딩,101,도로교차점,0,무,127.0105691,37.4859423,200934.7528,442943.958
1210026800,기양빌딩,101,도로교차점,0,무,127.0293784,37.4861467,202598.2819,442966.9974
1210026900,풍전빌딩,101,도로교차점,0,무,127.0211562,37.4863462,201871.0886,442988.9373
1210027000,센트로호텔,101,도로교차점,0,무,127.0142635,37.4863949,201261.4874,442994.2289
1210027100,대우 디오슈페리움2,101,도로교차점,1,유,126.9821592,37.4863574,198422.1304,442990.1215
1210027200,방배고개,101,도로교차점,1,유,126.989608,37.4864632,199080.9177,443001.7632
1210027300,방배한진로즈힐아파트,101,도로교차점,0,무,126.9838763,37.4865102,198574.0015,443007.0548
1210027400,상보빌딩,101,도로교차점,0,무,127.0151708,37.4868133,201341.7242,443040.6828
1210027500,교대입구,101,도로교차점,1,유,127.0100824,37.4870197,200891.6971,443063.5234
1210027600,한국타이어대리점,101,도로교차점,1,유,127.0237216,37.4871504,202097.9539,443078.2549
1210027700,무지개아파트,101,도로교차점,1,유,127.0251697,37.4875936,202226.0125,443127.4675
1210027800,내방역,101,도로교차점,1,유,126.993655,37.4877005,199438.845,443139.0621
1210027900,제우교역,101,도로교차점,0,무,127.0127264,37.487821,201125.5231,443152.4898
1210028000,서울교대,101,도로교차점,1,유,127.0146098,37.4883913,201292.0799,443215.8047
1210028100,새순교회앞,101,도로교차점,0,무,126.9883096,37.4884941,198966.1148,443227.1886
1210028200,무지개아파트,101,도로교차점,1,유,127.0282575,37.4885417,202499.063,443232.7719
1210028300,서문여중고등학교,101,도로교차점,0,무,126.9859342,37.4884224,198756.0352,443219.2511
1210028400,부영빌딩,101,도로교차점,1,유,127.0318923,37.4890319,202820.5048,443287.2906
1210028500,태성빌딩,101,도로교차점,0,무,126.9863829,37.4890756,198795.7228,443291.7471
1210028600,서초고교,101,도로교차점,0,무,127.0046415,37.4893294,200410.4852,443319.8391
1210028700,삼원빌딩,101,도로교차점,1,유,126.9825474,37.489509,198456.5263,443339.9013
1210028800,유창빌딩,101,도로교차점,0,무,126.9876393,37.4895096,198906.848,443339.9013
1210028900,뱅뱅사거리,101,도로교차점,1,유,127.0316412,37.4895791,202798.2798,443348.0126
1210029000,대학전문교회,101,도로교차점,0,무,127.018852,37.4896851,201667.2268,443359.4737
1210029100,단지빌딩앞,101,도로교차점,0,무,126.9921678,37.4900748,199307.3469,443402.5877
1210029200,푸르덴셜타워,101,도로교차점,1,유,127.0313812,37.490087,202775.261,443404.369
1210029300,경북물산빌딩,101,도로교차점,0,무,127.022345,37.4907469,201976.113,443477.3797
1210029400,서리풀터널,101,도로교차점,1,유,127.0043564,37.4908617,200385.2615,443489.9003
1210029500,경문고교,101,도로교차점,0,무,126.9826428,37.4909107,198464.993,443495.4766
1210029800,대법원,101,도로교차점,0,무,127.0056476,37.4912425,200499.4515,443532.1676
1210029900,꽃마을한방병원 에이동,101,도로교차점,0,무,127.0141167,37.4912937,201248.4236,443537.9355
1210030400,서초역,101,도로교차점,1,유,127.0077083,37.4918652,200681.6836,443601.2901
1210030500,서이초교,101,도로교차점,1,유,127.0265864,37.4920333,202351.1606,443620.255
1210031000,법원정문,101,도로교차점,1,유,127.011093,37.4928989,200980.9941,443716.0534
1210031500,법원검찰청,101,도로교차점,1,유,127.0136983,37.4937135,201211.3818,443806.4882
1210031800,국민은행,101,도로교차점,1,유,127.0142332,37.4938773,201258.6762,443824.6783
1210031900,대검찰청,101,도로교차점,1,유,127.0066304,37.4940084,200586.3452,443839.151
1210032200,경원빌딩앞,101,도로교차점,1,유,127.0135564,37.4943391,201198.8195,443875.9238
1210032300,도일빌딩,101,도로교차점,0,무,127.0141452,37.4945323,201250.8895,443897.3694
1210032400,정곡빌딩서관,101,도로교차점,1,유,127.0102244,37.49472,200904.1634,443918.1558
1210032500,청남빌딩앞,101,도로교차점,1,유,127.0291858,37.4946764,202580.9517,443913.6785
1210032600,서초빌딩,101,도로교차점,0,무,127.0250234,37.4953067,202212.8413,443983.5213
1210032700,풍림아이원매직,101,도로교차점,0,무,127.0258894,37.4955697,202289.4183,444012.7334
1210032800,법원후문,101,도로교차점,1,유,127.0132697,37.4956029,201173.4436,444016.1841
1210032900,코업레지던스/서초동,101,도로교차점,1,유,127.020452,37.49577,201808.5785,444034.8402
1210033000,서초트라팰리스 II,101,도로교차점,0,무,127.0267249,37.4958234,202363.2968,444040.9161
1210033100,키친아트,101,도로교차점,1,유,127.0209941,37.495937,201856.5158,444053.3925
1210033200,준빌딩,101,도로교차점,1,유,127.0283966,37.4963311,202511.1016,444097.2997
1210033300,서초삼익아파트,101,도로교차점,0,무,127.020758,37.4967066,201835.6198,444138.8022
1210033400,진흥아파트,101,도로교차점,1,유,127.0242415,37.4969376,202143.6495,444164.5166
1210033500,삼성생명 서초타워,101,도로교차점,1,유,127.0251287,37.497211,202222.095,444194.876
1210033700,윤빌딩,101,도로교차점,1,유,127.0259433,37.497462,202294.127,444222.7532
1210034100,강남역,101,도로교차점,1,유,127.0276432,37.4979857,202444.4264,444280.9209
1210034400,이수고가차도(동측),104,도로시설물,0,무,126.9902868,37.4982003,199141.0863,444304.4264
1210034500,이수교차로_동작대로_진출_2,101,도로교차점,0,무,126.984323,37.4983438,198613.7257,444320.4247
1210034700,서초초교,101,도로교차점,1,유,127.0234999,37.4984662,202078.0307,444334.1551
1210034800,이수교차로_방배중앙로_진입,101,도로교차점,0,무,126.9849528,37.4985314,198669.4213,444341.2307
1210035000,이수교차로_동작대로_진입_1,101,도로교차점,0,무,126.9847591,37.4989844,198652.3006,444391.5188
1210035100,이수교차로_사평로_진입,101,도로교차점,0,무,126.9857521,37.498963,198740.1027,444389.1225
1210035200,서초초교앞,101,도로교차점,0,무,127.0252011,37.4989737,202228.4466,444390.5115
1210035300,이수교차로_동작대로_진입_2,101,도로교차점,0,무,126.9846499,37.4990608,198642.6449,444399.9923
1210035400,대동빌딩앞삼성고객프라자,101,도로교차점,1,유,127.0269101,37.4995035,202379.5524,444449.3619
1210035500,이수교차로_사평로_진출,101,도로교차점,0,무,126.985511,37.499344,198718.7896,444431.4132
1210035600,서초구-동작구경계(1),105,행정경계,0,무,126.9848275,37.4998394,198658.3653,444486.4072
1210035700,이수교차로,101,도로교차점,1,유,126.9849754,37.4998803,198671.4389,444490.947
1210035800,서래마을입구,101,도로교차점,1,유,126.9979716,37.4999397,199820.6395,444497.4357
1210035900,서초구-동작구경계(2),105,행정경계,0,무,126.9848261,37.4999922,198658.2427,444503.3712
1210036000,서초구-동작구경계(3),105,행정경계,0,무,126.9848237,37.5000921,198658.0308,444514.4585
1210036200,이수교차로_신반포로_진입,101,도로교차점,0,무,126.9854402,37.5001861,198712.5504,444524.8739
1210036300,삼호가든맨션,103,속성변화점,0,무,127.0184327,37.5005868,201629.9059,444569.4124
1210036400,사평지하차도(서측),104,도로시설물,0,무,126.999808,37.5006711,199983.0252,444578.6014
1210036500,구반포역,101,도로교차점,1,유,126.9866956,37.501287,198823.5747,444647.0514
1210036600,반포IC8,108,IC 및 JC,0,무,127.0192752,37.501032,201704.3925,444618.8373
1210036700,반포IC1,108,IC 및 JC,0,무,127.0195032,37.5009298,201724.5605,444607.4946
1210037000,서원초교,101,도로교차점,0,무,127.0154557,37.5018626,201366.6449,444710.9648
1210037300,서울성모병원,101,도로교차점,1,유,127.003445,37.5021439,200304.6164,444742.0699
1210037400,삼호아파트앞,101,도로교차점,0,무,127.0217414,37.5021991,201922.4395,444748.4141
1210037600,서초구-동작구경계(4),105,행정경계,0,무,126.9811003,37.5023417,198328.839,444764.1882
1210037900,서초구립반포도서관,101,도로교차점,1,유,127.0115659,37.5025961,201022.6859,444792.3243
1210038100,삼호아파트(서초구),101,도로교차점,0,무,127.0234249,37.5027108,202071.2838,444805.2467
1210038200,반포IC,108,IC 및 JC,0,무,127.0173467,37.5031953,201533.8263,444858.8976
1210038300,반포IC,108,IC 및 JC,0,무,127.0194706,37.503025,201721.6242,444840.036
1210038400,반포IC,108,IC 및 JC,0,무,127.017396,37.5032961,201538.1811,444870.0856
1210038500,반포IC,108,IC 및 JC,0,무,127.0187421,37.5030945,201657.2141,444847.7377
1210038600,반포IC,101,도로교차점,1,유,127.0170123,37.5033649,201504.2533,444877.7197
1210038700,사평지하차도(동측),104,도로시설물,0,무,127.0064779,37.5033206,200572.7827,444872.6864
1210038800,반포IC북측경부고속진입,108,IC 및 JC,0,무,127.0183001,37.5034522,201618.1191,444887.4307
1210038900,반포대교고가차도(남측),104,도로시설물,0,무,127.0024932,37.5032606,200220.4562,444866.0056
1210039000,반포IC북측사평대로진출,108,IC 및 JC,0,무,127.0184996,37.5034304,201635.7624,444885.0154
1210039100,서초구-동작구경계(5),105,행정경계,0,무,126.9797326,37.5033668,198207.9288,444877.9887
1210039200,서초삼호아파트,101,도로교차점,1,유,127.0210956,37.5034836,201865.3053,444890.9719
1210039300,양정빌딩,101,도로교차점,1,유,127.0228149,37.504009,202017.3087,444949.3126
1210039400,신반포중삼거리,103,속성변화점,0,무,126.9979649,37.5040474,199820.0525,444953.331
1210039500,서초구-동작구경계(6),105,행정경계,0,무,126.9792395,37.5042194,198164.3481,444972.6202
1210039600,서초구-동작구경계(7),105,행정경계,0,무,126.9791771,37.5043272,198158.8343,444984.5929
1210039900,동작대교남단,105,행정경계,0,무,126.9791072,37.5044482,198152.6512,444998.0189
1210040000,원촌중교입구,101,도로교차점,1,유,127.0148599,37.5044142,201313.9181,444994.1424
1210040400,교보타워사거리,101,도로교차점,1,유,127.0244864,37.5045213,202165.0865,445006.2082
1210040500,반포주공아파트(올림픽대로),108,IC 및 JC,0,무,126.9826301,37.5044385,198464.1481,444996.8773
1210040600,승원빌딩,101,도로교차점,1,유,127.0096478,37.5045435,200853.0564,445008.439
1210041200,삼호가든사거리,101,도로교차점,1,유,127.0103774,37.5047567,200917.5715,445032.1102
1210041300,동작대교남단,105,행정경계,0,무,126.9788863,37.5048301,198133.1276,445040.4102
1210041700,반포고가차도,101,도로교차점,1,유,127.0010864,37.5050054,200096.0577,445059.659
1210042300,동작대교남단,108,IC 및 JC,0,무,126.980665,37.5057968,198290.4231,445147.664
1210042500,강남대로-강남대로동37길삼거리,101,도로교차점,1,유,127.0238755,37.5058134,202111.0351,445149.6082
1210042600,동작대교남단,108,IC 및 JC,0,무,126.9803548,37.5057132,198262.9965,445138.3969
1210042700,고속터미널역,101,도로교차점,1,유,127.004405,37.5060429,200389.4841,445174.8146
1210042800,잠원IC4,108,IC 및 JC,0,무,127.0168667,37.507221,201491.2979,445305.6917
1210042900,반포주공아파트(올림픽대로),108,IC 및 JC,0,무,126.9899478,37.5061183,199111.2063,445183.2287
1210043000,반포제1동새마을회관,101,도로교차점,1,유,127.0097118,37.5061633,200858.7016,445188.2146
1210043100,반포주공아파트(올림픽대로),108,IC 및 JC,0,무,126.9909393,37.5067245,199198.8762,445250.4997
1210043400,청하빌딩,101,도로교차점,1,유,127.0232774,37.5070651,202058.1184,445288.5148
1210043600,반포대교고가차도(북측),104,도로시설물,0,무,126.9999732,37.5073607,199997.6325,445321.0678
1210043800,고속터미널,101,도로교차점,1,유,127.00902,37.5074042,200797.5166,445325.9361
1210044100,브라운스톤잠원,101,도로교차점,1,유,127.0086796,37.5079228,200767.4201,445383.4831
1210044200,반원초교,101,도로교차점,0,무,127.003283,37.5083672,200290.2652,445432.7838
1210044300,반포대교남단,108,IC 및 JC,0,무,126.9939814,37.5081015,199467.8633,445403.3067
1210044400,잠실동아이파크,101,도로교차점,0,무,127.0113268,37.5088237,201001.4578,445483.4958
1210044500,신반포아파트,101,도로교차점,0,무,127.0071969,37.5087078,200636.3188,445470.5973
1210044600,한양아파트,101,도로교차점,1,유,127.0080858,37.5089938,200714.9002,445502.3474
1210044700,잠원IC,108,IC 및 JC,0,무,127.0150312,37.5091476,201328.9804,445519.4936
1210044800,잠원IC,108,IC 및 JC,0,무,127.0149308,37.5092329,201320.0986,445528.9596
1210044900,반포대교남단,104,도로시설물,0,무,126.9993579,37.5086749,199943.226,445466.9226
1210045000,올림픽대로-반포로램프(5),108,IC 및 JC,0,무,126.9989359,37.5092488,199905.9158,445530.6265
1210045100,올림픽대로-반포로램프(2),108,IC 및 JC,0,무,126.9991849,37.5093358,199927.9325,445540.276
1210045200,올림픽대로-반포로램프(4),108,IC 및 JC,0,무,126.9981637,37.5094519,199837.6439,445553.1662
1210045300,잠원IC,101,도로교차점,1,유,127.0169749,37.5097938,201500.8137,445591.2495
1210045400,뉴코아정문,101,도로교차점,1,유,127.0076821,37.5097616,200679.2035,445587.5654
1210045500,반포대교남단,108,IC 및 JC,0,무,126.9985814,37.5101402,199874.5805,445629.551
1210045600,올림픽대로-반포로램프(3),108,IC 및 JC,0,무,126.9995294,37.510042,199958.3902,445618.6561
1210045700,서초구-용산구경계(3),105,행정경계,0,무,126.9817404,37.51045,198385.6112,445664.1008
1210045800,세기빌딩,101,도로교차점,1,유,127.0193511,37.5105134,201710.8932,445671.1538
1210045900,뉴코아백화점,101,도로교차점,1,유,127.0071136,37.5108046,200628.9325,445703.3208
1210046000,논현역,101,도로교차점,1,유,127.0213298,37.5111134,201885.8182,445737.7826
1210046100,잠원IC북측,108,IC 및 JC,0,무,127.0152869,37.5117128,201351.5363,445804.2002
1210046300,반포대교남단,108,IC 및 JC,0,무,127.0028236,37.5124657,200249.6362,445887.6548
1210046400,경원중학교,101,도로교차점,0,무,127.0096155,37.5120421,200850.1158,445840.684
1210046500,원빌딩,101,도로교차점,1,유,127.0208154,37.5122006,201840.3098,445858.4328
1210046800,반포3동주민센터,101,도로교차점,1,유,127.0060664,37.5128429,200536.3282,445929.54
1210046900,한신반포8차아파트,101,도로교차점,0,무,127.0132068,37.5130716,201167.6165,445954.9842
1210047000,매일종합상가,101,도로교차점,0,무,127.0125545,37.5134579,201109.9372,445997.8468
1210047100,한신19차아파트,101,도로교차점,1,유,127.0076227,37.5143745,200673.9118,446099.5352
1210047200,강남웨딩문화원,101,도로교차점,1,유,127.0199989,37.5145989,201768.0683,446124.5998
1210047300,한신잠원아파트,101,도로교차점,1,유,127.0105974,37.5147787,200936.8993,446144.4262
1210047400,서초구-용산구경계(2),105,행정경계,0,무,126.9962996,37.5150061,199672.8558,446169.6103
1210047500,하이웨이빌딩,101,도로교차점,0,무,127.0162644,37.515085,201437.8956,446178.4934
1210047700,한국전력공사반포변전소,101,도로교차점,1,유,127.0090533,37.5157896,200800.3741,446256.6098
1210047800,대원빌딩,101,도로교차점,1,유,127.018554,37.5158106,201640.3023,446259.0592
1210047900,신사역,101,도로교차점,1,유,127.019562,37.5161259,201729.4077,446294.0729
1210048000,한남IC(올림픽대로김포방향진출),108,IC 및 JC,0,무,127.0163581,37.5170442,201446.1455,446395.9417
1210048100,신동중학교,101,도로교차점,0,무,127.0120342,37.5162089,201063.8996,446303.1766
1210048300,신동초교,101,도로교차점,1,유,127.0104481,37.5171531,200923.6701,446407.9518
1210048400,잠원빌라트,101,도로교차점,1,유,127.0120221,37.5186349,201062.7972,446572.4325
1210048600,올림픽대로진입램프,108,IC 및 JC,0,무,127.0116484,37.5197329,201029.7436,446694.2843
1210048700,한남IC19,108,IC 및 JC,0,무,127.0164597,37.5176284,201455.1183,446460.7763
1210048800,한남IC남측,101,도로교차점,0,무,127.0190048,37.5177219,201680.1112,446471.194
1210048900,한남IC남측,101,도로교차점,0,무,127.0191321,37.5177628,201691.361,446475.7343
1210049100,한남IC18,108,IC 및 JC,0,무,127.0168726,37.5206261,201491.5553,446793.4923
1210049300,한남IC13,108,IC 및 JC,0,무,127.0116692,37.5194295,201031.5858,446660.613
1210049400,한남IC서측,108,IC 및 JC,1,유,127.0158356,37.5208086,201399.877,446813.733
1210049500,올림픽대로-잠원로램프(1),108,IC 및 JC,0,무,127.0136042,37.5206563,201202.6297,446796.7996
1210049600,한남IC12,108,IC 및 JC,0,무,127.013292,37.5215913,201175.0084,446900.5704
1210049700,한남IC서측,101,도로교차점,1,유,127.0164283,37.5211032,201452.2749,446846.4308
1210049800,한남IC서측,101,도로교차점,0,무,127.0172366,37.5214367,201523.7221,446883.4652
1210050100,한남IC남측,101,도로교차점,0,무,127.0176094,37.5219345,201556.665,446938.7217
1210050200,한남IC,101,도로교차점,0,무,127.0179231,37.5215654,201584.3992,446897.761
1210050300,서초구-강남구경계(4),105,행정경계,0,무,127.0177619,37.521774,201570.1442,446920.9049
1210050400,한남IC14,108,IC 및 JC,0,무,127.0155097,37.5225502,201371.0392,447007.0241
1210050500,한남IC,101,도로교차점,0,무,127.0175845,37.5222684,201554.4516,446975.7754
1210050600,한남IC10,108,IC 및 JC,0,무,127.0144201,37.5223958,201274.7185,446989.8738
1210050800,한남대교남단,108,IC 및 JC,0,무,127.0171954,37.5225456,201520.0542,447006.5407
1210051000,한남대교남단,108,IC 및 JC,0,무,127.0145781,37.5252994,201288.6381,447312.1382
1210051100,한남대교남단,108,IC 및 JC,0,무,127.0146791,37.5253724,201297.5658,447320.2388
1210051200,서초구-용산구경계(1),105,행정경계,0,무,127.0117603,37.5283709,201039.5138,447652.993
1210051300,이수고가차도(남측),101,도로교차점,1,유,126.9832545,37.4972306,198519.2167,444196.89
1210051400,올림픽대로램프(10),108,IC 및 JC,0,무,126.995412,37.5083563,199594.3506,445431.5724
1210051500,올림픽대로-반포로램프(6),108,IC 및 JC,0,무,126.9982337,37.5097201,199843.8346,445582.9279
1210051600,반포대교남단,108,IC 및 JC,0,무,126.9986967,37.5101806,199884.7717,445634.0413
1210051700,올림픽대로-반포로램프(8),108,IC 및 JC,0,무,126.9996578,37.5103108,199969.7455,445648.4937
1210051800,반포대교남단,108,IC 및 JC,0,무,127.0010773,37.5108581,200095.2441,445709.2388
1210051900,올림픽대로_강남대로_진출,108,IC 및 JC,0,무,127.0165219,37.5229205,201460.5088,447048.1389
1220000100,구룡사앞,101,도로교차점,1,유,127.0510469,37.4715107,204515.5594,441343.4153
1220000300,구룡마을입구,101,도로교차점,1,유,127.0647854,37.4792375,205730.2639,442201.7254
1220000500,일원터널,101,도로교차점,1,유,127.0755561,37.4862214,206682.3114,442977.5599
1220000700,수서IC(동부간선도로),108,IC 및 JC,0,무,127.1036332,37.4911309,209164.8972,443524.8107
1220001000,영동6교,101,도로교차점,0,무,127.0712145,37.4942558,206297.6593,443868.9782
1220001100,남부순환로탄천IC진입,108,IC 및 JC,0,무,127.0905476,37.4961328,208007.1217,444078.7682
1220001300,남부순환로탄천IC합류,108,IC 및 JC,0,무,127.0844605,37.498021,207468.6533,444287.8284
1220001400,탄천IC진입(동부간선도로),108,IC 및 JC,0,무,127.0827252,37.4991409,207315.095,444411.9929
1220001500,탄천IC진출(동부간선도로),108,IC 및 JC,0,무,127.077407,37.5005544,206844.6982,444568.4737
1220001700,휘문고교,101,도로교차점,1,유,127.0651488,37.5052298,205760.4136,445086.5555
1220001900,동부간선올림픽대로진출,108,IC 및 JC,0,무,127.067938,37.5088131,206006.7391,445484.4279
1220002200,올림픽대로동부간선JC,108,IC 및 JC,0,무,127.0647059,37.5187759,205720.2182,446589.9703
1220002400,청담대교남단,104,도로시설물,0,무,127.0631715,37.5217974,205584.3422,446925.2336
1220002500,한남IC동측,101,도로교차점,0,무,127.0195626,37.5227668,201729.3086,447031.1313
1220002900,성수대교남단,103,속성변화점,0,무,127.0343446,37.5330101,203035.5954,448168.3796
1220003400,영동2교북단,104,도로시설물,0,무,127.043625,37.4804522,203858.5653,442335.4679
1220003500,구룡초교,101,도로교차점,1,유,127.0538009,37.4810962,204758.5706,442407.4126
1220003700,개포시립도서관입구,101,도로교차점,0,무,127.0614637,37.4819794,205436.2603,442505.8532
1220003800,강남수도사업소,101,도로교차점,0,무,127.0476543,37.4832504,204214.7956,442646.2039
1220003900,일원역,101,도로교차점,0,무,127.0838592,37.4833046,207416.9387,442654.4515
1220004200,개포제6공원,101,도로교차점,0,무,127.0463855,37.484928,204102.4798,442832.3387
1220004700,개포초교,101,도로교차점,0,무,127.0707885,37.4872355,206260.5713,443089.7898
1220005100,삼성서울병원,101,도로교차점,1,유,127.0818245,37.4888033,207236.4484,443264.5819
1220005300,개포2동주민센터,101,도로교차점,0,무,127.0690435,37.4895681,206106.0543,443348.5528
1220005500,일원초교,101,도로교차점,0,무,127.0772599,37.4905876,206832.595,443462.2776
1220005700,일원1동주민센터앞,101,도로교차점,1,유,127.0883266,37.4907004,207811.2899,443475.6537
1220006000,영희초교,101,도로교차점,0,무,127.0807787,37.4910335,207143.7456,443512.0193
1220006200,수서경찰서,101,도로교차점,0,무,127.0762387,37.4925908,206742.1073,443684.528
1220006300,우성아파트,101,도로교차점,0,무,127.0299687,37.4930482,202650.2451,443732.9821
1220006400,대청초교,101,도로교차점,0,무,127.0869113,37.4934765,207685.8427,443783.6499
1220006500,대청역,101,도로교차점,0,무,127.0795588,37.4936741,207035.619,443805.0018
1220006600,역삼초교,101,도로교차점,0,무,127.0334219,37.4940932,202955.5749,443849.0683
1220006900,대청아파트앞(수서경찰서),101,도로교차점,0,무,127.0783353,37.494754,206927.316,443924.7701
1220007600,탄천1교서측,101,도로교차점,1,유,127.0798632,37.4994536,207061.9908,444446.4796
1220007700,도성초교,101,도로교차점,0,무,127.050864,37.500556,204497.6345,444567.0497
1220009700,봉은초교,102,도로시.종점,0,무,127.0600111,37.5210939,205305.0133,446846.9738
1220010000,압구정역,101,도로교차점,1,유,127.0283806,37.5271761,202508.6606,447520.7008
1220010400,헌릉IC,104,도로시설물,0,무,127.0936453,37.4621818,208284.804,440310.9232
1220010500,세곡동사거리_국가지원지방도23,101,도로교차점,0,무,127.1080514,37.4637157,209559.1167,440482.5353
1220010600,세곡동사거리_국가지원지방도23,101,도로교차점,0,무,127.1081862,37.4637039,209571.0464,440481.2402
1220010700,용인서울고속국도-헌릉로램프(1),108,IC 및 JC,0,무,127.0926131,37.4641602,208193.2719,440530.4139
1220010800,용인서울고속국도-헌릉로램프(2),108,IC 및 JC,0,무,127.0923066,37.4641764,208166.1489,440532.1821
1220010900,세곡동사거리_헌릉로_진입_1,101,도로교차점,0,무,127.1094662,37.4647711,209684.1416,440599.814
1220011000,세곡동사거리_헌릉로_진출_2,101,도로교차점,0,무,127.1070804,37.4647927,209473.0745,440601.9691
1220011100,세곡동사거리,101,도로교차점,1,유,127.1082728,37.464769,209578.5714,440599.4589
1220011200,세곡동사거리_헌릉로_진출_1,101,도로교차점,0,무,127.1094582,37.4648791,209683.4193,440611.7922
1220011300,세곡동사거리_헌릉로_진입_2,101,도로교차점,0,무,127.1070968,37.4649001,209474.5179,440613.882
1220011400,세곡1교(동측).은곡마을(보),101,도로교차점,1,유,127.1015317,37.465388,208982.1249,440667.4953
1220011500,세곡동사거리_국가지원지방도23,101,도로교차점,0,무,127.1084854,37.4656341,209597.2649,440695.4869
1220011600,세곡동사거리_국가지원지방도23,101,도로교차점,0,무,127.1083504,37.4656438,209585.3229,440696.5518
1220011700,은곡교,101,도로교차점,0,무,127.0930819,37.4647889,208234.6754,440600.2248
1220011800,세곡삼거리,101,도로교차점,1,유,127.1175501,37.4662408,210399.1037,440763.7905
1220012100,대왕교(선단),101,도로교차점,0,무,127.1218782,37.4668632,210781.8988,440833.351
1220012200,성모재활원(연동),101,도로교차점,1,유,127.1203125,37.4676031,210643.2789,440915.2926
1220012300,대곡교,101,도로교차점,1,유,127.1215023,37.4682241,210748.451,440984.349
1220012400,강남구-송파구경계(1),105,행정경계,0,무,127.1224992,37.4687523,210836.5574,441043.0866
1220012500,강남자동자매매장,101,도로교차점,1,유,127.1196729,37.4688303,210586.5257,441051.421
1220012600,강남자동차매매시장입구,101,도로교차점,0,무,127.1206935,37.4692733,210676.7488,441100.713
1220012700,성모자애 장애인 복지관,101,도로교차점,1,유,127.1185143,37.4709598,210483.7349,441287.6415
1220012900,방죽마을회관,101,도로교차점,1,유,127.1072239,37.4720133,209484.8558,441403.3705
1220013000,명가주택,102,도로시.종점,0,무,127.0953594,37.4727434,208435.2591,441483.2722
1220013100,구룡터널(북측),104,도로시설물,0,무,127.0605619,37.4742015,205357.055,441642.5502
1220013200,(주)동원산업,101,도로교차점,0,무,127.0498355,37.4744587,204408.223,441670.5465
1220013300,개포지하차도(남측),104,도로시설물,0,무,127.0598905,37.4748569,205297.6216,441715.2612
1220013400,서울포이초등학교,101,도로교차점,0,무,127.0509736,37.4752035,204508.853,441753.2554
1220013800,자곡사거리,101,도로교차점,1,유,127.1062931,37.4755541,209402.0756,441796.2549
1220013900,구룡터널,101,도로교차점,1,유,127.0587882,37.476008,205200.0379,441842.9497
1220014100,창빌딩,101,도로교차점,0,무,127.0476318,37.4765706,204213.1806,441904.8399
1220014200,두로빌딩,101,도로교차점,0,무,127.0487762,37.477324,204314.3574,441988.5013
1220014300,개포지하차도(북측),104,도로시설물,0,무,127.0574546,37.4773374,205081.9858,441990.4284
1220014400,도선여객정비공장,102,도로시.종점,0,무,127.0664592,37.4777332,205878.4309,442034.8788
1220014500,개포한라아파트,101,도로교차점,1,유,127.0569241,37.4778681,205035.0222,442049.2983
1220014600,숯내교(서단),104,도로시설물,0,무,127.1142382,37.4783375,210104.4797,442106.0032
1220014700,동진빌딩,101,도로교차점,0,무,127.0474717,37.4788116,204198.893,442153.5488
1220014800,강남구-송파구경계(2),105,행정경계,0,무,127.1154616,37.4788489,210212.6283,442162.8888
1220014900,영동2교북단,101,도로교차점,0,무,127.0441677,37.4811548,203906.5306,442413.4737
1220015000,강남공고,101,도로교차점,0,무,127.0842908,37.48139,207455.3033,442441.9907
1220015300,개포3.4단지,101,도로교차점,1,유,127.0703225,37.4825477,206219.7441,442569.4705
1220015400,수정빌딩앞,103,속성변화점,0,무,127.0791828,37.4826236,207003.3941,442578.516
1220015500,대모산입구,101,도로교차점,1,유,127.0798889,37.4827328,207065.8359,442590.6868
1220015600,일원터널(남측),104,도로시설물,0,무,127.0772751,37.482789,206834.6521,442596.7377
1220015900,강남구-송파구경계(3),105,행정경계,0,무,127.1125666,37.4828667,209956.0307,442608.4991
1220016200,대왕중교,101,도로교차점,1,유,127.0866522,37.4836995,207663.9277,442698.5047
1220016300,태화복지관앞,101,도로교차점,1,유,127.0930909,37.4844479,208233.3122,442782.1132
1220016400,영동3교(남단),104,도로시설물,0,무,127.0519009,37.4845633,204590.3063,442792.1219
1220016500,개포고교,101,도로교차점,0,무,127.0580197,37.4848228,205131.4597,442821.2372
1220016600,영동3교,101,도로교차점,0,무,127.0504417,37.4850017,204461.2204,442840.7053
1220016700,양재대로_광평로_진입,101,도로교차점,0,무,127.0758429,37.4852033,206707.7637,442864.5809
1220016800,광평로_양재대로_진출,101,도로교차점,0,무,127.075975,37.4852279,206719.4463,442867.3227
1220016900,중산고교입구,101,도로교차점,0,무,127.0833456,37.4854898,207371.2979,442896.9426
1220017000,언주로-양재천길_진출_2,101,도로교차점,0,무,127.0509361,37.4856234,204504.9118,442909.7294
1220017100,일원지하차도(서측),101,도로교차점,0,무,127.07381,37.4850189,206527.9843,442843.9762
1220017200,궁마을삼거리,101,도로교차점,1,유,127.0979218,37.4857131,208660.4332,442922.9656
1220017300,왕북초교,101,도로교차점,0,무,127.0861341,37.4858168,207617.8901,442933.4552
1220017400,양재천길-언주로_진출_2,101,도로교차점,0,무,127.0514345,37.4860773,204548.9651,442960.1327
1220017500,백광빌딩,101,도로교차점,0,무,127.0380227,37.4860519,203362.7998,442956.7416
1220017600,양재천길-언주로_진출_1,101,도로교차점,0,무,127.0521604,37.4860309,204613.1647,442955.0108
1220017700,경기여고앞,101,도로교차점,1,유,127.0675326,37.4861933,205972.7041,442973.902
1220017800,밤고개로_밤고개로5길_진출,101,도로교차점,0,무,127.1029604,37.48629,209105.9831,442987.4696
1220017900,매봉역,101,도로교차점,1,유,127.0454058,37.4863254,204015.7624,442987.3848
1220018000,영동3교,101,도로교차점,0,무,127.0507928,37.4865034,204492.181,443007.3928
1220018100,영동3교,101,도로교차점,0,무,127.0527622,37.4863569,204666.3741,442991.2213
1220018200,수서아파트6단지607동,101,도로교차점,0,무,127.1043734,37.4864642,209230.9289,443006.9445
1220018300,밤고개로_밤고개로5길_진입,101,도로교차점,0,무,127.1032794,37.4865064,209134.1705,443011.5175
1220018400,영동3교,101,도로교차점,0,무,127.0509177,37.4865456,204503.2264,443012.083
1220018500,밤고개로5길_밤고개로_진입,101,도로교차점,0,무,127.1026828,37.4866137,209081.3979,443023.3693
1220018600,광평로_양재대로_진입,101,도로교차점,0,무,127.0763463,37.4866196,206752.1616,443021.8126
1220018700,양재대로_영동대로_진출,101,도로교차점,0,무,127.0762687,37.4867083,206745.2934,443031.6514
1220018800,양재대로_영동대로_진입,101,도로교차점,0,무,127.0752835,37.486864,206658.1425,443048.862
1220018900,영동대로_양재대로_진출,101,도로교차점,0,무,127.0751588,37.4868213,206647.1208,443044.1163
1220019000,삼성의료원정문,101,도로교차점,0,무,127.0827602,37.4867859,207319.3954,443040.744
1220019100,일원지하차도(동측),104,도로시설물,0,무,127.0778857,37.4874313,206888.2304,443112.0148
1220019200,수서환승주차장,101,도로교차점,0,무,127.1003333,37.4869769,208873.5555,443063.4596
1220019300,우성캐릭터-빌,101,도로교차점,1,유,127.0504817,37.487228,204464.629,443087.7944
1220019400,영동4교,104,도로시설물,0,무,127.0566498,37.4870453,205010.148,443067.8293
1220019500,영동4교,101,도로교차점,0,무,127.0538322,37.4869524,204760.9629,443057.3672
1220019600,삼성의료원,101,도로교차점,0,무,127.0837534,37.4870754,207407.2042,443072.957
1220020000,수서역,101,도로교차점,1,유,127.101689,37.4873619,208993.412,443106.3222
1220020200,나산투루빌I,101,도로교차점,0,무,127.102542,37.4876151,209068.8184,443134.5004
1220020300,영동4교,101,도로교차점,0,무,127.0550854,37.4877664,204871.7473,443147.7748
1220020400,타워팰리스앞,101,도로교차점,1,유,127.0517536,37.4877936,204577.0771,443150.633
1220020500,매봉터널_언주로_진입_2,101,도로교차점,0,무,127.0500193,37.4879779,204423.6892,443171.0001
1220020600,매봉터널_언주로_진출_1,101,도로교차점,0,무,127.050154,37.4880012,204435.6027,443173.5948
1220020700,수서아파트6단지,101,도로교차점,0,무,127.1030691,37.487766,209115.4154,443151.304
1220020800,매봉터널_남부순환로_진출_2,101,도로교차점,0,무,127.0493188,37.4881091,204361.7245,443185.5312
1220020900,수서삼익아파트4단지입구,101,도로교차점,1,유,127.1007641,37.4880985,208911.5233,443187.9794
1220021000,매봉터널_남부순환로_진입_2,101,도로교차점,0,무,127.0492976,37.4882248,204359.8475,443198.369
1220021100,매봉터널,101,도로교차점,1,유,127.0498597,37.4884272,204409.5426,443220.858
1220021200,삼성엔지니어링 사옥,101,도로교차점,0,무,127.0528758,37.4883116,204676.296,443208.18
1220021300,수서전화국,101,도로교차점,0,무,127.0983696,37.488366,208699.7239,443217.4474
1220021400,경남아파트,101,도로교차점,1,유,127.0414521,37.4884866,203665.9826,443227.0978
1220021500,매봉터널_남부순환로_진입_1,101,도로교차점,0,무,127.0503974,37.4886073,204457.0864,443240.873
1220021600,수서삼익아파트4단지상가앞,101,도로교차점,0,무,127.1021647,37.4885085,209035.3485,443233.6201
1220021700,매봉터널_남부순환로_진출_1,101,도로교차점,0,무,127.0504383,37.4887499,204460.702,443256.7081
1220021800,수서우체국앞,101,도로교차점,0,무,127.1059781,37.4886478,209372.5797,443249.4581
1220021900,매봉터널_언주로_진출_2,101,도로교차점,0,무,127.0495565,37.4888389,204382.7049,443266.5436
1220022000,선릉로-양재천길_진출,101,도로교차점,1,유,127.0557534,37.4885977,204930.7728,443240.0734
1220022100,일원초교,101,도로교차점,0,무,127.0741855,37.4887635,206560.8674,443259.6063
1220022300,매봉터널_언주로_진입_1,101,도로교차점,0,무,127.0496792,37.4888803,204393.5536,443271.1449
1220022400,양재천길-선릉로_진입,101,도로교차점,0,무,127.0562609,37.4891052,204975.6198,443296.4298
1220022600,양재천길-선릉로_진출,101,도로교차점,0,무,127.057244,37.4889832,205062.5688,443282.9369
1220022800,개포동역,101,도로교차점,1,유,127.0660514,37.4891407,205841.4705,443300.9277
1220023000,강남구-송파구경계(4),105,행정경계,0,무,127.1078233,37.4892362,209535.6956,443314.9426
1220023100,강남스포츠문화센터,101,도로교차점,0,무,127.1053432,37.4894354,209316.3366,443336.8078
1220023200,영동4교,101,도로교차점,1,유,127.0558081,37.4896489,204935.5353,443356.7549
1220023300,삼성의료원별관,103,속성변화점,0,무,127.0871535,37.4897334,207707.6392,443368.2326
1220023400,수서IC_국가지원지방도23호선_진,101,도로교차점,0,무,127.0990615,37.489789,208760.7478,443375.4464
1220023500,미진빌딩,101,도로교차점,1,유,127.03288,37.4899399,202907.8175,443388.0971
1220023600,옥신타워,101,도로교차점,1,유,127.0334051,37.4901114,202954.252,443407.1471
1220023700,대치초교,101,도로교차점,0,무,127.0617875,37.4901895,205464.3062,443417.08
1220023800,영동5교,101,도로교차점,0,무,127.0640832,37.4905653,205667.2978,443458.9281
1220023900,싸리고개공원입구,101,도로교차점,1,유,127.0350837,37.4906295,203102.6835,443464.6941
1220024000,동부교회,101,도로교차점,1,유,127.033163,37.49063,202932.8207,443464.6941
1220024100,도곡역,101,도로교차점,1,유,127.0554122,37.4909281,204900.4449,443498.7041
1220024200,영동5교,101,도로교차점,0,무,127.0660082,37.4909216,205837.5095,443498.5835
1220024300,상준빌딩,101,도로교차점,1,유,127.0367848,37.4911367,203253.0994,443521.0504
1220024400,대모산입구역,101,도로교차점,1,유,127.0727197,37.4914181,206431.0096,443554.1234
1220024500,수서IC_국가지원지방도23호선_진,101,도로교차점,0,무,127.0980016,37.491098,208666.8667,443520.6271
1220024600,대진전자공예고등학교,102,도로시.종점,0,무,127.0954612,37.4915152,208442.1515,443566.6981
1220024700,영동5교,101,도로교차점,0,무,127.0647001,37.4915351,205721.7824,443566.5998
1220024800,영동5교,101,도로교차점,0,무,127.064825,37.4915774,205732.8226,443571.3025
1220025000,수서IC(동부간선도로),108,IC 및 JC,0,무,127.1037368,37.4912263,209174.0445,443535.4091
1220025100,수서IC,101,도로교차점,0,무,127.0975956,37.4917992,208630.8833,443598.4148
1220025300,수서IC_국가지원지방도23호선_진,101,도로교차점,0,무,127.0987473,37.49183,208732.7274,443601.9396
1220025400,수서IC,101,도로교차점,0,무,127.0975892,37.4921818,208630.2659,443640.8805
1220025500,수서IC5,108,IC 및 JC,0,무,127.0948837,37.49212,208391.0196,443633.7718
1220025600,수서IC6,108,IC 및 JC,0,무,127.0958642,37.4921093,208477.7287,443632.6754
1220025700,수서지하차도(남측),104,도로시설물,0,무,127.101773,37.4921842,209000.2615,443641.5358
1220025800,수서IC4,108,IC 및 JC,0,무,127.0944827,37.4921747,208355.5516,443639.8089
1220025900,도곡1동주민센터,101,도로교차점,1,유,127.0408963,37.4923959,203616.6377,443660.9492
1220026000,대청공원앞,101,도로교차점,0,무,127.0836429,37.4923775,207396.9171,443661.4122
1220026100,수서IC,101,도로교차점,0,무,127.0977741,37.4924879,208646.5864,443674.8646
1220026200,수서IC,101,도로교차점,0,무,127.0977527,37.4925946,208644.6813,443686.7125
1220026300,영동6교(남단),104,도로시설물,0,무,127.072015,37.4927916,206368.5678,443706.5237
1220026400,수서IC_남부순환로_진입_1,101,도로교차점,0,무,127.1004398,37.4931151,208882.248,443744.7322
1220026500,청실종합상가,101,도로교차점,1,유,127.0598387,37.4929678,205291.7644,443725.3202
1220026600,수서IC_남부순환로_진출_1,101,도로교차점,0,무,127.1003579,37.4932056,208875.0005,443754.7676
1220026700,서울강남우체국,101,도로교차점,0,무,127.0778429,37.4931094,206883.9243,443742.2073
1220026800,수서IC,101,도로교차점,0,무,127.0970339,37.4931072,208581.0533,443743.539
1220026900,수서IC,101,도로교차점,0,무,127.0967059,37.4932255,208552.0373,443756.6359
1220027000,수서지하차도(북측),104,도로시설물,0,무,127.0990002,37.4934911,208754.8969,443786.3241
1220027100,문진미디어빌딩,101,도로교차점,0,무,127.0403703,37.4935165,203570.0709,443785.3036
1220027200,강남구-송파구경계(5),105,행정경계,0,무,127.1017131,37.4935761,208994.7936,443796.0089
1220027300,서정빌딩,101,도로교차점,1,유,127.0317641,37.4935841,202808.9954,443792.5135
1220027400,도곡중,101,도로교차점,1,유,127.0451455,37.4937293,203992.3468,443809.1161
1220027500,수서IC_남부순환로_진출_2,101,도로교차점,0,무,127.0975075,37.4938316,208622.8576,443823.9725
1220027600,강남세브란스,101,도로교차점,1,유,127.0467436,37.4941996,204133.6478,443861.3825
1220027700,대청프라자,101,도로교차점,0,무,127.0772816,37.4942302,206834.1825,443866.5617
1220027800,남부순환로탄천IC진입,101,도로교차점,0,무,127.0946392,37.4946465,208369.1147,443914.158
1220027900,역삼동 M-MOTERS 빌딩,101,도로교차점,1,유,127.0447809,37.4944542,203960.0675,443889.5496
1220028000,대치역,101,도로교차점,1,유,127.0632416,37.4945284,205592.5742,443898.7241
1220028100,중동빌딩앞,101,도로교차점,0,무,127.0824786,37.4946192,207293.7294,443910.121
1220028200,역삼중,101,도로교차점,1,유,127.0484135,37.4947854,204281.2856,443926.4701
1220028400,수서IC_남부순환로_진입_2,101,도로교차점,0,무,127.0946918,37.4947462,208373.7501,443925.2266
1220028500,백안빌딩,101,도로교차점,0,무,127.0463903,37.494948,204102.3616,443944.433
1220028600,대곡초등학교,101,도로교차점,1,유,127.0649534,37.4950328,205743.9162,443954.8158
1220028700,진달래아파트,101,도로교차점,1,유,127.049838,37.4952711,204407.2275,443980.4452
1220028900,대림역삼아파트,101,도로교차점,1,유,127.0460863,37.4955921,204075.4393,444015.8994
1220029000,구역삼세무서,101,도로교차점,1,유,127.039254,37.4958533,203471.2466,444044.62
1220029100,은마상가,101,도로교차점,0,무,127.0625127,37.4959019,205528.0158,444051.1244
1220029300,한티역,101,도로교차점,1,유,127.0529089,37.4962972,204678.7245,444094.472
1220029500,학여울역,101,도로교차점,1,유,127.0699454,37.4965128,206185.2421,444119.387
1220029900,롯데백화점앞,101,도로교차점,1,유,127.054736,37.4968756,204840.2529,444158.7659
1220030000,광진빌딩,101,도로교차점,1,유,127.0455174,37.4968319,204025.0692,444153.483
1220030200,엘지개포자이,102,도로시.종점,0,무,127.0771827,37.4970147,206825.1866,444175.5956
1220030300,대치교(서단),104,도로시설물,0,무,127.0731119,37.4974406,206465.1718,444222.5747
1220030400,삼미빌딩,101,도로교차점,1,유,127.052279,37.4976196,204622.9449,444241.2102
1220030500,역삼동 HM다세대주택,101,도로교차점,1,유,127.0485591,37.4977891,204293.9856,444259.8458
1220030600,대치교(동단),104,도로시설물,0,무,127.0743091,37.4977974,206571.0053,444262.2623
1220030700,탄천IC진입(동부간선도로),104,도로시설물,0,무,127.0862681,37.4978784,207628.5142,444272.1463
1220030900,현민빌딩앞,101,도로교차점,1,유,127.0588972,37.4982424,205208.1339,444310.6811
1220031100,개나리아파트,101,도로교차점,1,유,127.0447139,37.4985435,203953.9252,444343.4093
1220031200,중앙빌딩,101,도로교차점,0,무,127.0516919,37.4988249,204570.9542,444374.9574
1220031300,은마아파트입구,101,도로교차점,1,유,127.0609312,37.4988751,205387.9523,444381.0162
1220031400,대치지하차도(서측),101,도로교차점,0,무,127.078164,37.4989993,206911.7785,444395.931
1220031500,국기원입구,101,도로교차점,1,유,127.0310323,37.4990122,202744.082,444394.9401
1220031600,남부순환로탄천IC합류,101,도로교차점,0,무,127.0822152,37.498803,207270.0359,444374.4459
1220031700,한은금융결재원,101,도로교차점,1,유,127.0375982,37.4993678,203324.6672,444434.6166
1220031800,한솔필리아,101,도로교차점,1,유,127.0476676,37.4995132,204215.0589,444451.1619
1220031900,성보빌딩,101,도로교차점,1,유,127.0359561,37.4997994,203179.4432,444482.4644
1220032000,한국타이어빌딩,101,도로교차점,1,유,127.0339411,37.4999125,203001.2575,444494.9528
1220032100,대치 E.M 프라자,101,도로교차점,1,유,127.05117,37.4999274,204524.7367,444497.301
1220032200,과학기술회관,101,도로교차점,1,유,127.0305525,37.5000851,202701.6163,444514.0028
1220032300,우석빌딩,101,도로교차점,1,유,127.0602007,37.5001914,205323.2616,444527.0665
1220032400,강남구-송파구경계(6),105,행정경계,0,무,127.0827067,37.500286,207313.3455,444539.0839
1220032500,강남파이낸스센터,101,도로교차점,1,유,127.0356918,37.5004468,203156.044,444554.3154
1220032600,현대해상강남사옥,101,도로교차점,1,유,127.0336227,37.5006242,202973.0793,444573.9311
1220032700,역삼역,101,도로교차점,1,유,127.0369311,37.5008251,203265.6138,444596.3369
1220032800,대치동우성아파트,101,도로교차점,1,유,127.0674597,37.500999,205965.0728,444617.1411
1220032900,우신빌딩,101,도로교차점,1,유,127.0352567,37.5011243,203117.5421,444629.4937
1220033000,성진빌딩,101,도로교차점,0,무,127.0526717,37.5011607,204657.4431,444634.254
1220033100,개나리아파트(5차),101,도로교차점,1,유,127.0505472,37.5012332,204469.5886,444642.1915
1220033200,일월빌딩앞,101,도로교차점,1,유,127.0383924,37.5012654,203394.8048,444645.2638
1220033300,국민제1빌딩,101,도로교차점,1,유,127.0685911,37.5013512,206065.0855,444656.2995
1220033400,디오빌역삼,101,도로교차점,1,유,127.0433745,37.5013769,203835.337,444657.824
1220033500,오가빌딩,101,도로교차점,1,유,127.052349,37.5018284,204628.8681,444708.3375
1220033600,서울르네상스호텔앞,101,도로교차점,1,유,127.0411786,37.5021299,203641.1324,444741.3077
1220033700,L.G강남타워앞,101,도로교차점,1,유,127.0363326,37.502135,203212.6389,444741.7046
1220033800,연신자동차공업사,101,도로교차점,1,유,127.0448307,37.5022644,203964.057,444756.3815
1220033900,삼익빌딩,101,도로교차점,1,유,127.0566882,37.5024697,205012.5166,444779.7342
1220034000,대일빌딩,101,도로교차점,1,유,127.0589458,37.5025414,205212.1363,444787.8139
1220034100,센터필드,101,도로교차점,1,유,127.0427921,37.5026163,203783.7804,444795.3545
1220034200,주원빌딩,101,도로교차점,0,무,127.0377018,37.5025923,203333.686,444792.5047
1220034300,강남구-송파구경계(7),105,행정경계,0,무,127.0726607,37.5026866,206424.827,444804.784
1220034400,진선여자고등학교,101,도로교차점,1,유,127.0487588,37.5026881,204311.3674,444803.5876
1220034500,성보아파트,101,도로교차점,0,무,127.0476938,37.5029794,204217.1756,444835.8669
1220034600,진선여고,101,도로교차점,0,무,127.0497345,37.5029643,204397.6218,444834.2794
1220034700,대치사거리,101,도로교차점,1,유,127.0586456,37.5031065,205185.5457,444850.5203
1220034800,대치파출소,101,도로교차점,1,유,127.0563715,37.5031472,204984.4688,444854.9169
1220034900,삼성제일빌딩,101,도로교차점,1,유,127.0443229,37.503077,203919.115,444846.5515
1220035000,능현오피스텔,101,도로교차점,0,무,127.0475981,37.5031845,204208.7089,444858.6211
1220035100,강남제일병원,101,도로교차점,1,유,127.0356918,37.5034745,203155.9174,444890.3425
1220035200,남전타운,101,도로교차점,1,유,127.0405211,37.5035271,203582.924,444896.3538
1220035300,기독교TV,101,도로교차점,0,무,127.0515243,37.5035595,204555.8429,444900.4253
1220035400,포스코 the #,101,도로교차점,1,유,127.058296,37.5037575,205154.5894,444922.7517
1220035500,세방빌딩,101,도로교차점,1,유,127.0493797,37.503729,204366.2041,444919.142
1220035600,이환빌딩,101,도로교차점,0,무,127.043924,37.5039389,203883.7931,444942.1986
1220035700,빅토리아오피스텔,101,도로교차점,1,유,127.0472051,37.5039627,204173.9093,444944.9767
1220035800,삼부오피스빌딩,101,도로교차점,1,유,127.0420435,37.5042149,203717.5021,444972.758
1220035900,선릉역,101,도로교차점,1,유,127.0490277,37.5044876,204335.0408,445003.3174
1220036000,신논현역,101,도로교차점,1,유,127.0252893,37.5047602,202236.072,445032.7436
1220036100,우리빌딩,101,도로교차점,0,무,127.0467927,37.5048139,204137.3967,445039.4331
1220036200,롯데캐슬아파트,101,도로교차점,0,무,127.0558343,37.5049497,204936.8437,445054.9423
1220036300,금강타워,101,도로교차점,0,무,127.0507966,37.5050661,204491.4099,445067.6113
1220036400,영동전화국,101,도로교차점,1,유,127.0415912,37.5052157,203677.4651,445083.8062
1220036500,이글빌딩,101,도로교차점,1,유,127.0573951,37.5054422,205074.8173,445109.6802
1220036600,거평타운오피스텔,101,도로교차점,1,유,127.0278008,37.5055075,202458.1131,445115.7459
1220036700,성원빌딩,101,도로교차점,1,유,127.0484719,37.5056714,204285.8282,445134.6833
1220036800,KTF타워,101,도로교차점,1,유,127.0529381,37.5057267,204680.7197,445141.0333
1220036900,코니빌딩,101,도로교차점,1,유,127.064778,37.5059118,205727.5708,445162.2256
1220037000,현대테니스,101,도로교차점,1,유,127.0672437,37.5059305,205945.5871,445164.4534
1220037100,삼성동 빌딩,101,도로교차점,0,무,127.0502273,37.5062285,204441.0067,445196.596
1220037200,동부금융센터,101,도로교차점,1,유,127.0550842,37.5063909,204870.4263,445214.8522
1220037300,정든빌딩,101,도로교차점,0,무,127.0502367,37.5067792,204441.8004,445257.7148
1220037400,포스코사거리,101,도로교차점,1,유,127.0566376,37.5068693,205007.7453,445268.0336
1220037500,코스모타워,101,도로교차점,1,유,127.064207,37.5069435,205677.0109,445276.6946
1220037600,삼성오피스텔,101,도로교차점,1,유,127.0523061,37.5069786,204624.7602,445279.9399
1220037700,강남면허시험장,101,도로교차점,1,유,127.0675455,37.5070799,205972.1766,445292.0401
1220037900,선릉공원,101,도로교차점,1,유,127.0469736,37.507106,204153.2717,445293.8305
1220038100,대치동송석빌딩,101,도로교차점,1,유,127.0626931,37.5071952,205543.1308,445304.5462
1220038300,차병원,101,도로교차점,1,유,127.0338895,37.5073293,202996.3998,445318.1217
1220038400,동진빌라,101,도로교차점,0,무,127.0270966,37.5074159,202395.7935,445327.5409
1220038500,마루빌딩,101,도로교차점,0,무,127.0535319,37.5075108,204733.1073,445339.0744
1220038600,사조빌딩,101,도로교차점,1,유,127.0638727,37.5075476,205647.4019,445343.7302
1220038700,삼성동현대백화점,101,도로교차점,1,유,127.0594375,37.507738,205255.2451,445364.6031
1220038800,스포월드주유소,101,도로교차점,1,유,127.0393623,37.5077613,203480.2654,445366.2548
1220038900,육인빌딩,101,도로교차점,0,무,127.0652776,37.5080568,205771.5805,445400.3219
1220039100,봉암빌딩,101,도로교차점,1,유,127.0372251,37.5083045,203291.2785,445426.4688
1220039300,원혜빌딩,101,도로교차점,1,유,127.0557904,37.5084538,204932.7358,445443.8496
1220039500,슈페리어사옥,101,도로교차점,1,유,127.0619928,37.5085281,205481.1176,445452.4424
1220039600,강남경찰서,101,도로교차점,0,무,127.0669214,37.5085651,205916.8806,445456.8398
1220039900,구경복아파트,101,도로교차점,1,유,127.0384786,37.508676,203402.0941,445467.7381
1220040200,상명빌딩,101,도로교차점,0,무,127.0269401,37.5089119,202381.9029,445493.5672
1220040300,삼성역,101,도로교차점,1,유,127.0631551,37.5088875,205583.8583,445492.3971
1220040600,경복아파트후문,101,도로교차점,1,유,127.0400948,37.5091653,203544.9694,445522.1101
1220040800,삼성역 Iriver,101,도로교차점,1,유,127.0646731,37.5093528,205718.0385,445544.1326
1220041000,도심공항터미널,101,도로교차점,1,유,127.05855,37.5093869,205176.6637,445547.5628
1220041100,논현동에스씨주택,101,도로교차점,0,무,127.0263155,37.5094395,202326.671,445552.1064
1220041300,YMCA,101,도로교차점,1,유,127.0375185,37.5096668,203317.1627,445577.6727
1220041400,강남경찰서,101,도로교차점,1,유,127.0664624,37.5098924,205876.1904,445604.1308
1220041500,남전빌딩,101,도로교차점,1,유,127.0423935,37.5098412,203748.1698,445597.2189
1220041600,삼성교서측,101,도로교차점,1,유,127.0673849,37.5100451,205957.7381,445621.133
1220041700,강남구-송파구경계(8),105,행정경계,0,무,127.0685761,37.5102494,206063.0425,445643.8872
1220041800,선정릉역,101,도로교차점,1,유,127.0438706,37.5102877,203878.742,445646.8283
1220041900,일심빌딩,101,도로교차점,1,유,127.0234509,37.5117495,202073.3319,445808.422
1220042000,자이언트호텔앞,101,도로교차점,1,유,127.0494815,37.5119216,204374.7284,445828.4222
1220042100,한주빌딩,101,도로교차점,1,유,127.0251793,37.5122795,202226.1291,445867.292
1220042200,차관아파트앞,101,도로교차점,1,유,127.0510574,37.5123823,204514.0318,445879.6192
1220042400,삼성중앙역,101,도로교차점,1,유,127.0533321,37.5130439,204715.0972,445953.1699
1220042500,아이파크타워,101,도로교차점,1,유,127.0608803,37.5131223,205382.4291,445962.2686
1220042600,원일빌딩,101,도로교차점,1,유,127.0279312,37.5131308,202469.3919,445961.8366
1220042700,우리은행논현2동지점,101,도로교차점,1,유,127.03537,37.5132469,203127.0592,445974.9454
1220042800,기린건축백화점,101,도로교차점,1,유,127.0311012,37.5133161,202749.6488,445982.4962
1220042900,이모스 빌딩,101,도로교차점,1,유,127.0410308,37.5133273,203627.5196,445984.0735
1220043000,국제빌딩앞,101,도로교차점,1,유,127.0286136,37.5133356,202529.717,445984.5908
1220043100,봉은사삼거리,101,도로교차점,1,유,127.0563357,37.5135539,204980.6071,446009.9231
1220043200,서경빌딩,101,도로교차점,1,유,127.0426045,37.5136872,203766.6378,446024.0786
1220043300,논현중원빌라,101,도로교차점,0,무,127.0408605,37.5138029,203612.4383,446036.858
1220043400,학동역,101,도로교차점,1,유,127.0307352,37.5140004,202717.2638,446058.4317
1220043500,JSM빌딩,101,도로교차점,1,유,127.0333628,37.514014,202949.5684,446060.0192
1220043600,진흥상호저축은행,101,도로교차점,0,무,127.0424208,37.5141557,203750.3659,446076.0693
1220043700,서울의료원별관,101,도로교차점,0,무,127.0658536,37.5142024,205822.0273,446082.4483
1220043800,코엑스,101,도로교차점,1,유,127.0602309,37.5142655,205324.9299,446089.1131
1220043900,호사장주택,101,도로교차점,1,유,127.0391483,37.5143711,203461.0434,446099.8554
1220044000,한국건설기술회관,101,도로교차점,1,유,127.0353842,37.5146415,203128.2498,446129.727
1220044100,고려빌딩,101,도로교차점,1,유,127.0330411,37.5147102,202921.0992,446137.2777
1220044200,아이캐슬빌딩,101,도로교차점,1,유,127.0304242,37.5147061,202689.7471,446136.7486
1220044300,주택공사(서울지사),101,도로교차점,0,무,127.0405087,37.5147214,203581.2968,446138.7757
1220044400,하와이호텔,101,도로교차점,1,유,127.0598947,37.5149129,205295.1642,446160.9476
1220044500,기독교한국침례회새국민교회,101,도로교차점,1,유,127.0473189,37.5150693,204183.3574,446177.6695
1220044600,대명빌딩,101,도로교차점,1,유,127.0522517,37.5150541,204619.4501,446176.2141
1220044700,성부빌딩,101,도로교차점,1,유,127.0420667,37.5151213,203719.0127,446183.2258
1220044800,봉은교,101,도로교차점,1,유,127.0660093,37.5152851,205835.709,446202.6195
1220044900,논현아파트,101,도로교차점,1,유,127.0225701,37.5152381,201995.3654,446195.6011
1220045000,봉은교,108,IC 및 JC,1,유,127.0665873,37.5154322,205886.7975,446218.982
1220045100,브라운스톤 레전드,101,도로교차점,0,무,127.0429556,37.5153463,203797.5941,446208.229
1220045200,논현골입구,101,도로교차점,0,무,127.0326751,37.5153825,202888.7141,446211.8904
1220045300,서울세관,101,도로교차점,1,유,127.0353879,37.5154269,203128.5497,446216.9029
1220045400,강남구-송파구경계(9),105,행정경계,0,무,127.0679162,37.5155602,206004.2727,446233.2695
1220045500,퀸스빌,101,도로교차점,1,유,127.0236309,37.5155706,202089.1417,446232.5279
1220045600,강남교회,101,도로교차점,1,유,127.038525,37.5155945,203405.8777,446235.6134
1220045700,동일파크스위트,101,도로교차점,1,유,127.0661311,37.5159895,205846.4247,446280.8041
1220045800,고영빌딩,101,도로교차점,1,유,127.0400111,37.5160553,203537.2436,446286.8104
1220045900,유경빌딩앞,101,도로교차점,1,유,127.0381896,37.516289,203376.2002,446312.6823
1220046000,삼광빌딩,101,도로교차점,1,유,127.0515926,37.516288,204561.1093,446313.1362
1220046200,한국산업경제연구원,101,도로교차점,1,유,127.0415467,37.5165125,203672.9751,446337.6105
1220046300,송암빌딩,101,도로교차점,1,유,127.0354014,37.5164997,203129.6946,446335.9699
1220046500,올림픽대로-테헤란로북68길램프(,108,IC 및 JC,1,유,127.0662259,37.5166045,205854.7591,446349.0667
1220046600,강남파라곤,101,도로교차점,1,유,127.0398,37.5167844,203518.5463,446367.7157
1220046700,논현빌딩,101,도로교차점,1,유,127.0378787,37.5169805,203348.6835,446389.4116
1220046800,국민연금관리공단,101,도로교차점,1,유,127.0219255,37.5171253,201938.3289,446405.0366
1220046900,강남구청역,101,도로교차점,1,유,127.0412907,37.517232,203650.3091,446417.4575
1220047000,천마빌딩,101,도로교차점,1,유,127.0422246,37.517389,203732.8592,446434.92
1220047100,웨어펀빌딩,101,도로교차점,1,유,127.0509605,37.5174826,204505.1499,446445.6927
1230037000,소망빌딩,101,도로교차점,1,유,127.1173632,37.5087919,210376.6797,445486.3777
1230037100,신도빌딩,101,도로교차점,1,유,127.1113485,37.5088942,209844.8746,445497.0941
1230037200,아시아선수촌아파트,101,도로교차점,0,무,127.0741747,37.5089587,206558.1451,445501.012
1230037300,아시아선수촌정문_백제고분로_진,101,도로교차점,1,유,127.0790529,37.5088567,206989.4582,445490.0441
1230037500,아시아선수촌정문_봉상시길_진입,101,도로교차점,0,무,127.0794813,37.5091539,207027.3129,445523.056
1230037700,아시아선수촌정문_봉상시길_진출,101,도로교차점,0,무,127.0794532,37.5092637,207024.8184,445535.2445
1230037800,아시아선수촌정문_백제고분로_진,101,도로교차점,0,무,127.0789738,37.5094612,206982.414,445557.1285
1230038000,청원빌딩,101,도로교차점,0,무,127.1101935,37.5094734,209742.6791,445561.2557
1230038100,올림픽선수촌아파트 136동앞,101,도로교차점,1,유,127.1336378,37.5095166,211815.4882,445568.7343
1230038200,수림빌딩,101,도로교차점,0,무,127.1052449,37.5097253,209305.1235,445588.7063
1230038300,갤러리아팰리스,101,도로교차점,1,유,127.0948059,37.510165,208382.1183,445636.5254
1230038400,정신여고,102,도로시.종점,0,무,127.0710197,37.5102192,206279.0973,445640.6902
1230038500,올림피아빌딩,101,도로교차점,1,유,127.0787078,37.5102733,206958.8234,445647.2411
1230038600,잠실3삼거리,101,도로교차점,1,유,127.0930554,37.5103165,208227.3367,445653.1942
1230038700,방이사거리,101,도로교차점,1,유,127.112235,37.510347,209923.0591,445658.4241
1230038800,오금초교,101,도로교차점,1,유,127.1316717,37.5102862,211641.5339,445653.9073
1230038900,태원빌딩,101,도로교차점,0,무,127.0802269,37.5104889,207093.1054,445671.2785
1230039000,서울종합운동장,101,도로교차점,1,유,127.0706533,37.5106058,206246.6637,445683.5748
1230039100,백제고분로주유소,101,도로교차점,1,유,127.1111339,37.5107913,209825.6473,445707.6236
1230039200,트리지움 상가,101,도로교차점,1,유,127.0858461,37.5107678,207589.8881,445702.6758
1230039300,잠실천주교회,101,도로교차점,0,무,127.082937,37.5108628,207332.6804,445712.9902
1230039500,정신여중고교,101,도로교차점,1,유,127.0736404,37.5111141,206510.7184,445740.1958
1230039700,레이크사이드타워,101,도로교차점,0,무,127.1069915,37.5110996,209459.3752,445741.4104
1230040100,올림픽로-봉상시길_진입,101,도로교차점,0,무,127.0800225,37.5115078,207074.9384,445784.3451
1230040500,잠실새내역,101,도로교차점,1,유,127.0856196,37.5116532,207569.7749,445800.9187
1230040600,봉상시길-올림픽로_진입,101,도로교차점,0,무,127.0804332,37.5118129,207111.2224,445818.2478
1230040700,잠실지구대,101,도로교차점,1,유,127.0829755,37.5117695,207335.9934,445813.6246
1230040800,올림픽공원,101,도로교차점,1,유,127.1280069,37.5117692,211317.2927,445818.0472
1230040900,올림픽로-봉상시길_진출,101,도로교차점,0,무,127.0795452,37.5118493,207032.7042,445822.2175
1230041000,제이에스빌딩,101,도로교차점,1,유,127.1218931,37.5118408,210776.749,445825.2778
1230041200,종합운동장,101,도로교차점,1,유,127.078331,37.5118681,206925.3593,445824.208
1230041300,잠실3사거리,101,도로교차점,1,유,127.0925457,37.5119082,208182.0929,445829.8039
1230041500,방이삼거리,101,도로교차점,1,유,127.1081854,37.5119969,209564.8126,445841.1193
1230041700,서울Y.M.C.A송파지회,101,도로교차점,1,유,127.0947545,37.512121,208377.3558,445853.6165
1230042000,오륜초교,101,도로교차점,0,무,127.1335447,37.512545,211806.7728,445904.8307
1230042400,방이초교앞,101,도로교차점,0,무,127.119765,37.512669,210588.4874,445916.9548
1230042500,올림픽예술극장,101,도로교차점,1,유,127.1254619,37.5127891,211092.1326,445930.9478
1230043200,KT송파지사,101,도로교차점,1,유,127.1074048,37.5137541,209495.5754,446036.0735
1230043400,시그마타워,101,도로교차점,1,유,127.1022551,37.5139917,209040.2685,446061.9344
1230043500,올림픽선수촌아파트 208동,101,도로교차점,1,유,127.1294051,37.5138607,211440.5888,446050.3518
1230043700,KT앞삼거리,101,도로교차점,1,유,127.1072458,37.5141397,209481.4687,446078.8479
1230043800,대한제당,101,도로교차점,1,유,127.1032073,37.5143246,209124.4061,446098.9761
1230043900,방이중,101,도로교차점,1,유,127.1148771,37.5145991,210156.0829,446130.6394
1230044000,어린이교통공원,101,도로교차점,0,무,127.1016223,37.5152033,208984.1767,446196.343
1230044100,송파구청,101,도로교차점,1,유,127.1066865,37.5154753,209431.8526,446227.0347
1230044200,신천중교앞,101,도로교차점,1,유,127.0774848,37.515454,206850.2174,446222.1421
1230044300,종합운동장삼거리,101,도로교차점,1,유,127.069856,37.515746,206175.7552,446254.0176
1230044400,송파 FUN STADIUM,101,도로교차점,0,무,127.1025924,37.5155171,209069.9019,446231.2681
1230044600,올림픽공원동2문,101,도로교차점,1,유,127.1306774,37.5158284,211552.7723,446268.8981
1230044700,잠실대교남단교차로,108,IC 및 JC,1,유,127.098026,37.5160025,208666.1469,446284.714
1230044900,잠실진주아파트,101,도로교차점,0,무,127.1088026,37.5161957,209618.8454,446307.2028
1230045400,올림픽공원남4문,101,도로교차점,1,유,127.1159264,37.5163551,210248.6079,446325.6443
1230045600,종합운동장JC,108,IC 및 JC,1,유,127.0773929,37.5166315,206841.98,446352.8217
1230045700,잠실중학교,101,도로교차점,1,유,127.0996369,37.5165829,208808.493,446349.2725
1230046000,종합운동장JC,108,IC 및 JC,0,무,127.079224,37.5168296,207003.8444,446374.9408
1230046200,올림픽선수촌아파트 301동,101,도로교차점,0,무,127.1329846,37.5168833,211756.5813,446386.2675
1230046600,종합운동장JC,108,IC 및 JC,0,무,127.0810876,37.5169833,207168.5862,446392.1426
1230046700,청담IC5,108,IC 및 JC,0,무,127.069602,37.5168634,206153.2045,446378.0182
1230046800,청담IC1,108,IC 및 JC,0,무,127.069746,37.5168231,206165.9351,446373.5589
1230046900,잠실대교남단,108,IC 및 JC,0,무,127.0882447,37.517052,207801.3001,446400.3409
1230047100,서하남IC입구,101,도로교차점,1,유,127.1439016,37.5170599,212721.6721,446407.2837
1230047300,종합운동장IC(올림픽대로),108,IC 및 JC,0,무,127.0759097,37.5174624,206710.7899,446444.9332
1230047500,잠실대교남단,108,IC 및 JC,0,무,127.0882031,37.5173477,207797.596,446433.1493
1230047800,올림픽공원동문,101,도로교차점,1,유,127.1317337,37.5174388,211645.9058,446447.7568
1230047900,올림픽공원,101,도로교차점,1,유,127.1126295,37.5175426,209956.9836,446457.0895
1230048200,올림픽대로-일반국도3호선램프(1,108,IC 및 JC,0,무,127.0921749,37.5178588,208148.6668,446490.2181
1230048300,잠실장미쇼핑,101,도로교차점,0,무,127.1026673,37.5177865,209076.2519,446483.1519
1230048400,올림픽대로-백제고분로램프(4),108,IC 및 JC,0,무,127.0777486,37.5178704,206873.3203,446490.3522
1230048500,청담IC,108,IC 및 JC,0,무,127.0744105,37.5180587,206578.2007,446511.0134
1230048700,청담IC,108,IC 및 JC,0,무,127.0712575,37.5181553,206299.4486,446521.5179
1230048900,청담IC,108,IC 및 JC,0,무,127.0682825,37.518159,206036.4469,446521.7334
1230049000,올림픽선수촌아파트 312동,101,도로교차점,0,무,127.1372749,37.5181905,212135.6506,446531.8945
1230049100,청담IC,108,IC 및 JC,0,무,127.0707396,37.5184287,206253.6439,446551.8247
1230049200,올림픽대로-일반국도3호선램프(1,108,IC 및 JC,0,무,127.092374,37.5186948,208166.1724,446583.0186
1230049300,잠실대교남단,108,IC 및 JC,0,무,127.0944724,37.5186388,208351.6856,446576.9903
1230049400,잠실대교남단,108,IC 및 JC,0,무,127.0952061,37.5186355,208416.5539,446576.6845
1230049500,올림픽대로-일반국도3호선램프(1,108,IC 및 JC,0,무,127.0976757,37.5163511,208635.1306,446323.3683
1230049600,오륜교회앞,101,도로교차점,1,유,127.1389001,37.5191817,212279.1594,446642.1152
1230049700,동북고입구,101,도로교차점,0,무,127.1381675,37.5194939,212214.3496,446676.6633
1230049800,잠실대교남단,108,IC 및 JC,0,무,127.0965458,37.5196106,208534.8721,446685.0308
1230050100,올림픽회관,101,도로교차점,1,유,127.1142274,37.5200653,210097.9075,446737.2508
1230050200,한국체육대학교,103,속성변화점,0,무,127.1283658,37.5203185,211347.7274,446766.964
1230050300,잠실대교남단교차로,108,IC 및 JC,0,무,127.0977935,37.516405,208645.5392,446329.3618
1230050400,올림픽대로-일반국도3호선램프(1,108,IC 및 JC,0,무,127.0940531,37.5210283,208314.3592,446842.1559
1230050500,올림픽대로-일반국도3호선램프(9,108,IC 및 JC,0,무,127.0941615,37.5210947,208323.928,446849.5303
1230050700,올림픽대로-일반국도3호선램프(3,108,IC 및 JC,0,무,127.0985276,37.5207859,208709.9317,446815.6591
1230051100,잠현초등학교앞_오금로_진입,101,도로교차점,0,무,127.1046288,37.5212571,209249.2247,446868.5326
1230051200,올림픽대로-일반국도3호선램프(7,108,IC 및 JC,0,무,127.0974804,37.5212021,208617.3101,446861.7522
1230051300,둔촌사거리,101,도로교차점,1,유,127.1338588,37.5213842,211833.1504,446885.916
1230051400,잠현초등학교앞_잠사길_진출,101,도로교차점,0,무,127.1032532,37.5216967,209127.5728,446917.1947
1230051700,잠현초등학교앞,101,도로교차점,0,무,127.1043539,37.5222,209224.8074,446973.1542
1230051800,잠실철교남단,108,IC 및 JC,0,무,127.1004708,37.5220305,208881.5625,446953.9718
1230051900,한국체육대학교입구,101,도로교차점,1,유,127.1322649,37.5221274,211692.1361,446968.2012
1230052000,올림픽파크텔앞,101,도로교차점,1,유,127.1156184,37.5222968,210220.5688,446985.0605
1230052100,잠실철교남단,108,IC 및 JC,0,무,127.1013731,37.5224314,208961.2819,446998.5543
1230052400,서울체고앞,101,도로교차점,1,유,127.1310357,37.5226651,211583.3922,447027.7326
1230052500,잠실철교남단,108,IC 및 JC,0,무,127.100877,37.5229115,208917.3649,447051.7891
1230052600,올림픽공원북2문,101,도로교차점,0,무,127.1286221,37.5237119,211369.873,447143.6203
1230052700,올림픽공원북2문,101,도로교차점,1,유,127.1279851,37.523988,211313.5166,447174.1797
1230052800,풍성중교,101,도로교차점,0,무,127.1111145,37.5247613,209822.1055,447258.111
1230052900,그린빌딩,101,도로교차점,0,무,127.1254803,37.5251838,211091.9276,447306.604
1230053100,올림픽대교남단교차로,101,도로교차점,1,유,127.1176568,37.5256114,210400.3054,447353.1707
1230053200,성내유수지체육공원,101,도로교차점,1,유,127.1213901,37.5270308,210730.1092,447511.1273
1670014600,당미교,105,행정경계,0,무,126.7684048,37.5567492,179536.5825,450827.7861
1670018600,김포공항IC,108,IC 및 JC,0,무,126.7881363,37.5831909,181286.6482,453758.4076
1680001100,가좌IC북측(본선),108,IC 및 JC,0,무,126.674984,37.4860781,171254.9387,443008.5938
1680002300,서인천IC남측(본선),108,IC 및 JC,0,무,126.6784207,37.5191894,171571.4498,446682.4932
1680002600,서인천IC동측(본선),108,IC 및 JC,0,무,126.6823625,37.5222602,171921.0665,447022.1254
1680004000,영종대교 동단(상부도로),108,IC 및 JC,0,무,126.6156397,37.5549463,166037.6235,450671.918
1680004101,인천공항TG,108,IC 및 JC,0,무,126.6690842,37.5699084,170765.8802,452314.5706
2000001600,북수원IC 남측(본선),108,IC 및 JC,0,무,126.9945912,37.3169795,199520.5567,424191.5455
2000001800,북수원IC 서측(본선),108,IC 및 JC,0,무,126.9892576,37.3191954,199047.8106,424437.5221
2010001400,호매실IC 남측(본선),108,IC 및 JC,0,무,126.9485541,37.2600084,195436.3572,417869.953
2010001800,호매실IC 북측(본선),108,IC 및 JC,0,무,126.9486147,37.2651469,195442.042,418440.2271
2010001801,-,103,속성변화점,0,무,126.9486313,37.2642226,195443.4582,418337.6472
2010002700,서수원IC 남측(본선),108,IC 및 JC,1,유,126.9505406,37.2879212,195614.1924,420967.6921
2010003400,서수원IC 북측(본선),108,IC 및 JC,1,유,126.9558135,37.297871,196082.284,422071.7267
2010003500,-,105,행정경계,0,무,126.9609642,37.301903,196539.1421,422519.0121
2010023300,-,101,도로교차점,0,무,126.9501875,37.2767265,195582.2271,419725.291
2030002300,동수원IC 동측(본선),108,IC 및 JC,0,무,127.0530325,37.2984624,204701.9981,422137.767
2030002400,동수원IC 남측(본선),108,IC 및 JC,0,무,127.0469758,37.3016414,204164.8186,422490.2953
2030014900,광교IC,108,IC 및 JC,0,무,127.0584294,37.3019191,205180.2608,422521.6845
2040000100,판교JC 서측(서울외곽순환선),108,IC 및 JC,0,무,127.0896611,37.4041073,207938.4544,433865.1373
2040000200,판교JC 동측(서울외곽순환선),108,IC 및 JC,0,무,127.098094,37.406909,208684.7618,434176.823
2040001000,-,105,행정경계,0,무,127.0712048,37.4305257,206302.1475,436795.8005
2040001600,모란사거리,101,도로교차점,1,유,127.128839,37.4336837,211402.7144,437151.7131
2040001901,성남T/G,104,도로시설물,0,무,127.1232234,37.4351756,210905.5002,437316.6256
2040002000,태평역사거리,101,도로교차점,1,유,127.1277881,37.4397481,211308.7957,437824.6467
2040002200,태평고가사거리,101,도로교차점,0,무,127.127002,37.4439481,211238.6009,438290.687
2040002600,성남병원앞삼거리,101,도로교차점,1,유,127.1267139,37.447958,211212.5086,438735.6965
2040002601,-,101,도로교차점,1,유,127.1265422,37.4540802,211196.3985,439415.1578
2040002602,-,101,도로교차점,0,무,127.126399,37.456235,211183.4139,439654.2954
2040003000,DM빌딩,101,도로교차점,0,무,127.1264746,37.4675602,211188.4147,440911.253
2040003001,-,101,도로교차점,1,유,127.1263069,37.4656001,211173.8666,440693.6822
2040003002,동서울대학입구,101,도로교차점,1,유,127.1260673,37.4620444,211153.1988,440299.0173
2040003003,-,101,도로교차점,1,유,127.1259756,37.4596891,211145.4368,440037.5989
2040003200,시계(성남대로),105,행정경계,0,무,127.1265403,37.4683273,211194.1085,440996.3978
2040006800,내곡터널성남시계,105,행정경계,0,무,127.0763146,37.4421559,206753.3583,438086.9477
2040015700,밤고개로성남시계,105,행정경계,0,무,127.1079236,37.462214,209548.0011,440315.8497
2040019100,-,105,행정경계,0,무,127.1225711,37.4669665,210843.1822,440844.8983
2040020700,복정교차로,105,행정경계,0,무,127.1248548,37.4677993,211045.0848,440937.598
2040021000,송파IC(구리방향진입),105,행정경계,0,무,127.1306575,37.4752292,211557.2611,441762.9106
2040022000,운중터널,103,속성변화점,0,무,127.0749634,37.4019753,206637.3244,433627.3811
2040022100,금토영업소,104,도로시설물,0,무,127.0814507,37.4107475,207210.8771,434601.4372
2040022200,고등IC,108,IC 및 JC,0,무,127.0900685,37.4236579,207972.4519,436035.0041
2040022300,심곡터널,103,속성변화점,0,무,127.0893712,37.4391612,207909.0994,437755.587
2040022400,심곡터널,103,속성변화점,0,무,127.0954879,37.4488702,208449.3155,438833.6798
2040022500,세곡터널,103,속성변화점,0,무,127.0962105,37.4518817,208512.9156,439167.9867
2040023800,송파구견인보관소,101,도로교차점,0,무,127.1292582,37.4676706,211434.6382,440923.8303
2040023900,영동빌딩,101,도로교차점,0,무,127.1283671,37.4677213,211355.8035,440929.3569
2040024000,공영주차장입구3,105,행정경계,0,무,127.1274518,37.4677726,211274.8275,440934.9393
2050001200,성남IC 남측(본선 판교방향),108,IC 및 JC,0,무,127.1233597,37.4257564,210918.9321,436271.2385
2050001700,여수사거리,101,도로교차점,0,무,127.1294158,37.4272566,211454.741,436438.4599
2050002100,-,101,도로교차점,0,무,127.1295301,37.4285477,211464.662,436581.7634
2050002300,성남IC 북측(본선 구리방향),108,IC 및 JC,0,무,127.123468,37.4298963,210927.9147,436730.725
2050002400,모란시장사거리,101,도로교차점,1,유,127.1293657,37.4299966,211449.8953,436742.5584
2050002800,모란삼거리,101,도로교차점,0,무,127.1289839,37.4328423,211415.6724,437058.3465
2060002900,판교IC 남측(연결로),108,IC 및 JC,0,무,127.1017704,37.3911242,209012.14,432425.2945
2060002901,서울T/G,104,도로시설물,0,무,127.1032991,37.3646638,209150.7308,429488.7392
2060004100,판교IC 남측(연결로),108,IC 및 JC,0,무,127.1010268,37.395351,208945.7925,432894.3369
2060004800,판교IC 북측(본선),108,IC 및 JC,0,무,127.1001876,37.3994261,208871.006,433346.5326
2060004900,판교JC 남측(경부선 본선),108,IC 및 JC,0,무,127.0983046,37.4022192,208703.9491,433656.3458
2060055700,고기JCT,108,IC 및 JC,0,무,127.06266,37.3636264,205550.8017,429370.4373
2060055800,-,101,도로교차점,0,무,127.0624583,37.3671201,205532.6794,429758.1703
2060056000,하산운터널,103,속성변화점,0,무,127.0627825,37.3691746,205561.2397,429986.2116
2060056100,하산운터널,103,속성변화점,0,무,127.068706,37.3836577,206084.7725,431593.9832
2060056200,서판교IC,108,IC 및 JC,0,무,127.0694949,37.3858606,206154.4612,431838.5186
2060056500,서판교IC,108,IC 및 JC,0,무,127.0704714,37.391326,206240.4884,432445.1611
2060056600,운중터널,103,속성변화점,0,무,127.0712221,37.39553,206306.6142,432911.7855
2070005600,의정부IC,108,IC 및 JC,0,무,127.0533723,37.6940546,204707.2307,466043.3598
2070006000,의정부IC,108,IC 및 JC,0,무,127.0481669,37.6972156,204247.9529,466393.9553
2080000300,산본IC 동측(본선),108,IC 및 JC,0,무,126.9373006,37.3770083,194446.6943,430855.627
2080000400,광명역IC 남측(서해안선 목포방,108,IC 및 JC,0,무,126.8772822,37.403189,189134.6303,433766.5131
2080000500,광명역IC 북측(성산대교방향),108,IC 및 JC,0,무,126.8819269,37.4052555,189546.1531,433995.3427
2080002400,일직JC 동측(석수IC),108,IC 및 JC,0,무,126.8988939,37.4235989,191050.5502,436029.4455
2080002900,석수역,105,행정경계,0,무,126.9031359,37.4342109,191427.2376,437206.8285
2080024800,-,101,도로교차점,0,무,126.902074,37.423708,191332.0466,436041.2567
2080024900,-,101,도로교차점,0,무,126.907032,37.424032,191770.9412,436076.7719
2090001700,평촌IC,108,IC 및 JC,0,무,126.961496,37.3808904,196589.8641,431285.3313
2100002200,송내IC 북측(본선),108,IC 및 JC,0,무,126.7462161,37.4920427,177556.6488,443651.2216
2100003800,없음,105,행정경계,0,무,126.7499264,37.5147652,177891.4662,446172.2471
2100028200,중동IC진출,101,도로교차점,0,무,126.7474719,37.502103,177670.6945,444767.4832
2100028300,중동IC진입,101,도로교차점,0,무,126.7488553,37.5092584,177795.1463,445561.3201
2110007800,시계(경인로),105,행정경계,0,무,126.8229581,37.4885743,184342.6003,443250.7468
2110014800,서울-부천경계,105,행정경계,0,무,126.8231868,37.4761604,184360.2385,441872.9278
2110015600,서울-부천경계,105,행정경계,0,무,126.8160144,37.4739971,183725.3457,441634.0459
2120000900,부천IC 동측(본선),108,IC 및 JC,0,무,126.7803329,37.5240441,180582.0577,447195.382
2120001100,부천IC 서측(본선),108,IC 및 JC,0,무,126.7745901,37.5242272,180074.4609,447216.9058
2120001200,서운JC 동측(경인선 본선),108,IC 및 JC,0,무,126.7618995,37.5241348,178952.6183,447209.4172
2120002400,오정교차로,101,도로교차점,0,무,126.7895074,37.53207,181395.0523,448084.3068
2120002500,서울강서-경기부천 경계,105,행정경계,0,무,126.7943372,37.5357128,181822.8272,448487.6668
2120002700,서울강서-경기부천 경계,105,행정경계,0,무,126.7982544,37.5386764,182169.7475,448815.8434
2120002900,아시아나타운입구,101,도로교차점,0,무,126.8008365,37.5406513,182398.4254,449034.5512
2120003000,서울시계,105,행정경계,0,무,126.80284,37.5420914,182575.8223,449194.0077
2120003100,오쇠삼거리,101,도로교차점,0,무,126.8089592,37.5425641,183116.715,449245.3575
2120003200,6번국도 서울강서-경기부천 경계,105,행정경계,0,무,126.8095082,37.5429117,183165.3167,449283.8413
2120003300,39번국도 서울강서-부천경계,105,행정경계,0,무,126.7674215,37.5517499,179448.3307,450273.1431
2120011700,-,105,행정경계,0,무,126.8256446,37.5237607,184587.4247,447155.538
2120012700,대장마을길삼거리,101,도로교차점,0,무,126.8021172,37.5415685,182511.8235,449136.1116
2130000100,일직JC남측(서해안선 본선),108,IC 및 JC,0,무,126.8937232,37.4191776,190592.3029,435539.2503
2130000300,일직JC서측(제2경인선 본선),108,IC 및 JC,0,무,126.8897233,37.4246321,190238.9364,436145.021
2130000400,일직JC북측(서해안선 본선),108,IC 및 JC,0,무,126.895885,37.4282068,190784.7774,436541.1435
2130000500,광명터널,104,도로시설물,0,무,126.8630609,37.4352179,187880.6414,437322.9928
2130000600,서해안선 서울금천-경기광명,105,행정경계,0,무,126.899777,37.4368781,191130.2818,437503.1663
2130000900,광명IC동측(본선),108,IC 및 JC,0,무,126.8550772,37.4385125,187174.6356,437689.707
2130001000,광명IC서측(본선),108,IC 및 JC,0,무,126.847918,37.4400293,186541.3281,437859.0502
2130001100,시흥대교 서단(광명),104,도로시설물,0,무,126.8931459,37.4519551,190545.3311,439177.1475
2130001200,시흥대교 서울금천-경기광명,105,행정경계,0,무,126.8943111,37.4523286,190648.4758,439218.4846
1230053300,송파세무서,101,도로교차점,0,무,127.1132924,37.527117,210014.3117,447519.799
1230053400,올림픽대교남단,108,IC 및 JC,0,무,127.106814,37.5271009,209441.6642,447517.337
1230053600,풍납사거리,101,도로교차점,1,유,127.1191341,37.5280028,210530.5508,447618.7499
1230053700,올림픽대로-강동대로램프(5),108,IC 및 JC,0,무,127.1100622,37.5280556,209728.6541,447623.6312
1230053900,올림픽대교남단분기점_강동대로_,101,도로교차점,0,무,127.109719,37.5282505,209698.2943,447645.2316
1230054000,올림픽대교남단,108,IC 및 JC,0,무,127.1065553,37.5273426,209418.7684,447544.1435
1230054100,올림픽대로-강동대로램프(1),108,IC 및 JC,0,무,127.1098954,37.5285964,209713.8433,447683.637
1230054200,송파구-광진구경계(2),105,행정경계,0,무,127.098928,37.5286589,208744.4097,447689.4978
1230054300,올림픽대교남단분기점_아산병원,101,도로교차점,0,무,127.1088492,37.528572,209621.3719,447680.8206
1230054400,올림픽대교남단분기점_강동대로_,101,도로교차점,0,무,127.1091239,37.5285942,209645.6474,447683.3149
1230054500,올림픽대교남단분기점_강동대로_,101,도로교차점,0,무,127.1095094,37.5286148,209679.7258,447685.6433
1230054600,올림픽대교남단,101,도로교차점,0,무,127.1091092,37.5289469,209644.3051,447722.4557
1230054700,올림픽대교남단분기점_아산병원,101,도로교차점,0,무,127.1092719,37.5290274,209658.6779,447731.4097
1230054800,풍납2동사무소,101,도로교차점,1,유,127.1159072,37.5293827,210245.131,447771.547
1230054900,(주)대종프라자,101,도로교차점,1,유,127.1200993,37.5296781,210615.63,447804.7898
1230055000,올림픽대교남단,108,IC 및 JC,0,무,127.1099523,37.5306543,209718.6071,447912.0408
1230055100,올림픽대로-광나룻길램프(5),108,IC 및 JC,0,무,127.1081707,37.5299477,209561.222,447833.4363
1230055200,강동구청역,101,도로교차점,1,유,127.120606,37.5306698,210660.2785,447914.9228
1230055300,올림픽대로-광나룻길램프(3),108,IC 및 JC,0,무,127.1070429,37.5308587,209461.4235,447934.4273
1230055500,칼라하우스106,101,도로교차점,1,유,127.1118872,37.531171,209889.5633,447969.5881
1230055600,올림픽대로램프(3),108,IC 및 JC,0,무,127.1088876,37.5302548,209624.5475,447867.5907
1230055800,올림픽대로-광나룻길램프(2),108,IC 및 JC,0,무,127.1057404,37.5322885,209346.1149,448092.9936
1230056000,올림픽대로-광나룻길램프(1),108,IC 및 JC,0,무,127.1099342,37.5335901,209716.6227,448237.8758
1230056100,영파여중고교,101,도로교차점,1,유,127.1214589,37.5330498,210735.3277,448179.1627
1230056200,풍납제1경노당,101,도로교차점,0,무,127.1198538,37.5335089,210593.3895,448229.9386
1230056300,송파구-광진구경계(3),105,행정경계,0,무,127.1035266,37.5343372,209150.1947,448320.1506
1230056400,성광빌딩,101,도로교차점,0,무,127.1148834,37.5349478,210153.8826,448389.0858
1230056500,올림픽대로-일반국도43호선램프(2),108,IC 및 JC,0,무,127.1135878,37.53703,210039.0926,448620.0491
1230056600,올림픽대로-일반국도43호선램프(1),108,IC 및 JC,0,무,127.1133333,37.5372311,210016.5744,448642.3446
1230056700,천호대로_올림픽로_진입,101,도로교차점,0,무,127.1231991,37.5382128,210888.3842,448752.3911
1230056800,올림픽로_천호대로_진출,101,도로교차점,0,무,127.1233126,37.5381317,210898.4221,448743.411
1230056900,올림픽대로-일반국도43호선램프(4),108,IC 및 JC,0,무,127.1162142,37.5388538,210270.968,448822.7482
1230057000,천호사거리,101,도로교차점,1,유,127.1234191,37.5386612,210907.7573,448802.1867
1230057100,천호대로_올림픽로_진출,101,도로교차점,0,무,127.1228288,37.5388081,210855.5694,448818.4239
1230057200,풍납토성앞,101,도로교차점,0,무,127.1223775,37.5389655,210815.6627,448835.8463
1230057400,올림픽대로-일반국도43호선램프(3),108,IC 및 JC,0,무,127.1157174,37.5395156,210226.97,448896.151
1230057500,천호지하차도(북측),104,도로시설물,0,무,127.1206913,37.5400062,210666.4844,448951.1571
1230057600,풍납1동사무소,101,도로교차점,0,무,127.1205661,37.5398627,210655.446,448935.214
1230057700,천호대교남단,108,IC 및 JC,0,무,127.119719,37.5403454,210580.512,448988.6945
1230057800,풍납동토성,101,도로교차점,0,무,127.118411,37.5404969,210464.8888,449005.3633
1230057900,천호대교남단,108,IC 및 JC,0,무,127.1196304,37.5407181,210572.6253,449030.0506
1230058000,올림픽대로-일반국도43호선램프(7),108,IC 및 JC,0,무,127.1181487,37.5404967,210441.7049,449005.3092
1230058100,천호대교남단,108,IC 및 JC,0,무,127.1159521,37.5417467,210247.4066,449143.7975
1230058200,천호대교남단,108,IC 및 JC,0,무,127.1159662,37.5418575,210248.6368,449156.1037
1230058300,송파구-광진구경계(4),105,행정경계,0,무,127.1109771,37.5432218,209807.5459,449306.9893
1230058400,마천터널(서측),104,도로시설물,1,유,127.1499323,37.5041728,213257.0964,444977.806
1230058500,송파구-하남시경계(8),105,행정경계,0,무,127.149551,37.5042865,213223.3619,444990.3737
1230058600,잠실철교남단,108,IC 및 JC,0,무,127.1009147,37.522419,208920.7587,446997.1278
1230058700,풍납종합사회복지관,101,도로교차점,0,무,127.1134035,37.5272176,210024.1117,447530.9762
1230058800,한가람로20길_올림픽대로_진입,108,IC 및 JC,0,무,127.1183914,37.5407127,210463.1247,449029.3103
1240000700,천호대교남단,105,행정경계,0,무,127.1182673,37.5411587,210452.0969,449078.7989
1240001000,상일IC서측,108,IC 및 JC,0,무,127.1748444,37.5474642,215450.9104,449786.4222
1240001100,상일IC동측,108,IC 및 JC,0,무,127.182632,37.5493382,216138.6941,449995.7256
1240001200,암사역입구(올림픽대로),108,IC 및 JC,0,무,127.1230633,37.5514363,210874.46,450220.0307
1240001300,상일IC북측,108,IC 및 JC,0,무,127.1770804,37.5540195,215647.1284,450514.3496
1240001400,토끼굴입구,101,도로교차점,1,유,127.1250784,37.5547957,211052.0263,450593.1169
1240001500,토끼굴입구(올림픽대로),108,IC 및 JC,0,무,127.1336142,37.5649436,211804.6551,451720.4546
1240001600,강일IC남측,108,IC 및 JC,0,무,127.1688785,37.5691101,214919.3862,452187.9
1240001700,강일IC서측(올림픽대로),108,IC 및 JC,0,무,127.1605413,37.5711606,214182.4608,452414.1894
1240001800,강일IC북측,108,IC 및 JC,0,무,127.1637916,37.5745163,214468.9436,452787.126
1240001900,강일IC동측(올림픽대로),108,IC 및 JC,0,무,127.168986,37.5751998,214927.666,452863.8065
1240002400,호원아트홀,101,도로교차점,0,무,127.1301132,37.5266068,211501.2389,447465.0897
1240002700,강동구청,101,도로교차점,1,유,127.1233118,37.5297322,210899.5752,447811.1654
1240002900,농협입구,101,도로교차점,0,무,127.1318264,37.5301479,211652.1222,447858.3275
1240003300,길동생태공원,101,도로교차점,1,유,127.1532913,37.5403019,213547.5707,448988.167
1240003400,천호시장,101,도로교차점,0,무,127.1278318,37.5403753,211297.4944,448992.9578
1240003700,광진교남단,101,도로교차점,1,유,127.124353,37.5412694,210989.9156,449091.7799
1240003900,강동구-하남시경계,105,행정경계,0,무,127.1669843,37.5446533,214756.8683,449473.186
1240004000,천호동공원,101,도로교차점,0,무,127.1258734,37.5454766,211123.6628,449558.9027
1240004200,한강공원광나루지구,101,도로교차점,1,유,127.1219249,37.5460537,210774.6436,449622.4966
1240004400,굽은다리역,101,도로교차점,1,유,127.1432156,37.546388,212656.0659,449662.2448
1240004500,대명초교,101,도로교차점,0,무,127.1525208,37.5466027,213478.3345,449687.3719
1240004700,천호초교입구,101,도로교차점,0,무,127.1346214,37.5471085,211896.4765,449741.0996
1240004800,신암초교,101,도로교차점,0,무,127.1267398,37.5478965,211199.8629,449827.5876
1240005300,암사역,101,도로교차점,0,무,127.1275161,37.5501449,211268.1256,450077.2225
1240005500,명일역,101,도로교차점,1,유,127.1440086,37.5508639,212725.3869,450159.1333
1240005600,고덕자이아파트,101,도로교차점,1,유,127.1727721,37.5510438,215267.0461,450183.3717
1240005700,신한은행암사지점,101,도로교차점,0,무,127.1279966,37.551448,211310.3928,450221.9058
1240005800,서울고현초교,101,도로교차점,0,무,127.1652042,37.5534551,214597.8425,450449.7988
1240005900,강명교(서측),101,도로교차점,0,무,127.1721554,37.5537289,215212.0126,450481.2931
1240006000,배재고교,101,도로교차점,0,무,127.1502003,37.5547104,213271.8401,450586.9036
1240006300,선사사거리,101,도로교차점,0,무,127.1292203,37.5547829,211418.0119,450592.1909
1240006400,고덕역,101,도로교차점,0,무,127.153335,37.5549342,213548.7789,450612.1818
1240006600,배재중학교,101,도로교차점,0,무,127.1489627,37.5562905,213162.1992,450762.0952
1240006700,상일동역,101,도로교차점,0,무,127.1654277,37.5566264,214616.973,450801.8177
1240007000,고덕천교차로,101,도로교차점,1,유,127.1713133,37.5573107,215136.8708,450878.6981
1240007200,암사정수센터,101,도로교차점,0,무,127.1441923,37.558691,212740.2872,451027.8697
1240007300,묘곡초교,101,도로교차점,0,무,127.1515516,37.5587955,213390.5071,451040.491
1240007400,고덕아파트,101,도로교차점,0,무,127.1488072,37.558806,213148.0248,451041.2629
1240007700,고덕시영아파트,101,도로교차점,0,무,127.1468466,37.5607155,212974.4578,451252.93
1240007800,강일동입구,101,도로교차점,0,무,127.170425,37.561758,215057.4956,451372.147
1240007900,고덕근린공원,101,도로교차점,0,무,127.1510283,37.5618094,213343.7286,451374.925
1240008000,동명근린공원,101,도로교차점,0,무,127.1660287,37.5624603,214668.9318,451449.3999
1240008300,둔촌주공아파트(435동),101,도로교차점,0,무,127.1397464,37.5213692,212353.6221,446885.0032
1240008600,둔촌1파출소,101,도로교차점,0,무,127.13684,37.5230833,212096.4149,447074.8774
1240008800,방아삼거리,101,도로교차점,1,유,127.1464463,37.5235899,212945.5101,447132.3758
1240008900,한전강동지점앞,101,도로교차점,1,유,127.1347189,37.5236789,211908.8213,447140.7103
1240009300,둔촌주공아파트(302동),101,도로교차점,0,무,127.1376428,37.5250892,212167.0552,447297.6085
1240009400,둔촌주공아파트(411동),101,도로교차점,0,무,127.1412063,37.525371,212482.0078,447329.3537
1240009500,광남캐스빌,101,도로교차점,0,무,127.1296311,37.5255989,211458.7732,447353.1707
1240009600,농협하나로마트앞,101,도로교차점,1,유,127.1354363,37.5256103,211971.9246,447355.1555
1240009700,보훈병원,101,도로교차점,1,유,127.1473699,37.5258691,213026.7546,447385.4638
1240009800,둔촌주공아파트(103동),101,도로교차점,0,무,127.1357145,37.526343,211996.3986,447436.515
1240009900,신성아파트,101,도로교차점,0,무,127.1447339,37.5265625,212793.6312,447462.0712
1240010000,둔촌종합시장,101,도로교차점,1,유,127.1342934,37.5266986,211870.7302,447475.8053
1240010100,성내선광아파트,101,도로교차점,0,무,127.1266267,37.5268032,211193.0207,447486.4769
1240010200,대홍주택,101,도로교차점,0,무,127.132992,37.5270148,211755.6407,447510.7304
1240010400,한산초교,101,도로교차점,0,무,127.1419517,37.5273335,212547.5682,447547.2672
1240010500,미주APT,101,도로교차점,0,무,127.128229,37.5274634,211334.5511,447559.943
1240010600,보훈병원,101,도로교차점,1,유,127.1481201,37.5276929,213092.751,447587.9892
1240010700,큰별어린이집,101,도로교차점,1,유,127.1306765,37.5277576,211550.8484,447592.8837
1240010800,성내중학교정문,101,도로교차점,1,유,127.1286525,37.5283105,211371.8574,447654.0026
1240010900,예은빌딩앞,101,도로교차점,0,무,127.1224928,37.5286317,210827.3438,447688.9276
1240011000,둔촌동역,101,도로교차점,1,유,127.1366413,37.528801,212077.9257,447709.4465
1240011100,강동소방서,101,도로교차점,1,유,127.1244783,37.5291803,211002.7629,447750.0465
1240011200,이종원내과,101,도로교차점,0,무,127.1432784,37.5292343,212664.5143,447758.4051
1240011600,청구아파트,101,도로교차점,0,무,127.1339363,37.5295617,211838.7068,447793.5309
1240011700,보훈병원입구,101,도로교차점,0,무,127.142956,37.5297258,212635.9392,447812.9094
1240011900,호성빌딩(뉴코아슈퍼마켓),101,도로교차점,1,유,127.1250425,37.5299553,211052.5267,447836.1245
1240012000,강동농협둔촌지소,101,도로교차점,0,무,127.1310956,37.530355,211587.4932,447881.214
1240012100,국민은행,101,도로교차점,0,무,127.1218079,37.5304438,210766.5486,447889.9726
1240012200,강동구청역,101,도로교차점,1,유,127.1210628,37.5305852,210700.6672,447905.583
1240012300,성일초교,101,도로교차점,0,무,127.1298174,37.5307092,211474.4607,447920.371
1240012400,우성빌딩,101,도로교차점,0,무,127.1228744,37.5309529,210860.7404,447946.5935
1240012500,온누리건강원,101,도로교차점,1,유,127.1233509,37.5312956,210902.8093,447984.6936
1240012600,삼성A상가,101,도로교차점,0,무,127.1270594,37.5314661,211230.5696,448004.047
1240012700,강동 삼성아파트,101,도로교차점,0,무,127.126865,37.531517,211213.3778,448009.6703
1240012800,성진빌딩,101,도로교차점,0,무,127.1221367,37.5319859,210795.3882,448061.1583
1240012900,성내초교,101,도로교차점,0,무,127.124098,37.5322961,210968.6907,448095.8188
1240013000,성내초교,101,도로교차점,0,무,127.1226797,37.5327052,210843.2779,448141.0627
1240013400,길동사거리앞,101,도로교차점,1,유,127.1407059,37.5337287,212436.3901,448256.8811
1240013600,길동사거리,101,도로교차점,1,유,127.138575,37.5339553,212248.0064,448281.752
1240013900,길동시장,101,도로교차점,1,유,127.1364867,37.534587,212063.3269,448351.6021
1240014400,동우빌딩-국민은행,101,도로교차점,1,유,127.1389661,37.5350228,212282.4023,448400.2856
1240014500,둔촌고교,101,도로교차점,0,무,127.1453053,37.5352443,212842.6483,448425.7209
1240014600,강동성심병원,101,도로교차점,1,유,127.1342906,37.5352761,211869.1223,448427.8023
1240014700,현대타워,101,도로교차점,1,유,127.1336205,37.535501,211809.8555,448452.6732
1240015000,길동현대아파트(101동),101,도로교차점,1,유,127.1469076,37.5358647,212984.1565,448494.7993
1240015100,강동한시휴플러스,101,도로교차점,1,유,127.137016,37.5359453,212109.8936,448502.4149
1240015200,길성빌딩,101,도로교차점,0,무,127.1457571,37.536686,212882.3358,448585.7941
1240015300,강동성심병원앞사거리,101,도로교차점,1,유,127.1350418,37.5368057,211935.2683,448597.6651
1240015400,산경빌딩,101,도로교차점,1,유,127.1288632,37.53697,211389.1672,448615.1277
1240015500,마루빌딩,101,도로교차점,1,유,127.1397062,37.5369815,212347.4899,448617.7735
1240015600,길동탑스위트앞,101,도로교차점,0,무,127.1375876,37.5374798,212160.1645,448672.807
1240015900,천호신사거리,101,도로교차점,1,유,127.1265354,37.5377306,211183.3209,448699.2653
1240016000,삼성APT,101,도로교차점,0,무,127.1355947,37.5379541,211983.9517,448725.1946
1240016100,천호지하차도(남측),104,도로시설물,0,무,127.1258469,37.5379288,211122.4418,448721.1846
1240016300,길동생태공원앞,101,도로교차점,1,유,127.1523844,37.5381897,213467.7986,448753.6134
1240016400,올림픽로_천호대로_진입,101,도로교차점,0,무,127.124231,37.5383593,210979.5606,448768.7697
1240016500,천호대로_올림픽로_진출,101,도로교차점,0,무,127.1239966,37.5385319,210958.8187,448787.9001
1240016900,천호대로_올림픽로_진입,101,도로교차점,0,무,127.1236243,37.5390698,210925.8352,448847.5582
1240017000,올림픽로_천호대로_진출,101,도로교차점,0,무,127.1235012,37.5391221,210914.9487,448853.3568
1240017100,신명초교,101,도로교차점,0,무,127.1487554,37.5405621,213146.6463,449016.4044
1240017200,신명초교입구,101,도로교차점,0,무,127.1470074,37.5406561,212992.1514,449026.5909
1240017300,천동초교입구,101,도로교차점,1,유,127.1412376,37.5410028,212482.166,449064.2941
1240017400,천동초교,101,도로교차점,0,무,127.13894,37.5411125,212279.095,449076.1651
1240017600,대동피렌체상가,101,도로교차점,1,유,127.1239585,37.5414191,210955.0292,449108.3384
1240017700,임마누엘교회,101,도로교차점,0,무,127.147435,37.5420322,213029.7002,449179.388
1240017800,올림픽대로-일반국도43호선램프(10),108,IC 및 JC,0,무,127.1193551,37.5429706,210547.9831,449280.0176
1240017900,올림픽대로-즈믄길램프,108,IC 및 JC,0,무,127.1202649,37.5431238,210628.358,449297.1205
1240018000,올림픽대로-구천면길램프(5),108,IC 및 JC,0,무,127.1177651,37.5433963,210407.4075,449327.0864
1240018100,천일초교,101,도로교차점,0,무,127.1326691,37.5444905,211724.3607,449450.2855
1240018200,올림픽대로-구천면길램프(1),108,IC 및 JC,0,무,127.1211432,37.5447471,210705.7476,449477.389
1240018300,올림픽대로-구천면길램프(4),108,IC 및 JC,0,무,127.1200789,37.5446471,210611.7099,449466.169
1240018400,구강사,101,도로교차점,0,무,127.1286347,37.545066,211367.7414,449513.6589
1240018500,금호아파트,101,도로교차점,0,무,127.1427239,37.5450876,212612.8373,449517.8569
1240018600,상일초교,101,도로교차점,1,유,127.1702153,37.5456437,215042.2049,449583.613
1240018800,동아아파트앞,101,도로교차점,0,무,127.1670493,37.5457018,214762.4075,449589.5661
1240018900,초이농협입구,101,도로교차점,1,유,127.1709255,37.5459215,215104.9113,449614.5693
1240019100,강동구민회관,101,도로교차점,0,무,127.1415582,37.5460903,212509.6496,449628.9822
1240019300,대명초교입구,101,도로교차점,1,유,127.1559547,37.5462331,213781.8597,449646.8485
1240019400,올림픽대로-구천면길램프(2),108,IC 및 JC,0,무,127.1220959,37.5478017,210789.496,449816.5207
1240019600,대명초교입구,101,도로교차점,0,무,127.1488146,37.5467051,213150.8017,449698.2088
1240019800,상일IC입구,101,도로교차점,0,무,127.173568,37.5469566,215338.2191,449729.8749
1240020000,올림픽대로-구천면길램프(3),108,IC 및 JC,0,무,127.1217278,37.5477735,210756.9727,449813.3495
1240020300,서흥빌딩,101,도로교차점,0,무,127.1281495,37.5476161,211324.4819,449796.6313
1240020500,임광그대가아파트상가,101,도로교차점,0,무,127.1229661,37.5487643,210866.2558,449923.4607
1240020600,명일여고앞,101,도로교차점,0,무,127.149366,37.549153,213199.0964,449969.98
1240020700,고덕삼환아파트,101,도로교차점,0,무,127.1526462,37.5491708,213488.9562,449972.4196
1240020800,브라운스톤암사,101,도로교차점,0,무,127.1296523,37.5492272,211457.0384,449975.6223
1240020900,한영중고교앞,101,도로교차점,1,유,127.1561701,37.5491808,213800.3551,449974.0374
1240021000,한강공원광나루지구,108,IC 및 JC,0,무,127.123049,37.550427,210873.3389,450108.0024
1240021100,명일동사무소,101,도로교차점,0,무,127.1459408,37.5504179,212896.2051,450109.896
1240021200,한국시각장애인복지관,101,도로교차점,0,무,127.1685688,37.5504307,214895.7445,450114.6592
1240021300,강동고교입구,101,도로교차점,0,무,127.1652993,37.5504983,214606.8189,450121.6443
1240021400,암사2동사무소,101,도로교차점,0,무,127.1265871,37.5505428,211185.9723,450121.2757
1240021500,탐진빌딩,101,도로교차점,0,무,127.1296898,37.5505569,211460.1473,450123.216
1240021600,상일여중,101,도로교차점,0,무,127.1705959,37.5507349,215074.8149,450148.7376
1240021700,성덕여중교,101,도로교차점,0,무,127.1413613,37.5508136,212491.4595,450153.1889
1240021800,암사역입구,108,IC 및 JC,0,무,127.1239335,37.5516863,210951.3195,450247.8736
1240021900,경희대동서신의학병원,101,도로교차점,1,유,127.1563371,37.551714,213814.6426,450255.2239
1240022000,우성아파트,101,도로교차점,0,무,127.1527732,37.551901,213499.6847,450275.4558
1240022100,정암카공업사,101,도로교차점,0,무,127.1390111,37.5523628,212283.5323,450324.8289
1240022200,동신빌딩,101,도로교차점,1,유,127.1564182,37.552891,213821.5879,450385.8622
1240022300,고일초등학교,101,도로교차점,0,무,127.1682641,37.5535638,214868.1943,450462.3401
1240022400,암사육관문,101,도로교차점,0,무,127.1247254,37.5538619,211020.9712,450489.4387
1240022500,암사119안전센터,101,도로교차점,0,무,127.1288248,37.5537587,211383.2195,450478.4639
1240022600,삼성광나루아파트상가,101,도로교차점,0,무,127.1278371,37.5539957,211295.9069,450504.6577
1240022700,명일지구대,101,도로교차점,0,무,127.1565184,37.5542795,213830.1869,450539.9823
1240022800,은현빌딩,101,도로교차점,0,무,127.1558127,37.5543073,213767.8239,450542.9666
1240022900,이화빌딩-국민은행,101,도로교차점,0,무,127.1533383,37.5544236,213549.1619,450555.5178
1240023000,양지종합시장,101,도로교차점,1,유,127.1377901,37.5547494,212175.2509,450589.5451
1240023100,동부기술교육원,101,도로교차점,1,유,127.1444107,37.5547237,212760.2619,450587.5757
1240023200,삼익그린아파트,101,도로교차점,0,무,127.1489786,37.5547048,213163.8899,450586.1099
1240023300,삼익그린2차아파트,101,도로교차점,0,무,127.1465271,37.5547154,212947.2698,450586.9407
1240023400,삼성광나루아파트,101,도로교차점,0,무,127.1281326,37.5547894,211321.9018,450592.7862
1240023500,삼성광나루아파트(101동),101,도로교차점,0,무,127.1274028,37.5547992,211257.4095,450593.7784
1240023600,토끼굴입구(올림픽대로),108,IC 및 JC,1,유,127.1239331,37.5548297,210950.8229,450596.755
1240023700,E-마트,101,도로교차점,1,유,127.1565971,37.5553992,213836.9338,450664.2706
1240023800,선사초교,101,도로교차점,1,유,127.1295669,37.5557478,211448.488,450699.3209
1240023900,강일중,101,도로교차점,0,무,127.1351141,37.5566379,211938.4973,450798.8044
1240024000,명덕초교,101,도로교차점,0,무,127.1447154,37.5566196,212786.8579,450798.0416
1240024100,암사역입구(올림픽대로),108,IC 및 JC,0,무,127.125719,37.5570824,211108.2894,450846.9852
1240024200,(주)지에스교역,101,도로교차점,0,무,127.1687946,37.5570295,214914.3884,450847.0814
1240024300,현대타운,101,도로교차점,0,무,127.1379898,37.5571223,212192.5154,450852.9383
1240024400,고덕1동주민센터,101,도로교차점,0,무,127.1524636,37.5571313,213471.3904,450855.9173
1240024500,명일여중교,101,도로교차점,0,무,127.1488573,37.5575028,213152.6742,450896.6361
1240024600,고덕주공아파트복합상가,101,도로교차점,0,무,127.1652143,37.5575066,214597.9461,450899.469
1240024700,고덕아이파크,101,도로교차점,1,유,127.1567319,37.5575839,213848.4432,450906.7617
1240024800,고덕대우아파트(1동),101,도로교차점,0,무,127.1447177,37.5581492,212786.7983,450967.8066
1240024900,고덕아남아파트(1동),101,도로교차점,0,무,127.1457114,37.5589299,212874.4642,451054.5926
1240025000,강동 대우아파트,101,도로교차점,0,무,127.1449798,37.5594171,212809.7404,451108.5678
1240025100,암사IC,108,IC 및 JC,0,무,127.1269478,37.5596505,211216.4825,451132.1587
1240025200,암사재활원,101,도로교차점,0,무,127.1311667,37.559646,211589.2466,451132.1801
1240025300,고덕초교,101,도로교차점,0,무,127.166046,37.5600905,214670.9183,451186.3837
1240025400,고덕주공아파트2단지,101,도로교차점,0,무,127.1635309,37.5602839,214448.6679,451207.4578
1240025500,고덕중학교,101,도로교차점,0,무,127.1622233,37.5604612,214333.0977,451226.9312
1240025600,광문고교,101,도로교차점,1,유,127.156848,37.5605499,213858.1534,451235.9794
1240025700,고덕초교삼거리,101,도로교차점,0,무,127.1674388,37.5611825,214793.7624,451307.8057
1240025800,삼성공인중개사,101,도로교차점,0,무,127.1694626,37.5613358,214972.5439,451325.1315
1240025900,경일빌라,101,도로교차점,0,무,127.1658171,37.5614096,214650.4395,451332.7515
1240026000,동남빌라,101,도로교차점,0,무,127.1675364,37.5623461,214802.163,451436.9645
1240026100,삼도빌라,101,도로교차점,0,무,127.1643332,37.5625764,214519.1032,451462.0206
1240026200,양흥순복음교회,101,도로교차점,0,무,127.1625786,37.5627171,214364.0571,451477.3665
1240026400,샘터근린공원,101,도로교차점,1,유,127.1569586,37.5629539,213867.4772,451502.8106
1240026600,고덕차량기지,101,도로교차점,1,유,127.1723713,37.5630872,215229.1823,451519.9894
1240026800,강일동길삼거리,101,도로교차점,0,무,127.1786405,37.5631561,215783.0622,451528.6677
1240027300,올림픽대로-선사로램프(1),108,IC 및 JC,1,유,127.1339717,37.5646848,211836.2797,451691.775
1240027600,강일3.6단지,101,도로교차점,1,유,127.1751717,37.5648743,215476.2343,451718.7945
1240028600,강일4.5.7단지,101,도로교차점,1,유,127.1776052,37.5660164,215690.987,451845.9567
1240029400,강일1.3단지,101,도로교차점,0,무,127.1735622,37.5675748,215333.4813,452018.2537
1240029800,강일초등학교,101,도로교차점,0,무,127.176844,37.568348,215623.2536,452104.6139
1240029900,금화사,103,속성변화점,0,무,127.1720929,37.5693849,215203.306,452218.9141
1240030100,강일IC남측,108,IC 및 JC,0,무,127.1683076,37.5695763,214868.8634,452239.5556
1240030300,강일IC서측(올림픽대로),108,IC 및 JC,0,무,127.16065,37.571436,214192.0062,452444.7685
1240030400,강일IC(구리방향합류),108,IC 및 JC,0,무,127.1657496,37.5728097,214642.2441,452598.0197
1240030500,강일IC남측,108,IC 및 JC,0,무,127.1680363,37.5723392,214844.3473,452546.1569
1240030600,강일IC(하남방향진출),108,IC 및 JC,0,무,127.1653206,37.572919,214604.3225,452610.0841
1240030700,강일IC(하남방향진출),108,IC 및 JC,0,무,127.1653219,37.5726986,214604.4791,452585.6231
1240030800,강일IC서측(올림픽대로),108,IC 및 JC,0,무,127.1659748,37.5732095,214662.0636,452642.4336
1240030900,강일IC서측,108,IC 및 JC,0,무,127.1651625,37.573434,214590.2611,452667.2246
1240031000,강일IC(구리방향합류),108,IC 및 JC,0,무,127.1634753,37.5755389,214440.8054,452900.5752
1240031100,강일IC동측(올림픽대로),108,IC 및 JC,0,무,127.1691444,37.5755177,214941.596,452899.111
1240031200,올림픽대로램프(9),108,IC 및 JC,0,무,127.173827,37.5774485,215354.8445,453114.1591
1240031300,강동구-하남시경계(1),105,행정경계,0,무,127.1752355,37.5775339,215479.2474,453123.8788
1240031400,강동구-하남시경계(3),105,행정경계,0,무,127.1753612,37.5780317,215490.2519,453179.1429
1240032200,강동구-구리시경계(1),105,행정경계,0,무,127.1352362,37.5653164,211947.8999,451762.0362
1240032300,암사IC(남측),108,IC 및 JC,0,무,127.1374598,37.5631631,212144.7049,451523.3233
1240032400,올림픽대로-일반국도43호선램프(11),108,IC 및 JC,0,무,127.1204349,37.5446077,210643.1692,449461.833
1240032500,현대오일뱅크,101,도로교차점,0,무,127.1224345,37.5390637,210820.6809,448846.744
1240032600,올림픽로_천호대로_진입,101,도로교차점,0,무,127.1228909,37.5389045,210861.0436,448829.1278
1610000600,신불IC남측(본선 공항방향),101,도로교차점,0,무,126.488896,37.4515696,154776.0691,439251.6604
1610000800,신불IC 북측(본선 서울방향),108,IC 및 JC,0,무,126.48862,37.4618837,154757.867,440396.5306
1610002100,공항신도시IC 남측(본선 공항방,108,IC 및 JC,0,무,126.4871149,37.4826969,154637.2844,442707.262
1610002200,,108,IC 및 JC,0,무,126.4852916,37.4875836,154478.9837,443250.4982
1610002300,공항신도시IC 북측(본선 서울방,108,IC 및 JC,0,무,126.4917119,37.489293,155047.8321,443437.1403
1610002400,,104,도로시설물,0,무,126.4813012,37.4916162,154128.5337,443700.0086
1610003000,공항입구IC(본선),108,IC 및 JC,0,무,126.5124792,37.5072762,156894.807,445423.3523
1610003100,영종대교 서단(상하부도로 합류),104,도로시설물,0,무,126.5600365,37.5352787,161114.2442,448510.5795
1610017700,,104,도로시설물,0,무,126.5128999,37.4700657,156910.6335,441293.2409
1610018000,,108,IC 및 JC,0,무,126.510772,37.4721622,156723.6053,441526.9019
1610018100,,108,IC 및 JC,0,무,126.5020633,37.4776072,155956.4353,442135.2716
1610018200,,108,IC 및 JC,0,무,126.4941101,37.4822597,155255.7273,442655.3891
1610018300,,102,도로시.종점,0,무,126.489106,37.4851739,154814.8848,442981.2151
1610025700,-,101,도로교차점,0,무,126.5041984,37.5040693,156160.7575,445071.2417
1630000200,문학IC동측(본선),108,IC 및 JC,0,무,126.6799086,37.4351303,171671.2725,437352.5675
1630000500,제2경인고속도로시점,101,도로교차점,1,유,126.6319671,37.4464664,167433.2499,438626.2145
1630001200,인하대병원거리,101,도로교차점,1,유,126.6356843,37.4571431,167766.7619,439809.9068
1630001800,도화IC북측(법원고가교사거리),108,IC 및 JC,0,무,126.6727367,37.4630966,171047.3231,440458.6338
1630016200,학익JC,108,IC 및 JC,0,무,126.6544231,37.4368671,169416.4504,437553.2899
1640000100,,101,도로교차점,1,유,126.6668886,37.3927472,170502.3517,432652.6394
1640000200,,101,도로교차점,0,무,126.655236,37.4013591,169473.9848,433612.1372
1640016900,,108,IC 및 JC,0,무,126.6549571,37.4009234,169449.1104,433563.8691
1640017000,,104,도로시설물,0,무,126.6461244,37.4066728,168669.4328,434204.8758
1640017100,,108,IC 및 JC,0,무,126.6257777,37.4089961,166869.0435,434469.6802
1640017200,옥련IC,108,IC 및 JC,0,무,126.6354042,37.4218969,167726.846,435898.1527
1650000100,,101,도로교차점,1,유,126.6973871,37.3852635,173200.4004,431812.9538
1650000200,,101,도로교차점,0,무,126.6907492,37.3863842,172612.9435,431939.2362
1650000300,,101,도로교차점,1,유,126.6849201,37.3873664,172097.0881,432049.9627
1650001600,서창JC남측(영동선 본선),108,IC 및 JC,0,무,126.7377646,37.428388,176789.5734,436588.4462
1650001900,서창JC동측(제2경인선 본선),108,IC 및 JC,0,무,126.7432041,37.4327567,177272.3448,437071.9876
1650001901,남인천T/G,108,IC 및 JC,0,무,126.764195,37.4319531,179129.9168,436977.9491
1650002000,서창JC서측(제2경인선 본선),108,IC 및 JC,0,무,126.7334873,37.4330855,176412.4594,437110.865
1650002100,남동IC서측(본선),108,IC 및 JC,0,무,126.709172,37.4337014,174260.6569,437185.5875
1650002200,남동IC동측(본선),108,IC 및 JC,0,무,126.7181794,37.433853,175057.8946,437199.9908
1650002300,서창JC입구,108,IC 및 JC,0,무,126.7398816,37.4384076,176980.018,437699.9661
1650032700,,103,속성변화점,0,무,126.7142328,37.3823264,174691.2814,431482.3284
1650032800,,104,도로시설물,0,무,126.7025016,37.3842739,173652.9977,431701.6834
1660000100,장수IC 북측(본선),108,IC 및 JC,0,무,126.7546986,37.4685735,178300.0077,441044.4598
1660000700,송내IC남측(본선),108,IC 및 JC,0,무,126.7478726,37.4855866,177701.2169,442934.2778
1660001600,서운JC서측(본선),108,IC 및 JC,0,무,126.7528912,37.5240582,178156.2893,447202.9734
1660001601,인천T/G,108,IC 및 JC,0,무,126.7486889,37.5240057,177784.8007,447198.1204
1660001602,중동IC,108,IC 및 JC,0,무,126.7502451,37.5163862,177920.1212,446352.0937
1660001700,부평IC서측(본선),108,IC 및 JC,0,무,126.719944,37.5237926,175243.7615,447181.6497
1660027100,,108,IC 및 JC,0,무,126.7547165,37.4685792,178301.5987,441045.0866
1670000100,부평IC동측(본선),108,IC 및 JC,0,무,126.7246732,37.5238569,175661.8315,447187.5501
1670000200,서운JC남측(본선),108,IC 및 JC,0,무,126.7516862,37.5243863,178049.8639,447239.6684
1670001500,서운JC북측(본선),108,IC 및 JC,0,무,126.7519534,37.5329743,178076.0017,448192.7627
1670001600,계양IC남측(본선),108,IC 및 JC,0,무,126.7496585,37.5411525,177875.5787,449100.9879
1670001900,계양IC북측(본선),108,IC 및 JC,0,무,126.7480584,37.5466188,177735.7872,449708.0614
1670002000,39번국도 서울강서-인천 경계,105,행정경계,0,무,126.769359,37.5571337,179621.0031,450870.2512
1670002200,노오지JC 남측(서울외곽순환),108,IC 및 JC,0,무,126.7525788,37.5667361,178141.1355,451939.7836
1670002300,노오지JC 서측(인천국제공항),108,IC 및 JC,0,무,126.7504371,37.57067,177953.0893,452376.897
1670002400,노오지JC 북측(서울외곽순환),108,IC 및 JC,0,무,126.753666,37.5720513,178238.7345,452529.4544
1220059800,올림픽대로-언주로램프(1),108,IC 및 JC,0,무,127.0340231,37.5302271,203007.2943,447859.4935
1220059900,한양아파트11동,101,도로교차점,0,무,127.0401248,37.5310132,203546.589,447946.9482
1220060000,구정고교,101,도로교차점,0,무,127.0317748,37.5310444,202808.5364,447950.1292
1220060100,동호대교남단,101,도로교차점,1,유,127.0245727,37.5312141,202171.9476,447968.7824
1220060200,한양아파트3동,101,도로교차점,0,무,127.037904,37.5315336,203350.2678,448004.6275
1220060300,한양아파트41동,101,도로교차점,0,무,127.0364314,37.5318773,203220.0925,448042.7275
1220060400,성수대교남단,108,IC 및 JC,0,무,127.0381012,37.5318789,203367.6816,448042.9569
1220060500,성수대교남단,108,IC 및 JC,0,무,127.0397706,37.5317213,203515.243,448025.5277
1220060600,신사시장,101,도로교차점,0,무,127.0271279,37.5321683,202397.77,448074.7482
1220060700,동호대교남단,108,IC 및 JC,0,무,127.024661,37.5321845,202179.7264,448076.4768
1220060800,올림픽대로-언주로램프(11),108,IC 및 JC,0,무,127.0351566,37.5323736,203107.3959,448097.7686
1220061000,동호대교남단,108,IC 및 JC,0,무,127.0229085,37.5333943,202024.7899,448210.7121
1220061100,동호대교남단,108,IC 및 JC,0,무,127.0231311,37.5334873,202044.4673,448221.0438
1220061200,압구정현대아파트77동,101,도로교차점,0,무,127.0295125,37.5327935,202608.511,448144.2015
1220061300,현대아파트우체국입구,101,도로교차점,0,무,127.0315826,37.533054,202791.4707,448173.1734
1220061500,올림픽대로-언주로램프(13),108,IC 및 JC,0,무,127.0343117,37.5323113,203032.7205,448090.8189
1220061600,올림픽대로-언주로램프(14),108,IC 및 JC,0,무,127.0341815,37.5323577,203021.21,448095.9716
1220061700,동호대교남단,108,IC 및 JC,0,무,127.0265039,37.5338078,202342.5634,448256.6909
1220061800,올림픽대로-언주로램프(9),108,IC 및 JC,0,무,127.0316908,37.5335931,202801.0142,448233.0073
1220061900,올림픽대로-언주로램프(4),108,IC 및 JC,0,무,127.0365591,37.5332577,203231.317,448195.9318
1220062100,올림픽대로-언주로램프(8),108,IC 및 JC,0,무,127.0299166,37.5342484,202644.177,448305.6887
1220062200,올림픽대로-언주로램프(7),108,IC 및 JC,0,무,127.0330525,37.5343987,202921.3432,448322.4524
1220062300,올림픽대로-언주로램프(5),108,IC 및 JC,0,무,127.0348332,37.535706,203078.6774,448467.6097
1220062400,올림픽대로-언주로램프(6),108,IC 및 JC,0,무,127.0346974,37.5357128,203066.6714,448468.3559
1220062500,강남구-성동구경계(1),105,행정경계,0,무,127.0219607,37.5349379,201940.9752,448382.016
1220062600,강남구-성동구경계(2),105,행정경계,0,무,127.0352641,37.5388325,203116.6314,448814.6311
1220062700,자곡IC진출입_차선변화점,103,속성변화점,0,무,127.1124764,37.4807671,209948.3243,442375.4698
1220062900,동부간선-밤고개로서20램프(3),108,IC 및 JC,0,무,127.108953,37.4851458,209636.1252,442861.0819
1220063000,동부간선-밤고개로서20램프(4),108,IC 및 JC,0,무,127.1082135,37.4863101,209570.5757,442990.227
1220063100,은곡교,101,도로교차점,0,무,127.0932834,37.4644383,208252.5349,440561.331
1220063200,휘여울소교,101,도로교차점,0,무,127.0953399,37.4651148,208434.3981,440636.5964
1220063300,세곡리엔파크2단지아파트삼거리,101,도로교차점,1,유,127.1037226,37.4651755,209175.9763,440644.1233
1220063400,세곡1교(서측),104,도로시설물,0,무,127.1000376,37.4655348,208849.9387,440683.648
1220063500,탄천제2호공영주차장앞,103,속성변화점,0,무,127.0867241,37.4938533,207669.2479,443825.4495
1220063600,탄천물재생센터삼거리,101,도로교차점,0,무,127.0858041,37.4957046,207587.7019,444030.8506
1220063700,남부순환로탄천IC진입,101,도로교차점,0,무,127.0885843,37.496731,207833.4468,444144.9935
1220063800,현대3차아파트63동,102,도로시.종점,0,무,127.0335798,37.5325755,202968.0161,448120.1201
1220063900,현대3차아파트95동,102,도로시.종점,0,무,127.0350644,37.5322339,203099.256,448082.2596
1220064000,영동대로_올림픽대로_진출,108,IC 및 JC,0,무,127.0553643,37.5232988,204894.0876,447091.436
1220064100,올림픽대로_동부간선도로_진입,108,IC 및 JC,0,무,127.06659,37.5165098,205886.9548,446338.5817
1220064200,영동대로_양재대로_진입,101,도로교차점,0,무,127.0746468,37.485687,206601.9384,442918.1799
1220064300,양재대로_광평로_진출,101,도로교차점,0,무,127.0747338,37.485604,206609.6357,442908.9739
1220064400,삼성의료원본관,101,도로교차점,0,무,127.0846874,37.4873528,207489.7882,443103.8218
1220064500,수서아파트6단지601동,101,도로교차점,0,무,127.1038046,37.4878565,209180.451,443161.4128
1230000100,동부간선도로-헌릉로램프(3),108,IC 및 JC,0,무,127.1224582,37.4719375,210832.4715,441396.6038
1230000400,송파IC남측,108,IC 및 JC,0,무,127.1254783,37.4713789,211099.7125,441334.9573
1230000600,장지교,101,도로교차점,0,무,127.1270644,37.4758752,211239.3438,441834.172
1230000700,송파IC북측,108,IC 및 JC,0,무,127.1332287,37.4778073,211784.2987,442049.3668
1230000800,건영아파트앞,101,도로교차점,0,무,127.1242269,37.4825949,210987.3718,442579.637
1230000900,문정역,101,도로교차점,0,무,127.1224323,37.4861337,210828.1311,442972.1887
1230001500,석촌역,101,도로교차점,1,유,127.1071971,37.5052215,209478.2893,445089.0397
1230001700,석촌호수(롯데월드),101,도로교차점,0,무,127.1018069,37.5111765,209000.98,445749.441
1230001800,잠실역,101,도로교차점,1,유,127.1001892,37.5132831,208857.7056,445983.0884
1230002200,잠실대교남단,104,도로시설물,0,무,127.0957799,37.5188961,208467.2487,446605.6627
1230002400,올림픽대교남단,103,속성변화점,0,무,127.1086081,37.5294405,209599.9486,447777.1902
1230002500,건영아파트교차로,101,도로교차점,0,무,127.1264157,37.4828261,211180.9281,442605.5486
1230002600,문덕초교,101,도로교차점,0,무,127.1266508,37.4863224,211201.1944,442993.62
1230002700,문정중교,101,도로교차점,0,무,127.1309924,37.488304,211584.8741,443214.0845
1230002900,문정초교,101,도로교차점,0,무,127.1283998,37.4900585,211355.3145,443408.4875
1230003000,마천로성남시계,105,행정경계,0,무,127.1574899,37.4902926,213927.9193,443438.3819
1230003100,성내천로성남시계,105,행정경계,0,무,127.1580149,37.4906231,213974.2874,443475.1352
1230003200,송파공고앞,101,도로교차점,0,무,127.1435867,37.4910501,212698.2322,443520.4896
1230003400,문정시영아파트,101,도로교차점,0,무,127.1354428,37.4921368,211977.8498,443640.0286
1230003600,거여삼거리,101,도로교차점,0,무,127.152483,37.4930443,213484.6284,443743.0575
1230004200,배명고교,101,도로교차점,0,무,127.0966468,37.4977172,208546.2968,444255.1518
1230004700,송파소방서,101,도로교차점,0,무,127.1421928,37.5010304,212573.2957,444627.9847
1230004800,탄천1교동측,101,도로교차점,0,무,127.0851269,37.5011557,207527.2717,444635.8007
1230004900,성내천공원,101,도로교차점,0,무,127.1481455,37.5014106,213099.5869,444670.9924
1230005000,잠실유수지,101,도로교차점,0,무,127.0821743,37.5019305,207266.1101,444721.5556
1230005100,누에머리공원,101,도로교차점,0,무,127.1426711,37.5019584,212615.4307,444731.0467
1230005300,가락중고교,101,도로교차점,0,무,127.1170609,37.5022973,210350.8509,444765.5277
1230005800,송파한양아파트,101,도로교차점,0,무,127.1145208,37.5044453,210125.9546,445003.6532
1230006401,송파구-하남시경계(3),105,행정경계,0,무,127.1403796,37.5087461,212411.6851,445484.0857
1230006700,방산고등학교,101,도로교차점,0,무,127.1196774,37.5082296,210581.3678,445424.235
1230006900,올림픽선수기자촌아파트,101,도로교차점,1,유,127.134068,37.509344,211853.5513,445549.6313
1230007000,코오롱아파트,101,도로교차점,0,무,127.1234517,37.50971,210914.8614,445588.9731
1230007100,서울놀이마당앞,101,도로교차점,0,무,127.0975162,37.5099816,208621.7651,445616.4215
1230007400,LG전자체육관앞,101,도로교차점,0,무,127.1211299,37.5105593,210709.4601,445682.9635
1230008200,올림픽공원남2문,101,도로교차점,1,유,127.1231034,37.5137839,210883.4769,446041.0843
1230008300,방이초교,101,도로교차점,1,유,127.1209126,37.5145848,210689.6692,446129.7199
1230008700,잠일고교,101,도로교차점,0,무,127.084435,37.5162646,207464.5812,446312.6298
1230008901,송파구-하남시경계(6),105,행정경계,0,무,127.1432575,37.5156248,212664.9715,446247.9188
1230008902,송파구-하남시경계(5),105,행정경계,0,무,127.1426036,37.5140341,212607.4288,446071.2812
1230008903,송파구-하남시경계(4),105,행정경계,1,유,127.1421399,37.5128698,212566.6295,445941.9956
1230009000,잠신고교,101,도로교차점,0,무,127.0906563,37.5170943,208014.4923,446405.2341
1230009200,잠실나루역,101,도로교차점,1,유,127.1049648,37.5186463,209279.2549,446578.7967
1230009300,잠실파크리오아파트,101,도로교차점,0,무,127.1080738,37.519212,209554.0223,446641.9014
1230009900,잠실고교,101,도로교차점,0,무,127.1071477,37.5230879,209471.6641,447071.9763
1230010200,서울아산병원,103,속성변화점,0,무,127.1071007,37.5248043,209467.2985,447262.4767
1230010400,올림픽공원북1문,101,도로교차점,0,무,127.1230861,37.5262889,210880.1283,447428.974
1230010900,풍납토성서성벽,101,도로교차점,0,무,127.1106846,37.5317013,209783.2006,448028.3257
1230011000,풍납백제문화공원,101,도로교차점,0,무,127.1126821,37.5355782,209959.2393,448458.8191
1230011100,공영주차장입구,101,도로교차점,0,무,127.1274496,37.4679313,211274.6063,440952.5566
1230011200,송파구견인보관소,101,도로교차점,0,무,127.1285324,37.4680088,211370.3857,440961.2879
1230011400,동부간선도로-헌릉로램프(6),108,IC 및 JC,0,무,127.1232009,37.46904,210898.5935,441075.1041
1230011500,동부간선도로-헌릉로램프(5),108,IC 및 JC,0,무,127.1231204,37.4691274,210891.4574,441084.7963
1230011600,송파공영차고지(내부),102,도로시.종점,0,무,127.1319247,37.4691259,211670.308,441085.6809
1230011700,화훼마을,101,도로교차점,1,유,127.1266306,37.4695438,211201.9177,441131.4184
1230011800,복정교차로,108,IC 및 JC,0,무,127.1249849,37.4699339,211056.2777,441174.5227
1230011900,복정교차로,108,IC 및 JC,0,무,127.124982,37.4700602,211055.9988,441188.5384
1230012300,복정파출소,101,도로교차점,1,유,127.1277194,37.4708684,211298.0315,441278.5599
1230012400,복정역,101,도로교차점,1,유,127.1267235,37.4708689,211209.9321,441278.4964
1230012500,송파IC(헌릉로진출),108,IC 및 JC,0,무,127.1283632,37.4709037,211354.9785,441282.5526
1230012600,송파IC12,108,IC 및 JC,0,무,127.1296738,37.4711809,211470.8685,441313.4859
1230012700,송파IC13,108,IC 및 JC,0,무,127.1295253,37.4718458,211457.6339,441387.2538
1230012800,동부간선도로-헌릉로램프(4),108,IC 및 JC,0,무,127.1223474,37.4718384,210822.6879,441385.5909
1230012900,송파IC7,108,IC 및 JC,0,무,127.1268048,37.4726035,211216.8669,441471.0269
1230013000,송파IC구리방향(송파대로진출),108,IC 및 JC,0,무,127.127333,37.4737269,211263.4196,441595.7759
1230013100,송파IC9,108,IC 및 JC,0,무,127.1297727,37.4756281,211478.9398,441807.0705
1230013200,장지교,108,IC 및 JC,0,무,127.1269635,37.4753777,211230.489,441778.939
1230013300,송파IC1,103,속성변화점,0,무,127.1296669,37.4754164,211469.6124,441783.5671
1230013400,장지교,108,IC 및 JC,0,무,127.1284189,37.4757306,211359.177,441818.2862
1230013500,장지교,101,도로교차점,1,유,127.1270334,37.4762975,211236.5348,441881.043
1230013600,탄천길-거여동길삼거리,101,도로교차점,0,무,127.1278223,37.476407,211306.3022,441893.2888
1230013700,밤고개로서20길-탄천길사거리,101,도로교차점,1,유,127.1234776,37.4767775,210921.9446,441933.8936
1230013800,송파IC북측,108,IC 및 JC,0,무,127.1330351,37.4779318,211767.1494,442063.1582
1230013900,장지프라자,101,도로교차점,1,유,127.1276758,37.4773047,211293.2053,441992.9047
1230014000,버드나무길-장사약수터2길삼거리,101,도로교차점,1,유,127.1303917,37.4781099,211533.3152,442082.5986
1230014100,글샘공원,101,도로교차점,1,유,127.1233751,37.4784865,210912.6268,442123.5606
1230014200,탄천길사거리,101,도로교차점,1,유,127.1167626,37.4794156,210327.6231,442225.9281
1230014300,가든파이브툴동,101,도로교차점,1,유,127.1190727,37.4793432,210531.9568,442218.1493
1230014400,장지역,101,도로교차점,1,유,127.1258182,37.479372,211128.5934,442222.1181
1230014500,차고지내부,102,도로시.종점,0,무,127.1351772,37.4794086,211956.3848,442227.326
1230014700,문현중교,101,도로교차점,1,유,127.1268733,37.4796815,211221.8669,442256.5956
1230014900,소리공원,101,도로교차점,1,유,127.1185842,37.4801751,210488.6312,442310.4229
1230015000,문현고교,101,도로교차점,1,유,127.1287888,37.4803195,211391.2006,442327.6363
1230015100,버드나무길-탄천길삼거리,101,도로교차점,0,무,127.1347902,37.4813161,211921.8566,442438.9931
1230015200,버드나무길(종점),102,도로시.종점,0,무,127.1376042,37.4804284,212170.8923,442340.8235
1230015300,차고지(입구),101,도로교차점,0,무,127.1365912,37.4804308,212081.2894,442340.9672
1230015400,차고지,101,도로교차점,0,무,127.1356756,37.4804331,212000.3057,442341.097
1230015500,밤고개로서20길-장사약수터길삼,101,도로교차점,0,무,127.1222307,37.480675,210811.0928,442366.3163
1230015600,서울시여학생생활교육원,101,도로교차점,0,무,127.1331606,37.4808853,211777.7907,442390.9711
1230015700,차고지(내부),102,도로시.종점,0,무,127.1379726,37.4813109,212203.3297,442438.8167
1230015800,밤고개로서20길삼거리,101,도로교차점,0,무,127.1218246,37.4815694,210775.0432,442465.5352
1230015900,육영학교입구,101,도로교차점,1,유,127.1307255,37.4819003,211562.2541,442503.32
1230016000,대명빌딩,101,도로교차점,1,유,127.1288566,37.4831968,211396.7569,442646.9891
1230016100,한림고등학교,101,도로교차점,1,유,127.132638,37.4849841,211730.9263,442845.8238
1230016200,트윈팰리스,101,도로교차점,0,무,127.1321719,37.4853172,211689.6512,442882.7333
1230016300,풀무원(주),101,도로교차점,0,무,127.131773,37.4855966,211654.3292,442913.6896
1230016400,훼미리아파트,101,도로교차점,0,무,127.1135937,37.4861606,210046.4247,442974.1929
1230016500,미성빌딩,101,도로교차점,1,유,127.1248916,37.4862456,211045.6191,442984.8887
1230016600,문정3차대우아파트,101,도로교차점,0,무,127.1337714,37.4864629,211830.9371,443010.0903
1230016700,장지동주민센터,101,도로교차점,0,무,127.1331932,37.4868498,211779.7401,443052.9529
1230016800,대하빌딩,101,도로교차점,1,유,127.1297953,37.4872507,211479.1582,443097.0352
1230016900,올림픽훼밀리타운(아파트),101,도로교차점,0,무,127.1185187,37.487865,210481.7644,443163.8995
1230017000,거원초등학교,101,도로교차점,1,유,127.144385,37.4884888,212769.273,443236.3265
1230017100,광평교_탄천길_진입,101,도로교차점,0,무,127.1097111,37.4886085,209702.7284,443245.4664
1230017200,에코타워,101,도로교차점,1,유,127.1277242,37.4886169,211295.7831,443248.4142
1230017300,올림픽훼밀리타운,101,도로교차점,1,유,127.1211139,37.4887385,210711.1586,443261.1341
1230017600,장지지하차도(북측),104,도로시설물,0,무,127.1290695,37.4896042,211414.6143,443358.1504
1230017700,광평교,101,도로교차점,1,유,127.1092684,37.4896929,209663.4396,443365.777
1230017800,거여아파트단지,101,도로교차점,0,무,127.1449663,37.4897361,212820.47,443374.8362
1230017900,문정로데오3거리,101,도로교차점,1,유,127.1234271,37.4900091,210915.5497,443402.4219
1230018000,라이프아파트(송파구),101,도로교차점,1,유,127.1432575,37.4902245,212669.2603,443428.8113
1230018100,문정동우체국,101,도로교차점,1,유,127.111648,37.4904416,209873.7838,443449.1209
1230018200,문정프라자아파트,101,도로교차점,0,무,127.1335775,37.4905262,211813.1463,443461.0376
1230018300,청일빌라,101,도로교차점,0,무,127.1569659,37.4906951,213881.5042,443482.9716
1230018400,광평교_남부순환로_진출,101,도로교차점,0,무,127.1081814,37.4907944,209567.1628,443487.9204
1230018500,신명실업공고,101,도로교차점,0,무,127.1572867,37.4910236,213909.8147,443519.4842
1230018600,거여미주아파트,101,도로교차점,0,무,127.1456514,37.4912586,212880.7951,443543.9052
1230018700,문정동현대아파트,101,도로교차점,1,유,127.1262897,37.4915194,211168.4918,443570.3797
1230018800,삼농빌딩,101,도로교차점,0,무,127.1438708,37.4917971,212723.2354,443603.4366
1230018900,GS마트입구,101,도로교차점,1,유,127.1166392,37.4919565,210314.9774,443617.7932
1230019000,현대기업,101,도로교차점,0,무,127.1440195,37.4921259,212736.3323,443639.9492
1230019100,문정삼성래미안APT,101,도로교차점,0,무,127.1310317,37.4923492,211587.7208,443663.0474
1230019200,가락시장역,101,도로교차점,1,유,127.1187718,37.4925802,210503.4934,443687.2464
1230019400,퓨전빌아파트,101,도로교차점,1,유,127.1474803,37.4929267,213042.2442,443729.2992
1230019600,거여역,101,도로교차점,1,유,127.144357,37.4930236,212766.0186,443739.6179
1230019700,제일오피스텔,101,도로교차점,1,유,127.1181003,37.493294,210444.0079,443766.3993
1230019800,개롱근린공원,101,도로교차점,1,유,127.1295809,37.4933109,211459.2695,443769.6114
1230020100,중앙전파관리소,101,도로교차점,1,유,127.1205127,37.4934197,210657.3287,443780.6207
1230020200,탄천교북단_남부순환로_진출,101,도로교차점,0,무,127.1046982,37.4935033,209258.7903,443788.223
1230020300,재활용알뜰장,101,도로교차점,0,무,127.1371419,37.493601,212127.8688,443802.7476
1230020400,가락시장동문,101,도로교차점,1,유,127.1174693,37.4939741,210388.1146,443841.8057
1230020500,무영빌딩,101,도로교차점,0,무,127.1330856,37.4940097,211769.0931,443847.5946
1230020600,탄천교,101,도로교차점,1,유,127.1037104,37.4942114,209171.3453,443866.7162
1230020700,송파성원쌍데빌,101,도로교차점,0,무,127.1198349,37.4942077,210597.276,443867.9953
1230020800,가락본동한화오벨리스크앞,101,도로교차점,1,유,127.1220662,37.4942853,210794.5815,443876.8631
1230020900,가락시영1차아파트,101,도로교차점,0,무,127.1023922,37.4946491,209054.7197,443915.1682
1230021000,금호아파트,101,도로교차점,1,유,127.1165508,37.4949583,210306.7551,443950.9466
1230021100,진성빌딩앞,101,도로교차점,0,무,127.1192077,37.4949235,210541.7133,443947.3705
1230021200,경찰병원,101,도로교차점,1,유,127.123294,37.4949783,210903.0609,443953.9231
1230021300,가락본동사무소,101,도로교차점,1,유,127.1214071,37.4950643,210736.1825,443963.2455
1230021500,가락우성아파트,101,도로교차점,0,무,127.1172827,37.495339,210371.4247,443993.2764
1230021600,가락지하차도(서측),104,도로시설물,0,무,127.1066423,37.4951099,209430.5052,443966.7289
1230021700,일정빌딩,101,도로교차점,0,무,127.1347935,37.4953987,211919.9059,444001.9793
1230021800,윤호약국,101,도로교차점,0,무,127.1501746,37.4955046,213280.0521,444015.7906
1230021900,거여동사거리,101,도로교차점,1,유,127.1393791,37.4956509,212325.3807,444030.5543
1230022000,경찰병원정문,101,도로교차점,1,유,127.1226483,37.4957198,210845.8525,444036.1384
1230022100,가락본동우체국,101,도로교차점,0,무,127.1207844,37.4957717,210681.0168,444041.6946
1230022200,송파지하차도(남측),104,도로시설물,0,무,127.1157556,37.4958173,210236.3096,444046.1968
1230022300,송파중교,101,도로교차점,1,유,127.1309375,37.495753,211578.8614,444040.8098
1230022400,가락시장입구,101,도로교차점,0,무,127.1089879,37.495855,209637.8397,444049.665
1230022500,보광빌라,102,도로시.종점,0,무,127.1183341,37.4958435,210464.3231,444049.3805
1230022600,탄천유수지,101,도로교차점,1,유,127.0990951,37.4961033,208762.9852,444076.2538
1230022700,가락지하차도(동측),104,도로시설물,0,무,127.1109483,37.4964515,209811.1179,444116.0653
1230022800,국립경찰병원,101,도로교차점,0,무,127.1220511,37.4964475,210792.9357,444116.8365
1230022900,한양빌리지,103,속성변화점,0,무,127.0973671,37.4969329,208610.0811,444168.1708
1230023000,가락시장_일반국도3호선_진입_2,101,도로교차점,0,무,127.1150959,37.4964394,210177.8928,444115.1616
1230023100,가락시장_일반국도3호선_진출_1,101,도로교차점,0,무,127.1152106,37.4964976,210188.0292,444121.6361
1230023200,상아아파트,101,도로교차점,0,무,127.1367936,37.4970485,212096.5156,444185.3359
1230023300,가락시장_남부순환로_진출_2,101,도로교차점,0,무,127.1117001,37.4966252,209877.5743,444135.4233
1230023400,가동초교,101,도로교차점,0,무,127.1291486,37.4970849,211420.4706,444188.4201
1230023600,래미안파크팰리스,101,도로교차점,1,유,127.1325646,37.4971505,211722.5304,444196.1206
1230023700,배명고교,101,도로교차점,0,무,127.096603,37.4971975,208542.4849,444197.4661
1230023800,가락시장_남부순환로_진입_2,101,도로교차점,0,무,127.1116511,37.496726,209873.2323,444146.6102
1230023900,구본빌딩,101,도로교차점,0,무,127.1541366,37.4972946,213630.0966,444215.0222
1230024000,영남빌딩앞,101,도로교차점,1,유,127.1193867,37.4973978,210557.1915,444222.0085
1230024400,서울개롱초등학교,101,도로교차점,1,유,127.1405197,37.4975734,212425.9225,444244.0735
1230024500,가락시장사거리,101,도로교차점,1,유,127.1140031,37.4977119,210081.0812,444256.2831
1230024600,마천금호어울림1차아파트,101,도로교차점,1,유,127.1541835,37.4977274,213634.1613,444263.0574
1230024800,천주교석촌동교회,101,도로교차점,0,무,127.0945259,37.4979156,208358.7265,444276.9809
1230024900,마천사거리,101,도로교차점,1,유,127.146575,37.497988,212961.308,444290.9049
1230025100,가락대림사거리,101,도로교차점,0,무,127.120649,37.4980938,210668.7136,444299.3993
1230025200,그랜드아파트,101,도로교차점,0,무,127.1169701,37.4982334,210343.3788,444314.4812
1230025300,가락시장_남부순환로_진입_1,101,도로교차점,0,무,127.1152759,37.4983275,210193.5506,444324.7369
1230025400,가락시장_일반국도3호선_진출_2,101,도로교차점,0,무,127.1130947,37.4986214,210000.6317,444357.127
1230025500,가락시장_남부순환로_진출_1,101,도로교차점,0,무,127.1151966,37.4984153,210186.5249,444334.4732
1230025600,개롱역,101,도로교차점,1,유,127.134155,37.4984616,211862.9583,444341.8401
1230025700,가락시장_일반국도3호선_진입_1,101,도로교차점,0,무,127.1132031,37.4986865,210010.2089,444364.3614
1230025800,가락대림아파트,101,도로교차점,0,무,127.1181619,37.4988473,210448.6832,444382.7439
1230025900,동부센트레빌,101,도로교차점,1,유,127.1163373,37.4989602,210287.3256,444395.0746
1230026000,송파역,103,속성변화점,0,무,127.1127831,37.4990545,209973.0257,444405.1586
1230026100,성내2교(남단),101,도로교차점,0,무,127.1449677,37.4990902,212818.9957,444413.0231
1230026200,가락2동주민센터,101,도로교차점,1,유,127.1261624,37.4993259,211156.0693,444436.7887
1230026300,성내4교(남단),101,도로교차점,0,무,127.1414092,37.4994021,212504.2732,444447.1544
1230026400,성내2교(북단),101,도로교차점,0,무,127.1445064,37.4994162,212778.144,444449.1388
1230026500,신가빌딩,101,도로교차점,0,무,127.1194264,37.4995315,210560.3996,444458.831
1230026600,가락현대5차아파트,101,도로교차점,1,유,127.1321233,37.4995454,211683.1362,444461.8675
1230026700,송파지하차도(북측),104,도로시설물,0,무,127.1123013,37.4995886,209930.3511,444464.3884
1230026800,동아일보오금동사옥,101,도로교차점,0,무,127.1416378,37.4998912,212524.4081,444501.4735
1230026900,어린이 안전공원,102,도로시.종점,0,무,127.1595068,37.5000148,214104.4591,444517.7194
1230027000,오금근린공원,101,도로교차점,1,유,127.13629,37.5002203,212051.4743,444537.3015
1230027100,신가초교앞,101,도로교차점,1,유,127.1187544,37.5003189,210500.8682,444546.1436
1230027200,석촌초교입구,101,도로교차점,0,무,127.1050523,37.5003812,209289.2483,444551.618
1230027300,신양빌라_토담길_진입_1,101,도로교차점,0,무,127.0864691,37.5005932,207646.0112,444573.4751
1230027400,신양빌라_삼전로_진출_1,101,도로교차점,0,무,127.0838062,37.5005645,207410.5425,444570.0771
1230027500,신양빌라_토탐길_진출_1,101,도로교차점,0,무,127.0865214,37.500693,207650.6193,444584.555
1230027600,탄천1교동측,101,도로교차점,0,무,127.0837575,37.5006655,207406.2308,444581.2757
1230027700,남천초교,101,도로교차점,1,유,127.1479608,37.501042,213083.3222,444630.0595
1230027800,가락쌍용2차아파트입구,101,도로교차점,0,무,127.1238719,37.5010442,210953.2735,444627.2187
1230027900,남천하이빌,101,도로교차점,1,유,127.147077,37.5011533,213005.1569,444642.285
1230028000,오주중교,101,도로교차점,0,무,127.1373329,37.5012914,212143.5131,444656.308
1230028100,신양빌라_토탐길_진출_2,101,도로교차점,0,무,127.0830776,37.5016565,207346.0086,444691.2199
1230028300,신양빌라_토담길_진입_2,101,도로교차점,0,무,127.0841932,37.5014686,207444.6727,444670.4518
1230028400,광남캐스빌,101,도로교차점,0,무,127.1425096,37.501613,212601.2093,444692.6821
1230028500,신양빌라_삼전로_진입_1,101,도로교차점,0,무,127.0860412,37.501938,207608.0398,444722.693
1230028600,성내5교(동단),101,도로교차점,1,유,127.1376581,37.5017951,212172.1907,444712.2575
1230028700,잠실유수지,101,도로교차점,0,무,127.0809043,37.5019383,207153.8115,444722.3196
1230028800,신양빌라_삼전로_진출_2,101,도로교차점,0,무,127.0859379,37.5020089,207598.8916,444730.5588
1230028900,송파사거리,101,도로교차점,0,무,127.1101508,37.5019807,209739.8738,444729.6589
1230029000,오금역,101,도로교차점,1,유,127.1281558,37.5020117,211331.9293,444735.107
1230029100,탄천1교동측,104,도로시설물,0,무,127.0863782,37.5024189,207637.7808,444776.0987
1230029200,배명사거리,101,도로교차점,1,유,127.0969879,37.5024602,208575.9134,444781.5952
1230029300,가락2차쌍용아파트,101,도로교차점,1,유,127.121855,37.5025864,210774.7125,444798.1598
1230029400,삼전동우체국,101,도로교차점,1,유,127.0952708,37.502544,208424.0787,444790.7366
1230029500,석촌지하차도(서측),104,도로시설물,0,무,127.0992857,37.5026578,208779.0708,444803.7409
1230029600,양지파크빌,101,도로교차점,0,무,127.1412923,37.5026604,212493.3914,444808.7682
1230029700,누에머리경로당,101,도로교차점,0,무,127.1417037,37.5026629,212529.7717,444809.099
1230029800,동원빌딩,101,도로교차점,0,무,127.1126657,37.5029701,209962.1243,444839.7258
1230029900,송파구민회관,101,도로교차점,1,유,127.0924887,37.5031016,208178.0157,444852.3846
1230030000,석촌동백제고분,102,도로시.종점,0,무,127.1014064,37.5031686,208966.5245,444860.6309
1230030100,오금현대아파트,101,도로교차점,1,유,127.126075,37.5033814,211147.7405,444886.8857
1230030200,오금동사거리,101,도로교차점,1,유,127.1383233,37.5034935,212230.7299,444900.8397
1230030300,석촌동사무소,102,도로시.종점,0,무,127.1031235,37.5037093,209118.2907,444920.8084
1230030400,오금사거리,101,도로교차점,0,무,127.1231205,37.5038035,210886.4374,444933.3788
1230030500,석촌동주민센터,101,도로교차점,0,무,127.1034031,37.5037384,209143.011,444924.0593
1230030600,잠실우성아파트입구,101,도로교차점,0,무,127.0742966,37.5037793,206569.3824,444926.1751
1230030700,오금사거리,101,도로교차점,0,무,127.1230053,37.5038603,210876.2427,444939.6738
1230030800,성내6교(남단),101,도로교차점,0,무,127.1371542,37.503908,212127.2941,444946.6954
1230030900,아주초교,101,도로교차점,0,무,127.0753372,37.5040366,206661.365,444954.8031
1230031000,오금사거리,101,도로교차점,0,무,127.1247941,37.5041456,211034.3636,444971.5526
1230031100,석촌지하차도(동측),104,도로시설물,0,무,127.1047116,37.5042145,209258.6525,444977.0325
1230031200,오금사거리,101,도로교차점,0,무,127.1248774,37.504231,211041.7184,444981.031
1230031300,성내6교(북단),101,도로교차점,0,무,127.1364,37.5041603,212060.5661,444974.6024
1230031500,탄천2교,101,도로교차점,1,유,127.0762702,37.5042921,206743.8388,444983.2213
1230031600,삼전사거리,101,도로교차점,1,유,127.0880436,37.504359,207784.8441,444991.5557
1230031900,인애가한방병원,101,도로교차점,0,무,127.1346227,37.5047601,211903.3187,445040.945
1230032100,두원빌딩,101,도로교차점,0,무,127.1388032,37.5047274,212272.9608,445037.86
1230032400,오금로-남부순환로_진출_2,101,도로교차점,0,무,127.1223779,37.5054012,210820.5415,445110.6219
1230032500,잠실7동우성아파트_탄천길_진출,101,도로교차점,0,무,127.0718179,37.5053951,206350.0744,445105.3383
1230032600,남부순환로-오금로_진입_2,101,도로교차점,0,무,127.1224418,37.5054966,210826.1747,445121.2175
1230032800,성내7교(남단),101,도로교차점,0,무,127.1370514,37.5055022,212117.9455,445123.6248
1230033200,오금공원,101,도로교차점,1,유,127.1317248,37.505799,211646.9258,445155.8892
1230033300,잠전초교입구,101,도로교차점,1,유,127.0829104,37.5058169,207330.8181,445152.9519
1230033400,성내7교(북단),101,도로교차점,0,무,127.1362911,37.505846,212050.6662,445161.6852
1230033500,미성아파트앞,101,도로교차점,1,유,127.1210956,37.5060073,210707.0788,445177.7406
1230033600,오금사거리,101,도로교차점,0,무,127.1244678,37.5059766,211005.2448,445174.7246
1230033700,잠실7동우성아파트,101,도로교차점,0,무,127.071789,37.5060516,206347.4627,445178.1912
1230033800,오금사거리,101,도로교차점,0,무,127.1243434,37.5060197,210994.2359,445179.4955
1230033900,덕산빌딩,101,도로교차점,0,무,127.1354278,37.5062583,211974.2676,445207.3259
1230034000,송파여성문화회관,101,도로교차점,1,유,127.1089595,37.5063648,209633.9748,445216.1061
1230034100,잠실동우성아파트,101,도로교차점,0,무,127.0716511,37.5065195,206335.2257,445230.1158
1230034200,화성빌딩,101,도로교차점,1,유,127.1199921,37.5064375,210609.4474,445225.3657
1230034300,석촌호(서호),101,도로교차점,1,유,127.0973143,37.5065871,208604.3026,445239.654
1230034500,아시아선수촌아파트,101,도로교차점,1,유,127.0795539,37.5067775,207033.9551,445259.3146
1230034600,잠실동우성아파트_탄천길_진입,101,도로교차점,0,무,127.0711964,37.5071862,206294.9739,445304.0814
1230034700,오륜사거리,101,도로교차점,1,유,127.1396753,37.5070376,212349.6901,445294.374
1230034800,잠실소방파출소,101,도로교차점,1,유,127.0942446,37.5070425,208332.8396,445289.925
1230034900,동양정보통신센타,101,도로교차점,0,무,127.1296253,37.5071026,211461.0948,445300.3121
1230035200,정광빌딩,101,도로교차점,0,무,127.1219327,37.507333,210780.8977,445324.9815
1230035400,백토공원,101,도로교차점,1,유,127.1328115,37.5074293,211742.7568,445336.972
1230035800,잠실학원사거리,101,도로교차점,1,유,127.090774,37.5075745,208025.9223,445348.6626
1230035900,방산고교,101,도로교차점,0,무,127.1208653,37.5077537,210686.4637,445371.5447
1230036000,백제고분군,101,도로교차점,1,유,127.1167257,37.5077555,210320.4556,445371.2837
1230036200,동서울화훼단지출구,101,도로교차점,0,무,127.1366908,37.5081974,212085.6268,445422.709
1230036300,세륜중고앞,101,도로교차점,0,무,127.130476,37.5084033,211536.1043,445444.7749
1230036400,우성아파트,101,도로교차점,0,무,127.0713144,37.5085205,206305.2911,445452.1742
1230036500,신흥교통(주)입구,101,도로교차점,0,무,127.1361027,37.5084394,212033.5943,445449.4958
1230036600,방이역,101,도로교차점,1,유,127.1260235,37.5086417,211142.4035,445470.7042
1230036700,석촌호수,101,도로교차점,0,무,127.1039942,37.5087279,209194.6598,445477.8853
1130057801,,106,106,0,무,126.8868212,37.5593194,190000.04,451093.87
1180075801,,101,도로교차점,0,무,126.8836199,37.5529153,189716.3,450383.43
1130058101,월드컵대교 북단,101,도로교차점,0,무,126.8893087,37.5629545,190220.29,451497.06
1180075301,,101,도로교차점,0,무,126.8823144,37.5488523,189600.38,449932.63
1180075501,,101,도로교차점,0,무,126.8824583,37.5505892,189613.33,450125.39
1180075401,월드컵대교 남단,101,도로교차점,0,무,126.8828896,37.5479111,189651.08,449828.1
1180073901,여의나루JC,106,106,0,무,126.9138513,37.5225481,192384.55,447010.16
1180074101,여의도동29-2,104,도로시설물,0,무,126.9057511,37.5254102,191668.82,447328.51
1140031099,홍익병원앞,101,도로교차점,1,유,126.8639882,37.529794,187977.87,447819.57
1140109701,신월요금소,104,도로시설물,0,무,126.8401021,37.5264295,185865.93,447449.48
1140033899,목동교서단,101,도로교차점,0,무,126.8864625,37.5311873,189964.57,447971.57
1180053199,목동교동단,108,IC 및 JC,0,무,126.8898172,37.530441,190260.99,447888.39
1180074601,성산대교남단,101,도로교차점,0,무,126.8894619,37.5398848,190230.82,448936.58
1170024301,서부간선요금소,101,도로교차점,0,무,126.8833914,37.4690042,189684.57,441070.39
2130012999,광명대교,105,행정경계,0,무,126.8728276,37.4851205,188752.49,442860.29
1160029399,고척교,101,도로교차점,1,유,126.8710961,37.4990337,188601.47,444404.69
1180000499,신정교동단,101,도로교차점,1,유,126.8788341,37.516948,189288.27,446392.03
1040022101,세종초등학교,101,도로교차점,0,무,127.073593,37.5535629,206502.85,450451.49
1040017901,광장동577-1,101,도로교차점,0,무,127.1001939,37.5442365,208854.47,449418.54
1040029500,광장동413-39,102,도로시.종점,0,무,127.0984015,37.5429917,208696.21,449280.21
1040029200,선화예술고등학교,102,도로시.종점,0,무,127.0872149,37.5510573,207706.77,450174.42
1040029300,화양동428-2,102,도로시.종점,0,무,127.076641,37.5451663,206772.93,449519.77
1040029400,세종사이버대학교,102,도로시.종점,0,무,127.0729662,37.5542235,206447.4,450524.76
1040029600,양진초등학교,102,도로시.종점,0,무,127.098564,37.5438666,208710.46,449377.33
1040029700,광장동561-15,102,도로시.종점,0,무,127.1031511,37.5410419,209116.19,449064.26
1040029801,주차장,103,속성변화점,0,무,127.0869845,37.5450002,207687.03,449502.14
1040029901,버스정류장,101,도로교차점,1,유,127.0891176,37.5448792,207875.55,449488.89
1040030001,구의전기,101,도로교차점,0,무,127.0881337,37.5458724,207788.49,449599.03
1040030101,구의제세한의원,103,속성변화점,0,무,127.0895069,37.5448614,207909.95,449486.94
1040030201,군자피스톤학원,101,도로교차점,0,무,127.0935027,37.5488128,208262.63,449925.84
1040030301,따릉이대여소,101,도로교차점,1,유,127.0940869,37.5485838,208314.29,449900.48
1040030401,구의야구공원,104,도로시설물,0,무,127.0953077,37.5481486,208422.21,449852.28
1040030501,구의야구공원,101,도로교차점,0,무,127.0959989,37.5478972,208483.32,449824.44
1040030701,구의고가차도,104,도로시설물,0,무,127.0988409,37.5468818,208734.58,449712.01
1040030601,구의고가차도,101,도로교차점,1,유,127.0980319,37.547196,208663.06,449746.8
1040030801,광장중앞지하차도,101,도로교차점,0,무,127.100819,37.5462331,208909.47,449640.19
1040030901,아차산공원주차장,103,속성변화점,0,무,127.0985148,37.5484358,208705.59,449884.46
1040031001,라이프플러스,101,도로교차점,1,유,127.0990602,37.5493875,208753.67,449990.13
1040031101,정립주간보호센터,101,도로교차점,0,무,127.0988502,37.5496335,208735.08,450017.42
1070043200,동대문구-성북구,105,행정경계,0,무,127.0707973,37.608059,206251.25,456499.74
1050007601,답십리동439-97,101,도로교차점,1,유,127.0570076,37.5680036,205036.34,452053.22
1050010801,답십리1동행정복지센터,101,도로교차점,1,유,127.0513587,37.5725062,204537.02,452552.66
1050011901,답십리동62-5,101,도로교차점,0,무,127.0595049,37.5728764,205256.63,452594.17
1050012101,답십리동215-1,101,도로교차점,0,무,127.0540826,37.5728509,204777.63,452591.05
1050012102,답십리동439-97,101,도로교차점,0,무,127.0558802,37.572883,204936.42,452594.71
1050022401,전농동584-21,101,도로교차점,0,무,127.0513979,37.5807492,204539.98,453467.54
1060036900,동대문구-중랑구,105,행정경계,0,무,127.0761713,37.5803165,206728.26,453421.01
1050004501,중랑교사거리,101,도로교차점,0,무,127.0678011,37.5909339,205988.07,454598.85
1050028501,휘경동321-20,101,도로교차점,1,유,127.0566153,37.59102,205000.15,454607.75
1070042800,신종월교동측,101,도로교차점,0,무,127.0411892,37.5971292,203637.45,455285.09
1050007301,답십리2동행정복지센터,101,도로교차점,0,무,127.0617502,37.5672859,205455.39,451973.82
1050017501,용두동47-38,101,도로교차점,0,무,127.036399,37.5768417,203215.3,453033.23
1050028502,이문동371-1,101,도로교차점,0,무,127.0600924,37.5942768,205307.01,454969.41
1050033101,이문동356,101,도로교차점,0,무,127.0651655,37.6056731,205754.15,456234.57
1070043100,석관지하보차도,101,도로교차점,0,무,127.0677553,37.6072582,205982.71,456410.66
1050035600,용신동주민센터,101,도로교차점,0,무,127.0374567,37.5756042,203308.78,452895.92
1050035700,용신동주민센터,101,도로교차점,0,무,127.0374817,37.5759958,203310.97,452939.39
1050035900,용신동주민센터,101,도로교차점,0,무,127.0364568,37.5760458,203220.44,452944.9
1050036000,전농동127-389,101,도로교차점,0,무,127.050018,37.5814202,204418.06,453541.95
1050036200,답십리동1003,101,도로교차점,0,무,127.0538671,37.5712313,204758.69,452411.28
1050006701,답십리동217-1,101,도로교차점,0,무,127.0609226,37.5653601,205382.41,451760.03
1050036800,장안동217-1,101,도로교차점,0,무,127.0628671,37.5662526,205554.13,451859.2
1050037300,이문동371-1,102,도로시.종점,0,무,127.060117,37.5948021,205309.14,455027.71
1050036100,전농동591-53,102,도로시.종점,0,무,127.0484432,37.5792955,204279.08,453306.06
1050035800,용두동47-38,102,도로시.종점,0,무,127.0375317,37.5767624,203315.36,453024.47
1050037100,휘경동42-4,102,도로시.종점,0,무,127.0655165,37.5905776,205786.32,454559.16
1050036300,답십리동439-97,101,도로교차점,0,무,127.0558624,37.5709708,204934.98,452382.47
1050036400,답십리동322-36,101,도로교차점,0,무,127.0528804,37.5697716,204671.62,452249.23
1050036500,답십리동536,102,도로시.종점,0,무,127.051818,37.5705882,204577.71,452339.8
1050036600,답십리동536,102,도로시.종점,0,무,127.0538553,37.5690717,204757.79,452171.59
1050036900,답십리동990-4,102,도로시.종점,0,무,127.0593298,37.5719714,205241.22,452493.72
1050037000,회기동65-143,102,도로시.종점,0,무,127.0527802,37.5890944,204661.56,454393.83
1050037200,회기동주민센터,102,도로시.종점,0,무,127.0560174,37.5912775,204947.32,454636.29
1050036700,답십리2동행정복지센터,102,도로시.종점,0,무,127.0613421,37.5682718,205419.26,452083.22
1070042700,동대문구-성북구,105,행정경계,0,무,127.0402346,37.5947376,203553.26,455019.61
1050037401,하카코리아,101,도로교차점,0,무,127.0471632,37.5812047,204165.91,453517.9
1050037501,미드카운티어린이집,101,도로교차점,0,무,127.0556076,37.5737862,204912.29,452694.94
1050037701,오렌지공인중개사사무소,101,도로교차점,1,유,127.0491787,37.5751293,204344.29,452843.7
1050037801,열린공인중개사,101,도로교차점,0,무,127.0514129,37.5781399,204541.46,453177.94
1070043601,종암교,101,도로교차점,1,유,127.0385287,37.5912702,203402.76,454634.71
1050037901,에덴미용실,101,도로교차점,0,무,127.0586085,37.5682669,205177.76,452082.53
1060015601,상봉지하차도교차로,101,도로교차점,0,무,127.0885909,37.5971977,207823.53,455295.59
1060033600,중랑IC서측,106,106,0,무,127.1080872,37.6139269,209543.12,457154.15
1060034600,중랑IC,106,106,1,유,127.1149811,37.6109449,210152.2,456823.9
1060023901,묵동189-2,101,도로교차점,1,유,127.0767412,37.6143001,206775.52,457192.85
1060003301,면목동1347-1,101,도로교차점,0,무,127.0861449,37.5717131,207610.11,452466.89
1060006901,면목동583-116,101,도로교차점,0,무,127.0883408,37.5754725,207803.7,452884.31
1060008201,면목동1509-5,101,도로교차점,1,유,127.0829011,37.5803167,207322.71,453421.53
1060013801,동부시장사거리,101,도로교차점,0,무,127.0767295,37.5949209,206776.24,455041.97
1060022401,신내동393-4,101,도로교차점,0,무,127.098778,37.6080341,208721.89,456499.21
1060024001,묵동189-18,101,도로교차점,1,유,127.0781443,37.6144074,206899.39,457204.86
1060014201,상봉동399-3,101,도로교차점,0,무,127.0894399,37.5954313,207898.69,455099.61
1060016301,망우역교차로,101,도로교차점,0,무,127.0927639,37.5988473,208191.86,455479.03
1060005501,송곡고등학교,101,도로교차점,1,유,127.1060053,37.6062156,209360.28,456298.07
1060023001,망우동산25-10,101,도로교차점,0,무,127.107646,37.6106225,209504.59,456787.36
1060006101,묵동25,101,도로교차점,0,무,127.0838184,37.6168835,207400.11,457480.1
1060034000,중랑IC남서측,106,106,0,무,127.1119634,37.6117713,209885.64,456915.3
1060034200,중랑IC북측,106,106,0,무,127.1136323,37.6144758,210032.63,457215.65
1060034400,중랑IC,106,106,0,무,127.1148446,37.6076284,210140.6,456455.8
1060034700,중랑IC동북측,106,106,0,무,127.1158768,37.6125961,210231.05,457007.26
1060034300,구리터널북측,104,도로시설물,0,무,127.1148327,37.6041029,210140.02,456064.5
1060034500,중랑구-구리시,105,행정경계,0,무,127.1148345,37.5934694,210141.62,454884.29
2210030700,중랑IC,106,106,0,무,127.1183634,37.6104773,210450.9,456772.37
2210030600,중랑IC,106,106,0,무,127.1183516,37.610931,210449.8,456822.72
1060034800,면목동1348-1,102,도로시.종점,0,무,127.0875397,37.5717633,207733.32,452472.57
1060034900,면목동1502-1,102,도로시.종점,0,무,127.089077,37.5751129,207868.78,452844.46
1060035100,상봉지하차도교차로,102,도로시.종점,0,무,127.0889393,37.5965604,207854.36,455224.88
1060035200,묵동190-3,101,도로교차점,0,무,127.0774902,37.6144749,206841.63,457212.3
1060035400,묵동198-3,101,도로교차점,0,무,127.0807899,37.616958,207132.72,457488.14
1060035600,신내동397,102,도로시.종점,0,무,127.0988508,37.608984,208728.21,456604.64
1020039900,HDC현대산업개발본사,102,도로시.종점,0,무,126.9640763,37.5285758,196824.64,447676.28
1020041501,용산우체국,101,도로교차점,0,무,126.9688602,37.530183,197247.56,447854.51
1020041301,커피타임,101,도로교차점,0,무,126.9702672,37.5284195,197371.86,447658.75
1020041401,도마스시,101,도로교차점,0,무,126.969818,37.5290271,197332.18,447726.19
1030001301,성수동1가129-2,101,도로교차점,0,무,127.0465473,37.5392244,204113.81,448858.56
1030009201,성수동1가656-277,101,도로교차점,0,무,127.0458068,37.5413508,204048.25,449094.53
1030011301,옥수동238-6,101,도로교차점,0,무,127.013669,37.5434219,201207.99,449323.49
1030021101,금호고등학교,101,도로교차점,0,무,127.023822,37.5529256,202104.98,450378.47
2130001300,-,105,행정경계,0,무,126.8805015,37.472411,189429.4074,441448.8116
2130001301,-,101,도로교차점,0,무,126.8791638,37.4741416,189311.3163,441641.0353
2130001400,철산교,104,도로시설물,0,무,126.8786322,37.4752547,189264.4529,441764.6377
2130001500,-,101,도로교차점,0,무,126.8781137,37.4758575,189218.6785,441831.5977
2130001600,-,105,행정경계,0,무,126.873361,37.4857683,188799.7666,442932.1282
2130001601,-,101,도로교차점,0,무,126.873047,37.4871381,188772.2008,443084.1863
2130001700,사성교,105,행정경계,0,무,126.8722342,37.4910468,188700.9038,443518.1072
2130004000,-,105,행정경계,0,무,126.898727,37.4387126,191037.5703,437706.8658
2130005100,-,105,행정경계,0,무,126.8865069,37.4562234,189958.469,439651.5548
2130005800,-,105,행정경계,0,무,126.8872707,37.4609822,190026.6754,440179.6402
2130005900,하안남초교삼거리,101,도로교차점,0,무,126.8866396,37.4617295,189970.9386,440262.6418
2130006600,하안남초교삼거리,105,행정경계,0,무,126.8848515,37.4638035,189813.029,440493.0195
2130006800,금천교사거리,105,행정경계,0,무,126.8837909,37.4647827,189719.3288,440601.8182
2130006900,-,105,행정경계,0,무,126.8838414,37.4649626,189723.8266,440621.7729
2130007200,연서초교,101,도로교차점,0,무,126.8828991,37.4660386,189640.6033,440741.2906
2130007600,하안배수펌프장삼거리,101,도로교차점,1,유,126.8812528,37.4679595,189495.2385,440954.671
2130008500,진성고삼거리,101,도로교차점,1,유,126.8788155,37.470831,189280.0332,441273.6434
2130009200,철산지하차도,104,도로시설물,0,무,126.8771853,37.4728598,189136.1178,441498.9943
2130009800,-,105,행정경계,0,무,126.8449094,37.4743332,186281.352,441666.7421
2130010000,-,105,행정경계,0,무,126.8453679,37.4744415,186321.9204,441678.6932
2130010100,철산대교사거리,101,도로교차점,0,무,126.8759746,37.4745219,189029.2692,441683.6151
2130010200,-,105,행정경계,0,무,126.8399525,37.474704,185842.9549,441708.6274
2130010500,철산대교(동단),104,도로시설물,0,무,126.8801546,37.4756408,189399.1741,441807.3166
2130010900,철산지하차도,104,도로시설물,0,무,126.8747756,37.4764746,188923.4964,441900.4708
2130011300,광성초교입구삼거리,101,도로교차점,1,유,126.8739235,37.4778813,188848.3322,442056.6949
2130012100,철산주공삼거리,101,도로교차점,0,무,126.872177,37.4815747,188694.4108,442466.8258
2130012200,-,105,행정경계,0,무,126.8466002,37.4816678,186432.2347,442480.5465
2130012800,광명대교사거리,101,도로교차점,0,무,126.8709333,37.4849868,188584.9319,442845.6766
2130012900,광명대교,105,행정경계,0,무,126.8735514,37.4851546,188816.5111,442863.9836
2130013300,개봉교사거리,105,행정경계,0,무,126.856486,37.4856561,187307.2758,442921.8147
2130013700,-,105,행정경계,0,무,126.8784078,37.4867172,189246.2515,443036.8524
2130014000,-,105,행정경계,0,무,126.8775374,37.4870758,189169.318,443076.7479
2130014400,-,105,행정경계,0,무,126.8594752,37.4878197,187572.0134,443161.5463
2130014500,우성아파트삼거리,101,도로교차점,1,유,126.8698566,37.4881966,188490.1932,443202.0477
2130014800,광명고가차도,104,도로시설물,0,무,126.86973,37.4893302,188479.1742,443327.8808
2130015100,광명고가차도(3),101,도로교차점,0,무,126.8694588,37.490662,188455.3959,443475.7312
2130015200,사성교,105,행정경계,0,무,126.8703959,37.4921747,188538.4975,443643.5123
2130015300,-,101,도로교차점,0,무,126.8678856,37.4924818,188316.5549,443677.9007
2130015400,-,101,도로교차점,0,무,126.8669043,37.492589,188229.7844,443689.916
2130015500,-,105,행정경계,0,무,126.8663661,37.4926553,188182.2034,443697.3433
2130015600,광명고가차도,104,도로시설물,0,무,126.8686289,37.4939395,188382.5067,443839.5931
2130015800,광명고가차도(1),105,행정경계,0,무,126.8682413,37.4953596,188348.4514,443997.2564
2130018700,-,105,행정경계,0,무,126.8542276,37.4836328,187107.19,442697.5633
2130018800,한일유앤아이앞,101,도로교차점,0,무,126.87647,37.4856661,189074.7185,442920.4146
2130019000,구로현대아파트,101,도로교차점,0,무,126.878187,37.4863513,189226.6686,442996.2607
2140007500,서평택IC 남측(본선),108,IC 및 JC,0,무,126.8693212,36.9956996,188367.4036,388543.689
2140009000,서평택IC 북측(본선),108,IC 및 JC,0,무,126.8691068,37.0011408,188349.1509,389147.5726
2140014600,안성JC 남측(경부선 본선),108,IC 및 JC,0,무,127.1402882,37.0306934,212482.2667,392428.4454
2140015500,송탄IC 서측(본선),108,IC 및 JC,0,무,127.1052843,37.0354935,209367.1718,392957.132
2140017900,청북IC,108,IC 및 JC,0,무,126.9219689,37.0487698,193058.7609,394428.1805
2140018000,청북IC 서측(본선),108,IC 및 JC,0,무,126.9146526,37.0487696,192407.9397,394428.7223
2140018600,서평택JC,108,IC 및 JC,0,무,126.8869071,37.0504347,189940.0604,394616.0837
2140019400,서평택JC 동측(평택음선선 본선),108,IC 및 JC,0,무,126.892038,37.0534744,190396.8552,394952.9006
2140021600,서평택JC 북측(서해안선 본선),108,IC 및 JC,0,무,126.8896933,37.0605349,190189.2031,395736.7056
2140067000,오성IC (연결로),108,IC 및 JC,0,무,126.993842,37.0133103,199451.966,390490.1226
2140067100,오성IC (연결로),108,IC 및 JC,0,무,126.9895325,37.0148017,199068.4533,390655.6641
2140067200,오성IC 북측(본선),108,IC 및 JC,0,무,126.9854023,37.0176636,198700.9379,390973.319
2140067300,평택JC 남측(본선),108,IC 및 JC,0,무,126.9847099,37.0301435,198639.5356,392358.3228
2140067400,평택JC (평택음성선 본선),108,IC 및 JC,0,무,126.9732749,37.0302698,197622.0933,392372.5647
2140067800,평택JC (평택음성선 본선),108,IC 및 JC,0,무,126.9690332,37.0338559,197244.8131,392770.6629
2140067900,평택JC 북측(본선),108,IC 및 JC,0,무,126.9846238,37.0356117,198631.977,392965.1857
2140068200,어연IC 남측,108,IC 및 JC,0,무,126.986415,37.0554482,198791.6514,395166.5758
2140068300,어연IC 북측,108,IC 및 JC,0,무,126.9890045,37.0595311,199022.032,395619.6719
2140068400,북평택영업소,104,도로시설물,0,무,126.9924822,37.0662534,199331.4124,396365.6734
2140071500,,108,IC 및 JC,0,무,126.8824704,37.0557323,189546.1306,395204.4825
2140071600,,104,도로시설물,0,무,126.8816347,37.0559295,189471.8309,395226.4597
2140071700,,105,행정경계,0,무,126.8789821,37.056562,189235.9792,395296.9574
2160004600,팔곡JC 남측(서해안선 본선),108,IC 및 JC,0,무,126.8972443,37.3050918,190890.2178,422877.1526
2160006800,안산JC 남측(서해안선 본선),108,IC 및 JC,0,무,126.8641168,37.3410845,187959.0463,426875.4608
2160006900,안산JC 동측(영동선 본선),108,IC 및 JC,0,무,126.8651524,37.3431471,188051.1452,427104.2411
2160007000,안산JC 서측(영동선 본선),108,IC 및 JC,0,무,126.8566042,37.3453726,187294.0558,427352.3555
2160007100,안산JC 북측(서해안선 본선),108,IC 및 JC,0,무,126.8597638,37.3483726,187574.514,427684.8913
2160007101,서서울T/G,108,IC 및 JC,0,무,126.8637297,37.3564449,187927.2047,428580.2772
2160007200,안산IC 동측(본선),108,IC 및 JC,0,무,126.8426684,37.3488788,186059.8914,427743.4529
2170008400,안산IC 서측(본선),108,IC 및 JC,0,무,126.8336304,37.3471898,185258.7607,427557.3797
2170008600,서안산IC 동측(본선),108,IC 및 JC,0,무,126.8066263,37.3506302,182866.83,427943.761
2170008700,서안산IC 서측(본선),108,IC 및 JC,0,무,126.7986563,37.3521837,182161.047,428117.6509
2170063400,,105,행정경계,0,무,126.7452794,37.2934751,177414.3103,421613.3596
2170063500,,104,도로시설물,0,무,126.7513342,37.312683,177956.7837,423743.6891
2170063600,,104,도로시설물,0,무,126.7513298,37.3135629,177956.654,423841.3472
2170063700,,104,도로시설물,0,무,126.7493632,37.3215163,177784.6652,424724.502
2170063800,,104,도로시설물,0,무,126.7486224,37.3248139,177719.9762,425090.6605
2170063900,,104,도로시설물,0,무,126.748591,37.3252784,177717.3313,425142.2155
2170064000,,108,IC 및 JC,0,무,126.7488306,37.3277096,177739.2819,425411.9843
2170064600,,108,IC 및 JC,0,무,126.7521485,37.3329587,178034.878,425993.7838
2170064700,,104,도로시설물,0,무,126.7549254,37.3351729,178281.6097,426238.8782
2170064800,,104,도로시설물,0,무,126.7553322,37.3354966,178317.7531,426274.7049
2170064900,,104,도로시설물,0,무,126.7572465,37.3371959,178487.8811,426462.8722
2170065000,,105,행정경계,0,무,126.7609031,37.3409355,178812.9668,426877.0737
2180000100,상암LPG주유소,101,도로교차점,0,무,126.8579969,37.5792802,187456.5961,453312.7314
2180000300,시계(수색로),105,행정경계,0,무,126.8824926,37.5911095,189621.9953,454622.6699
2180000600,북로JC,108,IC 및 JC,1,유,126.8335837,37.5949307,185303.2118,455053.3082
2180000601,창릉교,104,도로시설물,0,무,126.8329378,37.5958067,185246.3398,455150.6393
2180000602,창릉교,104,도로시설물,0,무,126.8323393,37.5965886,185193.6424,455237.506
2180000603,북로JC 동측 자유로 진출부,101,도로교차점,0,무,126.8386156,37.5904425,185746.7409,454554.3867
2180000604,북로JC 동측 자유로 진입부,101,도로교차점,0,무,126.8432941,37.5877914,186159.4494,454259.4487
2180000900,창릉교 서측 자유로 진입부,101,도로교차점,0,무,126.8297781,37.599821,184968.1076,455596.6745
2180000901,창릉교 서측 진입부,101,도로교차점,0,무,126.8307831,37.5985481,185056.6051,455455.2355
2180000902,행주교 동측 자유로 진출부,101,도로교차점,0,무,126.8250907,37.6037597,184554.9906,456034.5969
2180000903,행주교,104,도로시설물,0,무,126.823447,37.604186,184409.9314,456082.1811
2180000904,행주교,104,도로시설물,0,무,126.8222362,37.6045051,184303.0806,456117.7988
2180000905,행주대교IC 강변북로 진입램프,101,도로교차점,0,무,126.8209677,37.6048574,184191.1467,456157.1144
2180001400,행주대교IC 강변북로 진입램프,103,속성변화점,0,무,126.81752,37.6057793,183886.9059,456260.0222
2180001402,행주대교IC,101,도로교차점,0,무,126.8157521,37.6043001,183730.4764,456096.1497
2180001403,-,101,도로교차점,0,무,126.8154494,37.6040005,183703.683,456062.9472
2180001404,행주대교IC 자유로 진출램프,101,도로교차점,0,무,126.8138748,37.6068309,183565.262,456377.3695
2180002000,자유로IC,108,IC 및 JC,0,무,126.8031838,37.6150337,182623.1669,457289.7086
2180002100,자유로IC,108,IC 및 JC,0,무,126.7962919,37.6152402,182014.7346,457313.9295
2180002800,자유로IC,108,IC 및 JC,0,무,126.8012006,37.6218169,182449.6634,458042.9433
2180004200,일산IC,108,IC 및 JC,0,무,126.8043113,37.6327647,182726.8112,459257.4664
2180004600,일산IC,108,IC 및 JC,0,무,126.8049381,37.6374946,182783.2334,459782.312
2180012200,구룡사거리,102,도로시.종점,0,무,126.8762311,37.5802295,189067.3973,453415.8154
2180012300,-,105,행정경계,0,무,126.862189,37.5761407,187826.3836,452963.7347
2180012600,-,105,행정경계,0,무,126.862662,37.5762629,187868.1834,452977.2384
2180012700,-,105,행정경계,0,무,126.863574,37.5764881,187948.782,453002.1198
2180013300,덕은2교,105,행정경계,0,무,126.8773604,37.585687,189167.9425,454021.4059
2180022100,시계(서오릉로),105,행정경계,0,무,126.9048611,37.6197057,191600.7455,457794.3012
2180037000,-,105,행정경계,0,무,126.9474772,37.6586921,195365.4945,462118.4198
2180044000,고양IC,108,IC 및 JC,0,무,126.8211232,37.659713,184216.4869,462245.4859
2180044100,통일로IC,108,IC 및 JC,0,무,126.8904983,37.6736354,190339.7299,463781.3274
2180044200,고양IC,108,IC 및 JC,0,무,126.8161987,37.654686,183780.8684,461688.3863
2180044300,고양IC,108,IC 및 JC,0,무,126.818167,37.6567363,183954.9953,461915.6086
2180044800,통일로IC,108,IC 및 JC,0,무,126.8825931,37.674284,189642.42,463854.1637
2180044900,북로JC,108,IC 및 JC,0,무,126.8313955,37.5916705,185109.3084,454691.8051
2180045000,서울경기경계,105,행정경계,0,무,126.8868984,37.5934183,190011.4126,454878.4455
2180051200,-,101,도로교차점,0,무,126.8542898,37.6677232,187144.3805,463129.4758
2180054600,가양대교북단IC,101,도로교차점,0,무,126.8610384,37.5775385,187724.9773,453119.0257
2180056000,,101,도로교차점,0,무,126.839272,37.60465,185807.4089,456131.1674
2200000100,과천터널,104,도로시설물,0,무,126.9963189,37.4071655,199674.0906,434200.7844
2200000300,과천_의왕,101,도로교차점,0,무,126.9923781,37.4164509,199325.2804,435231.3496
2200000501,-,101,도로교차점,0,무,126.9935152,37.4184109,199425.9581,435448.8771
2200000700,일직JC,108,IC 및 JC,0,무,126.9970149,37.4225845,199735.7705,435912.0701
2200000701,일직JC,108,IC 및 JC,0,무,126.9957766,37.4211189,199626.152,435749.411
2200000800,갈현삼거리,101,도로교차점,0,무,126.9990393,37.4248863,199914.9612,436167.5274
2200000801,-,101,도로교차점,0,무,127.0015717,37.4295088,200139.1115,436680.5664
2200001800,상아벌지하차도,104,도로시설물,0,무,127.0013487,37.4365419,200119.3629,437461.1325
2200002300,대공원IC,104,도로시설물,0,무,127.0016444,37.4406015,200145.518,437911.6904
2200002301,-,108,IC 및 JC,0,무,127.0044481,37.4459075,200393.612,438500.597
2200002302,-,108,IC 및 JC,0,무,127.0062137,37.4489717,200549.8228,438840.681
2200002303,-,108,IC 및 JC,0,무,127.0071046,37.4498649,200628.645,438939.8248
2200003300,시계(우면산로),105,행정경계,0,무,127.0208124,37.4562744,201841.4171,439651.3702
2200003400,47번국도 서울-과천 경계,105,행정경계,0,무,127.0104451,37.4563745,200924.1474,439662.3237
2200003500,민마루고개,101,도로교차점,1,유,127.0327938,37.4599136,202901.3552,440055.5751
2200003600,-,105,행정경계,0,무,127.0343645,37.4600184,203040.314,440067.254
2200003700,화훼단지,105,행정경계,0,무,127.0287403,37.460087,202542.7253,440074.7037
2210000300,토평삼거리,101,도로교차점,0,무,127.1266404,37.572286,211187.4309,452534.52
2210000500,토평IC 서측입구(강변북로),108,IC 및 JC,0,무,127.1584451,37.5804402,213995.5372,453443.8075
2210000600,토평IC 동측입구(강변북로),108,IC 및 JC,0,무,127.1599948,37.5811921,214132.2854,453527.4926
2210000900,토평IC 남측(강동대교북단),108,IC 및 JC,0,무,127.1578981,37.5824174,213946.8515,453663.1681
2210001000,토평IC 북측(외곽순환 구리방향),108,IC 및 JC,0,무,127.1569789,37.584123,213865.345,453852.3372
2210001001,구리T/G,108,IC 및 JC,0,무,127.1564642,37.5893901,213818.9136,454436.8531
2210001700,딸기원 중문(육교)3지교차로,101,도로교차점,0,무,127.1228862,37.6010994,210851.6044,455732.0399
2210002300,부대앞,101,도로교차점,0,무,127.1201086,37.6105918,210604.9753,456785.276
2210002400,부대앞 구리방향,101,도로교차점,0,무,127.1228993,37.6106906,210851.3645,456796.562
2210002500,교통광장,101,도로교차점,0,무,127.1308696,37.6114056,211554.9883,456876.8739
2210002800,구리IC,108,IC 및 JC,0,무,127.1422816,37.6129442,212562.343,457049.1105
2210003000,동구릉입구 서울방향,101,도로교차점,0,무,127.1360432,37.6135683,212011.4426,457117.5614
2210003100,구리IC 서측(북부간선로 본선),108,IC 및 JC,0,무,127.1387012,37.6143993,212245.9853,457210.1304
2210003400,구리IC 북측(서울외곽순환선),108,IC 및 JC,0,무,127.1410425,37.6178795,212452.1205,457596.702
2210003800,퇴계원IC,108,IC 및 JC,0,무,127.1337149,37.6376349,211802.0673,459788.3983
2210004600,갈매사거리,108,IC 및 JC,0,무,127.126834,37.6411293,211194.2139,460175.3983
2210004700,퇴계원IC,108,IC 및 JC,0,무,127.1324888,37.6412362,211693.2842,460187.9535
2210006100,(한강시민공원입구교차로),101,도로교차점,0,무,127.1311818,37.5741584,211588.3272,452742.8873
2210006400,(한강시민공원입구교차로),101,도로교차점,0,무,127.1367672,37.5761942,212081.4029,452969.5376
2210006500,토평삼거리,101,도로교차점,0,무,127.1453395,37.5767589,212838.5426,453033.3526
2210006600,(원진주유소앞교차로),101,도로교차점,0,무,127.1535573,37.5779367,213564.2518,453165.2293
2210006900,토평IC 서측 강변북로 진출램프,101,도로교차점,0,무,127.1572603,37.5798609,213890.9948,453379.3396
2210017800,담터사거리,101,도로교차점,0,무,127.1123181,37.641483,209913.0134,460213.0238
2210018100,토평IC 서측 강변북로 진입램프,101,도로교차점,0,무,127.157758,37.580112,213934.9087,453407.2773
2210019600,담터사거리,101,도로교차점,0,무,127.111654,37.6409457,209854.4668,460153.3252
2210021300,-,101,도로교차점,0,무,127.1177402,37.6007397,210397.228,455691.5342
2210021900,-,101,도로교차점,0,무,127.1266142,37.610117,211179.4567,456733.3336
2210022700,중랑구-구리시경계(5),105,행정경계,0,무,127.1088501,37.5793145,209614.9275,453312.6313
2210022800,용마터널(동측),104,도로시설물,0,무,127.1236777,37.5765501,210925.084,453007.4355
2210022900,용마T/G,104,도로시설물,0,무,127.125365,37.5755277,211074.2794,452894.1652
2210023000,아천IC(북측)-암사대교(북측),104,도로시설물,0,무,127.1281541,37.5732796,211321.0048,452644.9759
2210023100,아천IC(남측),108,IC 및 JC,0,무,127.1302414,37.5710942,211505.7254,452402.6781
2210023200,암사IC(북측),108,IC 및 JC,0,무,127.1334169,37.5674292,211786.8327,451996.2989
2220005100,남양주IC 남측(본선),108,IC 및 JC,0,무,127.1547919,37.6000097,213669.2667,455615.2691
2220021000,불암산영업소,103,속성변화점,0,무,127.1219523,37.6523738,210761.7368,461422.8595
2220021100,별내IC,108,IC 및 JC,0,무,127.1157868,37.6612661,210216.4445,462409.122
2220098000,와부IC서측(본선),108,IC 및 JC,0,무,127.2054782,37.5910653,218147.4266,454631.1251
2220098300,와부IC동측(본선),108,IC 및 JC,0,무,127.2126535,37.5954785,218780.0211,455122.3526
2220098400,남양주TG,103,속성변화점,0,무,127.2413735,37.5975772,221315.7704,455361.415
2220098500,화도IC동측(본선),108,IC 및 JC,0,무,127.3152033,37.6311318,227823.2103,459104.9404
2220098600,화도IC서측(본선),108,IC 및 JC,0,무,127.3063177,37.632427,227038.4056,459246.1063
2230001200,오산IC 남측(본선),108,IC 및 JC,0,무,127.085131,37.1407279,207563.6637,404634.1882
2230001800,오산IC 북측(본선),108,IC 및 JC,0,무,127.0835639,37.1453807,207423.9795,405150.4352
2230027600,서오산JC 동측,108,IC 및 JC,0,무,127.001733,37.174682,200153.9078,408399.0343
2230027700,오산휴게소,104,도로시설물,0,무,127.0374063,37.1774715,203321.8414,408709.2714
2230027800,북오산IC 서측,108,IC 및 JC,0,무,127.0540971,37.1830679,204803.7004,409331.0858
2230027900,북오산IC 동측,108,IC 및 JC,0,무,127.0603073,37.1839862,205355.0925,409433.3318
2230028600,안녕IC (연결로),108,IC 및 JC,0,무,127.0118779,37.1924134,201054.5998,410366.9572
2230032000,서오산영업소,104,도로시설물,0,무,127.0101639,37.1890429,200902.4625,409992.876
2240002501,군자T/G,108,IC 및 JC,0,무,126.7799846,37.3578566,180508.2123,428750.9499
2240003000,조남JC남측(서해안선본선),108,IC 및 JC,0,무,126.8679305,37.3656605,188300.8071,429602.5295
2240003200,조남JC동측(서울외곽순환본선),108,IC 및 JC,0,무,126.8727029,37.3685408,188723.9927,429921.6226
2240003600,조남JC서측(서울외곽순환본선),108,IC 및 JC,0,무,126.8642877,37.3701973,187978.8317,430106.5071
2240003700,조남JC북측(서해안선본선),108,IC 및 JC,0,무,126.8692708,37.3727459,188420.6204,430388.7356
2240004500,월곶JC남측(본선),108,IC 및 JC,0,무,126.7607398,37.383634,178810.5036,431615.9923
2240004800,월곶JC북측(본선),108,IC 및 JC,0,무,126.7436802,37.3954635,177303.2271,432932.8671
2240005200,목감IC남측(서해안선목포방향),108,IC 및 JC,0,무,126.8706891,37.3940439,188549.4841,432752.3193
2240005400,목감IC입구,101,도로교차점,1,유,126.8675215,37.3964209,188269.3651,433016.5199
2240005700,목감IC북측(서해안선인천방향),108,IC 및 JC,0,무,126.8719786,37.3980845,188664.2783,433200.6096
2240007800,신천IC동측(본선),108,IC 및 JC,0,무,126.7853848,37.429947,181004.8313,436750.8133
2240008100,신천IC서측(본선),108,IC 및 JC,0,무,126.7777872,37.4311217,180332.6841,436882.7521
2240008900,안현JC남측(본선 서울외곽순환),108,IC 및 JC,0,무,126.819588,37.4340695,184032.9697,437202.0134
2240009000,안현JC서측(본선 제2경인),108,IC 및 JC,0,무,126.8122261,37.4348982,183381.6003,437295.2586
2240010300,안현JC동측(본선 제2경인),108,IC 및 JC,0,무,126.8218381,37.4394653,184233.2395,437800.4907
2240010500,제2경인고속도로,105,행정경계,0,무,126.8378406,37.4403021,185649.5707,437890.8084
2240010800,안현JC북측(본선 서울외곽순환),108,IC 및 JC,0,무,126.8135628,37.4404538,183501.1171,437911.6169
2240014200,시흥IC동측(본선),108,IC 및 JC,0,무,126.800568,37.4538345,182354.2745,439399.0431
2240014201,시흥T/G,108,IC 및 JC,0,무,126.803514,37.4509818,182614.2763,439081.893
2240014500,시흥IC서측(본선),108,IC 및 JC,0,무,126.7933803,37.4570127,181719.0842,439753.1595
2240054700,,108,IC 및 JC,0,무,126.7272218,37.380232,175840.9658,431246.48
2240054800,,108,IC 및 JC,0,무,126.7367138,37.3810147,176681.8872,431330.9591
2240054900,,108,IC 및 JC,0,무,126.744798,37.38446,177398.9054,431711.3713
2240055000,,108,IC 및 JC,0,무,126.7620282,37.3882773,178925.908,432131.0483
2240055100,,108,IC 및 JC,0,무,126.7937186,37.3885202,181732.3843,432151.3925
2240055200,,108,IC 및 JC,0,무,126.8032605,37.3885928,182577.4005,432157.6455
2240055300,,108,IC 및 JC,0,무,126.8290758,37.3912752,184864.062,432450.8991
2240055600,,108,IC 및 JC,0,무,126.8376587,37.3932446,185624.4791,432668.1315
2240055700,도리JC남측),108,IC 및 JC,0,무,126.8510326,37.393519,186808.8011,432696.629
2240056200,도리JC(북측),108,IC 및 JC,0,무,126.8442163,37.3997591,186206.3551,433390.1667
2240056300,,104,도로시설물,0,무,126.8551146,37.3963164,187170.7428,433006.5425
2240059800,,104,도로시설물,0,무,126.7614795,37.3415341,178864.2125,426943.3792
2240059900,,104,도로시설물,0,무,126.7673433,37.3496239,179386.0253,427839.9266
2240060000,,104,도로시설물,0,무,126.7682187,37.3540327,179464.7896,428329.0448
2240060100,,104,도로시설물,0,무,126.7682344,37.3543255,179466.2597,428361.5444
2240060200,,104,도로시설물,0,무,126.7683183,37.3559195,179474.1314,428538.4265
2240060300,,104,도로시설물,0,무,126.7683287,37.3561084,179475.1056,428559.3889
2240060400,,108,IC 및 JC,0,무,126.7670309,37.3764589,179365.7007,430818.2743
2250000400,둔대JC 동측(영동선 본선),108,IC 및 JC,0,무,126.9091802,37.3228301,191950.2848,424844.7271
2250000700,군포IC 서측(본선),108,IC 및 JC,0,무,126.919155,37.3247329,192834.5672,425055.1053
2250000800,군포IC 동측(본선),108,IC 및 JC,0,무,126.9243995,37.3266652,193299.5651,425269.1689
2250001000,동군포IC,108,IC 및 JC,0,무,126.9411634,37.328533,194785.4756,425475.4089
2250003800,산본IC 서측(본선),108,IC 및 JC,0,무,126.9297308,37.3757716,193776.1372,430718.8423
2260000100,월암IC 남측(본선),108,IC 및 JC,0,무,126.9624899,37.3030633,196674.4593,422647.7263
2260000400,월암IC 북측(본선),108,IC 및 JC,0,무,126.9652159,37.3061016,196916.2625,422984.832
2260000500,부곡IC 동측(본선),108,IC 및 JC,0,무,126.9643782,37.3220129,196842.6651,424750.7526
2260000600,부곡IC 서측(본선),108,IC 및 JC,0,무,126.9582337,37.324992,196298.194,425081.6134
2260000800,신부곡IC 남측(본선),108,IC 및 JC,0,무,126.9658623,37.3283153,196974.4611,425450.1687
2260001300,신부곡IC 북측(본선),108,IC 및 JC,0,무,126.9714407,37.3353328,197469.0952,426228.8371
2260001600,의왕IC 남측(본선),108,IC 및 JC,0,무,126.9746859,37.3378699,197756.756,426510.334
2260001800,의왕IC 북측(본선),108,IC 및 JC,0,무,126.9802693,37.343274,198251.663,427109.9852
2260002800,의왕터널,104,도로시설물,0,무,126.9989788,37.3609004,199909.5326,429066.0577
2260003000,의왕터널,104,도로시설물,0,무,126.9992687,37.3666059,199935.2166,429699.2807
2260003100,-,101,도로교차점,0,무,126.9977781,37.3715569,199803.1919,430248.7569
2260003300,-,103,속성변화점,0,무,126.9978012,37.3771797,199805.2533,430872.805
2260003700,학의JC 남측(과천~고색간 연결로,108,IC 및 JC,0,무,126.9994201,37.381583,199948.6389,431361.4997
2260003800,학의JC 서측(본선),108,IC 및 JC,0,무,126.9953099,37.3857981,199584.6466,431829.3249
2260004000,학의JC 동측(본선),108,IC 및 JC,0,무,127.0073646,37.3892304,200652.1821,432210.275
2260004100,학의JC 북측(과천~고색간 연결로,108,IC 및 JC,0,무,127.0041118,37.3946568,200364.0984,432812.5035
2260004301,청계T/G,108,IC 및 JC,0,무,127.0245295,37.3929305,202172.1235,432621.1902
2260005300,-,104,도로시설물,0,무,127.0019372,37.4009277,200171.5253,433508.4723
2260005400,-,105,행정경계,0,무,126.9983758,37.404862,199856.1995,433945.1282
2260027500,의왕 T/G,108,IC 및 JC,0,무,126.9843841,37.3475039,198616.3497,427579.3696
2270000100,산곡JC 북측(본선),108,IC 및 JC,0,무,127.2414789,37.4830399,221357.7285,442649.1633
2270000400,서하남IC 서측(본선),108,IC 및 JC,0,무,127.1496033,37.5115637,213226.7041,445798.055
2270000500,서하남IC 동측(본선),108,IC 및 JC,0,무,127.1545735,37.5131452,213665.8421,445974.2952
2270001300,하남IC 남측(본선),108,IC 및 JC,0,무,127.219996,37.5259874,219446.5137,447411.132
2270001301,동서울T/G,104,도로시설물,0,무,127.2230648,37.5153239,219720.5876,446228.2611
2270001900,하남JC남측(서울외곽순환),108,IC 및 JC,0,무,127.1961501,37.5294323,217337.8551,447788.8186
2270002000,하남IC,108,IC 및 JC,0,무,127.2165331,37.5300504,219139.375,447861.365
2270002200,하남JC 동측(중부선 본선),108,IC 및 JC,0,무,127.2016194,37.5315642,217820.7862,448026.4494
2270002201,동서울만남휴게소,104,도로시설물,0,무,127.2088695,37.5312748,218461.6814,447995.7308
2270002400,하남JC 서측(중부선 본선),108,IC 및 JC,0,무,127.191662,37.533001,216940.3481,448184.078
2270003500,초이동,105,행정경계,0,무,127.158341,37.5406352,213993.7852,449025.8962
2270003800,상일동동아아파트입구,101,도로교차점,0,무,127.1669491,37.5442344,214753.8441,449426.6891
2270003900,시계(천호대로),105,행정경계,0,무,127.1690675,37.5450911,214940.8838,449522.0987
2270004100,상일IC 남측(외곽순환선 판교방,108,IC 및 JC,0,무,127.1809232,37.5456649,215988.4708,449587.735
2270004400,상일IC동측,105,행정경계,0,무,127.1828666,37.5493815,216159.416,450000.5649
2270004500,풍산사거리,101,도로교차점,0,무,127.183294,37.5494867,216197.1565,450012.3164
2270004802,미사IC서측(본선),108,IC 및 JC,0,무,127.1850834,37.5801307,216348.583,453413.7576
2270004900,올림픽대로 서울강동-경기하남,105,행정경계,0,무,127.1753104,37.5778303,215485.8038,453156.7858
2270005000,선동IC,101,도로교차점,0,무,127.1792408,37.5787628,215832.7898,453260.932
2270009300,하남-서울 행정경계,105,행정경계,0,무,127.1449649,37.5169522,212815.6903,446395.4717
2270011300,-,102,도로시.종점,0,무,127.1953528,37.5296389,217267.3382,447811.5992
2270020600,하남-서울 행정경계,105,행정경계,0,무,127.1714668,37.5453244,215152.862,449548.3781
2270020700,하남-서울 행정경계,105,행정경계,0,무,127.1739089,37.5456678,215368.6059,449586.8878
2270023200,미사IC동측(본선),108,IC 및 JC,0,무,127.1932742,37.5830866,217071.4136,453743.2891
2270024800,하남IC검단로진출,108,IC 및 JC,0,무,127.2204114,37.522854,219484.0474,447063.4505
2270025700,강일5.7단지,101,도로교차점,0,무,127.1794724,37.5665526,215855.8354,451905.7761
2270025800,코리아 주류상사,101,도로교차점,0,무,127.18192,37.5588422,216073.731,451050.4369
2270026100,마천터널(동측),104,도로시설물,0,무,127.1491361,37.5044032,213186.6509,445003.2721
2270026200,감일남로2,103,속성변화점,0,무,127.1478327,37.5047726,213071.3453,445044.0883
2270026300,위례지하보차도(동측),104,도로시설물,0,무,127.145379,37.5054747,212854.2674,445121.6734
2270026400,위례지하보차도(서측),104,도로시설물,0,무,127.1445641,37.505726,212782.1683,445149.4547
2270026500,감일남로1,103,속성변화점,0,무,127.1436724,37.5060327,212703.2787,445183.3676
2270026600,송파구-하남시경계(7),105,행정경계,0,무,127.1410971,37.5066992,212475.463,445257.005
2280011900,기흥IC 남측(본선),108,IC 및 JC,0,무,127.100685,37.2216183,208936.0649,413612.843
2280013200,기흥IC 북측(본선),108,IC 및 JC,0,무,127.1026238,37.2242901,209107.8158,413909.5435
2280013201,기흥휴게소,104,도로시설물,0,무,127.1070128,37.2312165,209496.4691,414678.6842
2280018500,양지IC 서측(본선),108,IC 및 JC,0,무,127.2909315,37.2389745,225815.061,415573.9823
2280019400,양지IC 동측(본선),108,IC 및 JC,0,무,127.2983378,37.2409838,226471.5373,415799.0225
2280022500,용인IC 동측(본선),108,IC 및 JC,0,무,127.2119288,37.2557888,218800.7668,417421.4609
2280022501,용인휴게소,104,도로시설물,0,무,127.2321924,37.2482945,220600.4472,416593.9367
2280022502,용인휴게소,104,도로시설물,0,무,127.2468786,37.2457478,221904.1749,416314.5925
2280022800,용인IC 서측(본선),108,IC 및 JC,0,무,127.2059936,37.2581243,218273.6756,417679.4984
2280024200,수원IC 남측(본선),108,IC 및 JC,0,무,127.1038504,37.2636887,209211.8817,418282.2179
2280024600,마성IC 남측 분기점,108,IC 및 JC,0,무,127.1906156,37.2662558,216907.6779,418579.0891
2280026500,수원IC 북측(본선),108,IC 및 JC,0,무,127.103828,37.2687368,209209.2822,418842.4598
2280029000,신갈JC 남측(경부선 본선),108,IC 및 JC,0,무,127.1037225,37.2844401,209198.0082,420585.2518
2280029400,마성IC 서측 분기점,108,IC 및 JC,0,무,127.1554128,37.2883679,213781.138,421027.4521
2280029600,신갈JC 서측(영동선 본선),108,IC 및 JC,0,무,127.0989448,37.2897323,208773.7157,421172.1446
2280029700,신갈JC 동측(영동선 본선),108,IC 및 JC,0,무,127.1093505,37.2908114,209696.2764,421292.9151
2280030000,신갈JC 북측(경부선 본선),108,IC 및 JC,0,무,127.103665,37.2952377,209191.6011,421783.5936
2280030001,죽전휴게소,104,도로시설물,0,무,127.1036163,37.335607,209182.3641,426263.9244
2280076000,,102,도로시.종점,0,무,127.0826294,37.2772764,207328.1867,419788.353
2280076100,,103,속성변화점,0,무,127.0742762,37.2805666,206587.0805,420152.8991
2280076200,원천지하차도,103,속성변화점,0,무,127.0635075,37.2939567,205631.0751,421638.278
2280076500,서수지IC,108,IC 및 JC,0,무,127.0545548,37.3207492,204835.5444,424611.3073
2280076800,서수지영업소,104,도로시설물,0,무,127.0586433,37.3282999,205197.4136,425449.5338
2280077000,고기터널,103,속성변화점,0,무,127.0610164,37.3474641,205406.3599,427576.5781
2280077100,고기터널,103,속성변화점,0,무,127.0634909,37.3552219,205625.0335,428437.7225
2280077200,고기JCT,108,IC 및 JC,0,무,127.0631173,37.3593205,205591.6268,428892.576
2280098200,기흥동탄IC 북측(본선),108,IC 및 JC,1,유,127.0988344,37.2190688,208772.1117,413329.7204
2300008300,호법JC 남측(중부선 본선),108,IC 및 JC,0,무,127.4284067,37.2305884,238017.8314,414689.6055
2300008500,호법JC 동측(영동선 본선),108,IC 및 JC,0,무,127.4336878,37.2354717,238484.0113,415233.7063
2300008700,호법JC 서측(영동선 본선),108,IC 및 JC,0,무,127.4209513,37.2388615,237352.1386,415604.8135
2300009700,덕평IC 동측(본선),108,IC 및 JC,0,무,127.3665711,37.2410897,232525.8568,415832.0327
2300009800,호법JC 북측(중부선 본선),108,IC 및 JC,0,무,127.4250428,37.2421622,237713.54,415972.759
2300009900,덕평IC 서측(본선),108,IC 및 JC,0,무,127.3616359,37.2425269,232087.3495,415989.8517
2300010100,이천IC 동측(본선),108,IC 및 JC,0,무,127.5016369,37.2449075,244508.072,416310.7008
2300010500,이천IC 서측(본선),108,IC 및 JC,0,무,127.4949207,37.2453897,243911.8927,416361.0722
2300012200,마장JC 남측(중부선 본선),108,IC 및 JC,0,무,127.4154716,37.2534947,236858.7785,417226.6981
2300013300,마장JC 북측(제2중부선 연결로),108,IC 및 JC,0,무,127.4132456,37.2556293,236660.2652,417462.7376
2300013301,이천휴게소,104,도로시설물,0,무,127.4054282,37.2640952,235962.7283,418399.3155
2300015300,서이천IC 남측(본선),108,IC 및 JC,0,무,127.3933726,37.275254,234888.2037,419633.2379
2300016500,서이천IC 북측(본선),108,IC 및 JC,0,무,127.3881811,37.2800197,234425.6001,420160.2523
2300016501,이천휴게소,104,도로시설물,0,무,127.3799767,37.2896639,233693.6972,421227.645
2310002700,안성IC 남측(본선),108,IC 및 JC,0,무,127.1552208,36.9916295,213817.9786,388095.2761
2310003200,안성IC 북측(본선),108,IC 및 JC,0,무,127.1532434,36.99679,213641.0307,388667.6981
2310003201,안성휴게소,104,도로시설물,0,무,127.1480724,37.0093755,213178.5591,390063.6774
2310012000,,108,IC 및 JC,0,무,127.1633574,37.0314664,214534.7283,392517.5073
2310012500,송탄IC 동측(본선),108,IC 및 JC,0,무,127.1120524,37.0338138,209969.5592,392771.418
2310012700,,108,IC 및 JC,0,무,127.1582794,37.0348559,214082.287,392892.9083
2310012800,안성JC 서측(평택음성선 본선),108,IC 및 JC,0,무,127.1332238,37.0347727,211853.076,392880.2641
2310013300,안성JC 동측(평택음성선 본선),108,IC 및 JC,0,무,127.146022,37.0371993,212991.3327,393151.2281
2310014000,안성JC 북측(경부선 본선),108,IC 및 JC,0,무,127.1380908,37.0391549,212285.3901,393367.2099
2310014001,안성휴게소,104,도로시설물,0,무,127.1277189,37.0811095,211356.3874,398021.986
2310021600,일죽IC 남측(본선),108,IC 및 JC,0,무,127.4524498,37.0890877,240226.3933,398995.5548
2310022100,일죽IC 북측(본선),108,IC 및 JC,0,무,127.4487727,37.093321,239897.2464,399463.8219
2310077700,,108,IC 및 JC,0,무,127.2419742,36.9774157,221544.9169,386533.9786
2310098900,,104,도로시설물,0,무,127.2700537,36.9695361,224047.5403,385666.236
2310099000,,104,도로시설물,0,무,127.388361,36.972514,234581.171,386033.1178
2310099100,,104,도로시설물,0,무,127.2938538,36.9741704,226165.2914,386186.8059
2310099200,,108,IC 및 JC,0,무,127.2464913,36.9747771,221947.8644,386242.1773
2310099300,,104,도로시설물,0,무,127.302798,36.9755957,226961.2066,386347.4845
2310099400,,104,도로시설물,0,무,127.3223468,36.9773404,228701.1833,386546.8186
2310099500,,104,도로시설물,0,무,127.326255,36.9786142,229048.6743,386689.3619
2310099600,,104,도로시설물,0,무,127.3346324,36.9812894,229793.5324,386988.8372
2310099700,,104,도로시설물,0,무,127.3403968,36.9819853,230306.4884,387067.8915
2320000407,고촌IC(남측),108,IC 및 JC,0,무,126.7953238,37.5853979,181922.0419,454001.9422
2320000900,김포IC 남측(본선),108,IC 및 JC,0,무,126.7720404,37.595617,179868.2932,455140.8897
2320000901,김포T/G,108,IC 및 JC,0,무,126.766245,37.5919587,179355.4706,454736.1192
2320001300,김포IC 북측(본선),108,IC 및 JC,0,무,126.7790789,37.599287,180490.8407,455546.7306
2320009800,김포-서울강서구 행정경계,105,행정경계,0,무,126.7999441,37.5895255,182331.1013,454459.181
2320048200,김포한강로램프4,108,IC 및 JC,0,무,126.7988958,37.5957485,182239.9978,455150.0715
2330005100,발안IC 남측(본선),108,IC 및 JC,0,무,126.8833766,37.1207709,189635.5932,402422.3281
2330006300,발안IC 북측(본선),108,IC 및 JC,0,무,126.8808614,37.1276767,189413.0257,403189.0164
2330006301,화성휴게소,104,도로시설물,0,무,126.8801174,37.1404034,189348.6987,404601.5033
2330006302,화성휴게소,104,도로시설물,0,무,126.8800103,37.1475352,189340.1873,405393.0034
2330024200,비봉IC 남측(본선),108,IC 및 JC,0,무,126.8814272,37.2391485,189478.784,415560.2197
2330026100,비봉IC 북측(연결로),108,IC 및 JC,0,무,126.8826799,37.2457571,189590.8438,416293.5179
2330026500,진천IC 북측(본선),108,IC 및 JC,0,무,126.9502504,37.2477926,195586.115,416514.1252
2330027300,-,103,속성변화점,0,무,126.9496197,37.2522272,195530.4239,417006.3164
2330027700,-,105,행정경계,0,무,126.9490451,37.2563245,195479.6898,417461.0768
2330028300,매송IC 남측(본선),108,IC 및 JC,0,무,126.8967019,37.2759266,190838.5925,419640.3539
2330028500,매송IC 북측(본선),108,IC 및 JC,0,무,126.8986394,37.2806598,191010.9931,420165.4778
2330119600,향남IC 남측,108,IC 및 JC,0,무,126.999995,37.127982,199999.5597,403216.2521
2330119800,향남IC 동측,108,IC 및 JC,0,무,127.001379,37.1326683,200122.5376,403736.3387
2330119900,서오산JC 남측,108,IC 및 JC,0,무,126.997276,37.1715528,199758.0796,408051.7607
2330120000,동탄JC 남측(경부선),108,IC 및 JC,0,무,127.0949795,37.1739405,208434.9846,408320.9727
2330120100,동탄영업소,104,도로시설물,0,무,127.0905461,37.1781119,208040.8228,408783.5333
2330120200,서오산JC 서측,108,IC 및 JC,0,무,126.9908494,37.1789882,199187.4049,408876.9821
2330120300,서오산JC 북측,108,IC 및 JC,0,무,127.0011372,37.1797827,200100.9859,408965.1145
2330120400,동탄JC 북측(경부선),108,IC 및 JC,0,무,127.0958558,37.1824096,208511.8643,409260.9612
2330120500,정남IC 동측,108,IC 및 JC,0,무,126.9730952,37.1827676,197610.9071,409296.7267
2330120900,정남IC 서측,108,IC 및 JC,0,무,126.9683363,37.1885868,197188.5394,409942.6795
2330121200,봉담영업소,104,도로시설물,0,무,126.9653862,37.2090368,196927.4218,412212.3328
2330121300,봉담IC 남측,108,IC 및 JC,0,무,126.9598899,37.223722,196440.219,413842.3194
2330121600,봉담IC 북측,108,IC 및 JC,0,무,126.953408,37.2340801,195865.518,414992.1496
2330151100,,104,도로시설물,0,무,126.8778388,37.0568435,189134.3272,395328.3248
2330151200,,104,도로시설물,0,무,126.8764601,37.0571846,189011.7447,395366.3355
2330151300,,104,도로시설물,0,무,126.8756954,37.0573778,188943.7611,395387.8648
2330151400,,104,도로시설물,0,무,126.8713035,37.0586845,188553.3169,395533.3983
2330151500,,104,도로시설물,0,무,126.8710343,37.0587903,188529.3923,395545.181
2330151600,,104,도로시설물,0,무,126.8652235,37.0623378,188013.1144,395939.5887
2330151700,,104,도로시설물,0,무,126.8649978,37.0625382,187993.0713,395961.8561
2330151800,,104,도로시설물,0,무,126.8593854,37.069429,187495.0417,396727.3148
2330151900,,104,도로시설물,0,무,126.8590563,37.0698697,187465.8497,396776.2707
2330152000,,104,도로시설물,0,무,126.8517641,37.0816655,186819.3928,398086.3449
2330152100,,104,도로시설물,0,무,126.851633,37.0819226,186807.7846,398114.8988
2330152200,,104,도로시설물,0,무,126.8490234,37.0868602,186576.6185,398663.2259
2330152300,,104,도로시설물,0,무,126.8487937,37.0872667,186556.2695,398708.3737
2330152400,,104,도로시설물,0,무,126.845271,37.0930677,186244.1168,399352.6782
2330152500,,104,도로시설물,0,무,126.8442785,37.0946243,186156.157,399525.568
2330152600,,104,도로시설물,0,무,126.8441361,37.0948473,186143.5429,399550.3338
2330152700,,104,도로시설물,0,무,126.8410491,37.0996274,185869.988,400081.2863
2330152800,,104,도로시설물,0,무,126.8408691,37.099904,185854.0393,400112.0091
2330152900,,104,도로시설물,0,무,126.8402742,37.100768,185801.3189,400207.9804
2330153000,,104,도로시설물,0,무,126.8400845,37.1010272,185784.5049,400236.7778
2330153100,,104,도로시설물,0,무,126.8264464,37.1126741,184574.5211,401531.4748
2330153200,,104,도로시설물,0,무,126.8262176,37.1128434,184554.2226,401550.3075
2330153300,,104,도로시설물,0,무,126.8225343,37.1155761,184227.4186,401854.1876
2330153400,,104,도로시설물,0,무,126.8221051,37.1158973,184189.3402,401889.9052
2330153500,,108,IC 및 JC,0,무,126.8207369,37.116912,184067.9444,402002.7424
2330153700,,108,IC 및 JC,0,무,126.8155183,37.1209458,183605.0159,402451.3055
2330153900,,104,도로시설물,0,무,126.8110251,37.1291063,183207.5026,403357.7434
2330154000,,104,도로시설물,0,무,126.8109364,37.1293392,183199.669,403383.609
2330154100,,104,도로시설물,0,무,126.8083371,37.1363702,182970.274,404164.3659
2330154200,,104,도로시설물,0,무,126.8082554,37.1365881,182963.062,404188.5648
2330154300,,104,도로시설물,0,무,126.8078546,37.1376698,182927.6962,404308.6909
2330154400,,104,도로시설물,0,무,126.807782,37.137866,182921.2844,404330.4691
2330154500,,104,도로시설물,0,무,126.8072388,37.1393308,182873.35,404493.1323
2330154600,,104,도로시설물,0,무,126.8071304,37.1396273,182863.7871,404526.0641
2330154700,,104,도로시설물,0,무,126.8063401,37.1417531,182794.0481,404762.1274
2330154800,,104,도로시설물,0,무,126.8059514,37.1427966,182759.7579,404878.0044
2330154900,,104,도로시설물,0,무,126.8037179,37.1488095,182562.7027,405545.7314
2330155000,,104,도로시설물,0,무,126.8029464,37.1508845,182494.64,405776.1546
2330155100,,104,도로시설물,0,무,126.7956883,37.1661105,181853.5037,407467.3153
2330155200,,104,도로시설물,0,무,126.7954972,37.1663038,181836.5765,407488.799
2330155300,,104,도로시설물,0,무,126.7908635,37.169765,181425.8685,407873.8219
2330155400,,104,도로시설물,0,무,126.7881066,37.1712689,181181.3906,408041.2798
2330155500,,104,도로시설물,0,무,126.7860819,37.1726746,181001.924,408197.6879
2330155600,,104,도로시설물,0,무,126.7859096,37.1728119,180986.6532,408212.9582
2330155700,,104,도로시설물,0,무,126.7822459,37.1766891,180662.2723,408643.9927
2330155800,,104,도로시설물,0,무,126.7820506,37.1769716,180645.0008,408675.3872
2330155900,,104,도로시설물,0,무,126.7814429,37.1779474,180591.2807,408783.8047
2330156000,,104,도로시설물,0,무,126.7812908,37.1782111,180577.8406,408813.1055
2330156100,,104,도로시설물,0,무,126.7742548,37.1905512,179956.2831,410184.091
2330156200,,104,도로시설물,0,무,126.7740959,37.1907692,179942.2297,410208.3103
2330156300,,104,도로시설물,0,무,126.7682739,37.197574,179427.1469,410964.77
2330156400,,104,도로시설물,0,무,126.7680649,37.1978119,179408.6611,410991.2214
2330156500,,104,도로시설물,0,무,126.7671304,37.1988675,179325.9796,411108.5758
2330156600,,104,도로시설물,0,무,126.7666384,37.1994259,179282.4538,411170.6475
2330156700,,104,도로시설물,0,무,126.7646155,37.2017032,179103.4891,411423.836
2330156800,,104,도로시설물,0,무,126.764423,37.2019199,179086.4633,411447.9275
2330156900,,108,IC 및 JC,0,무,126.7608139,37.2066246,178767.3777,411970.8651
2330157500,,108,IC 및 JC,0,무,126.7595597,37.2116368,178657.4497,412527.4061
2330157600,,104,도로시설물,0,무,126.7601286,37.2210495,178710.5971,413571.9176
2330157700,,104,도로시설물,0,무,126.760222,37.2216723,178719.0617,413641.0224
2330157800,,104,도로시설물,0,무,126.7606783,37.2245858,178760.3759,413964.2632
2330157900,,104,도로시설물,0,무,126.7607257,37.2248868,178764.6686,413997.6638
2330158000,,104,도로시설물,0,무,126.7609286,37.22638,178783.0936,414163.3308
2330158100,,104,도로시설물,0,무,126.7609531,37.2266547,178785.3414,414193.8097
2330158200,,104,도로시설물,0,무,126.7609931,37.2301251,178789.8662,414578.9576
2330158300,,104,도로시설물,0,무,126.7609722,37.2304209,178788.0959,414611.7899
2330158400,,104,도로시설물,0,무,126.7604953,37.2334394,178746.615,414946.8983
2330158500,,104,도로시설물,0,무,126.7604355,37.2336912,178741.3864,414974.8527
2330158600,,108,IC 및 JC,0,무,126.7601367,37.2347947,178715.1813,415097.3887
2330158700,,108,IC 및 JC,0,무,126.7575978,37.2419938,178491.9242,415896.9419
2330158800,,104,도로시설물,0,무,126.7557213,37.2472127,178326.9213,416476.5778
2330158900,,104,도로시설물,0,무,126.7555742,37.2475615,178313.9686,416515.318
2330159000,,104,도로시설물,0,무,126.7546262,37.2492901,178230.3603,416707.3867
2330159100,,104,도로시설물,0,무,126.7541741,37.2499346,178190.4331,416779.017
2330159200,,104,도로시설물,0,무,126.7494701,37.2542777,177774.3773,417262.1121
2330159300,,104,도로시설물,0,무,126.7492553,37.2544604,177755.3677,417282.4479
2330159400,,104,도로시설물,0,무,126.7466212,37.2578277,177522.6876,417656.7744
2330159500,,104,도로시설물,0,무,126.7464776,37.2581505,177510.0478,417692.6348
2330159600,,104,도로시설물,0,무,126.7457483,37.2805624,177452.037,420180.151
2330159700,,104,도로시설물,0,무,126.7457361,37.2808423,177451.0354,420211.2174
2330159800,,104,도로시설물,0,무,126.7454068,37.2884543,177424.109,421056.1069
2330159900,기흥동탄IC 남측(본선),108,IC 및 JC,1,유,127.0961956,37.214124,208538.4605,412780.6973
2340001700,곤지암IC 남측(본선),108,IC 및 JC,0,무,127.3222688,37.3490343,228554.0732,427797.8175
2340002700,곤지암IC 북측(본선),108,IC 및 JC,0,무,127.3203285,37.3541619,228380.227,428366.3172
2340015100,광주IC 동측(본선),108,IC 및 JC,0,무,127.2742722,37.4465644,224269.9375,438608.8114
2340015400,광주IC 서측(본선),108,IC 및 JC,0,무,127.2662635,37.4490291,223560.4836,438880.3222
2350012100,양주영업소,103,속성변화점,0,무,126.9179758,37.6794562,192764.3688,464424.8992
2350012200,송추IC,108,IC 및 JC,0,무,126.9736703,37.7124769,197678.3971,468087.0604
2350012500,송추IC,108,IC 및 JC,0,무,126.9777282,37.7154771,198036.2826,468419.9549
2370005400,여주JC 남측(중부내륙선 본선),108,IC 및 JC,0,무,127.5920795,37.2269788,252545.1748,414367.2619
2370005500,여주JC 동측(영동선 본선),108,IC 및 JC,0,무,127.6010145,37.2338082,253333.3166,415130.2124
2370005600,여주JC 서측(영동선 본선),108,IC 및 JC,0,무,127.5822121,37.234931,251664.034,415244.398
2370005601,여주휴게소,104,도로시설물,0,무,127.5745945,37.2383699,250985.7428,415621.9274
2370005602,여주휴게소,104,도로시설물,0,무,127.5645913,37.2398941,250097.1089,415785.7438
2370007200,여주IC 서측(본선),108,IC 및 JC,0,무,127.6501452,37.252262,257679.1023,417207.09
2370007300,여주IC 동측(본선),108,IC 및 JC,0,무,127.655289,37.253125,258134.7923,417306.02
2370083600,,108,IC 및 JC,0,무,127.5884675,37.2372896,252217.5031,415509.5878
2370083700,,104,도로시설물,0,무,127.5797414,37.2762674,251416.6882,419830.7264
2370083800,,104,도로시설물,0,무,127.5793856,37.2826722,251380.7784,420541.3689
2370084000,,108,IC 및 JC,0,무,127.5823841,37.3023815,251633.2204,422730.4316
2370084200,,108,IC 및 JC,0,무,127.5820961,37.3070184,251604.5178,423244.9047
2370084300,,108,IC 및 JC,0,무,127.5267983,37.3703475,246662.9707,430244.744
2370085100,,108,IC 및 JC,1,유,127.5264716,37.3731643,246632.2844,430557.211
2370085400,,108,IC 및 JC,1,유,127.5262274,37.3757302,246609.0665,430841.8672
2370085500,,104,도로시설물,1,유,127.5218936,37.3913938,246215.5954,432578.1784
2370085600,,104,도로시설물,1,유,127.5208293,37.3947146,246119.3134,432946.2157
2370085700,,104,도로시설물,1,유,127.518186,37.4004747,245881.7364,433584.2177
2370085800,,104,도로시설물,1,유,127.5172956,37.4017273,245802.1348,433722.807
2370085900,,104,도로시설물,1,유,127.516479,37.40269,245729.2462,433829.2586
2370086000,,104,도로시설물,1,유,127.5092787,37.4083521,245088.3312,434454.2095
2370086100,,104,도로시설물,1,유,127.504971,37.4131928,244704.0753,434989.4082
2370086200,,104,도로시설물,1,유,127.5038102,37.4157431,244599.799,435271.9133
2370086300,,104,도로시설물,1,유,127.5035291,37.4165027,244574.4643,435356.0816
2370086400,,104,도로시설물,1,유,127.4912057,37.4303681,243475.5215,436889.2
2370086600,,108,IC 및 JC,1,유,127.587841,37.2501249,252153.0641,416933.7557
2370086900,,108,IC 및 JC,1,유,127.5876991,37.2562854,252136.2293,417617.3992
2390044300,청평IC남측(본선),108,IC 및 JC,0,무,127.4939313,37.6661393,243579.2755,463058.4726
2390044500,청평IC북측(본선),108,IC 및 JC,0,무,127.4978211,37.6716521,243919.232,463672.161
2400080300,서종IC서측(본선),108,IC 및 JC,0,무,127.3665313,37.6339704,232352.76,459436.4617
2400080500,서종IC동측(본선),108,IC 및 JC,0,무,127.37448,37.6342078,233054.2659,459465.5767
2400098600,,104,도로시설물,1,유,127.4865794,37.4343278,243063.7867,437326.5522
2400098700,,104,도로시설물,1,유,127.4775692,37.4443549,242260.7119,438435.3528
2400098800,,104,도로시설물,1,유,127.4771262,37.445214,242221.0273,438530.502
2400098900,,104,도로시설물,1,유,127.4749992,37.4607104,242024.1364,440249.4545
2400099000,,104,도로시설물,1,유,127.452695,37.5004893,240029.6013,444654.7005
2400099100,,104,도로시설물,1,유,127.4521718,37.5079011,239979.3845,445477.099
2400099500,,108,IC 및 JC,1,유,127.4385219,37.5157768,238768.4299,446345.4937
2400099600,,104,도로시설물,1,유,127.4407527,37.5174743,238964.7667,446534.8238
2400099700,,108,IC 및 JC,1,유,127.449944,37.5188926,239776.5756,446696.0848
2400099800,,108,IC 및 JC,1,유,127.4444316,37.5202052,239288.5699,446839.4438
2500072100,강촌IC서측(본선),108,IC 및 JC,0,무,127.6207551,37.7330573,254719.7589,470552.3842
2510010900,문막IC,108,IC 및 JC,0,무,127.8237151,37.3093617,273022.819,423664.2489
2510010901,-,103,속성변화점,0,무,127.8171321,37.2951518,272452.8493,422082.0792
2790031700,,104,도로시설물,0,무,127.4089741,36.959099,236423.0469,384552.0294
2810011001,음성휴게소,104,도로시설물,0,무,127.4815088,37.0152208,242851.5009,390810.5298
2810011002,음성휴게소,104,도로시설물,0,무,127.4829473,37.0248616,242974.0899,391881.1003
2810019300,감곡IC,108,IC 및 JC,0,무,127.6667519,37.125544,259251.3522,403153.77
2850022701,입장휴게소,104,도로시설물,0,무,127.1893303,36.9455764,216864.618,382989.9321
2850216200,안성천교,108,IC 및 JC,1,유,127.1891057,36.9000713,216854.6232,377939.9012
3000017300,,108,IC 및 JC,0,무,126.7815532,36.9367275,180539.5695,382013.4564
3000017701,행담도휴게소,104,도로시설물,0,무,126.8094418,36.9427947,183025.3854,382681.4474
3000017702,행담도휴게소,104,도로시설물,0,무,126.8087538,36.9429951,182964.1468,382703.8036
1179910010,본선시점부(금천),104,도로시설물,0,무,126.9031206,37.4382464,191426.3414,437654.7167
1179910020,금천영업소,104,도로시설물,0,무,126.9061914,37.4380679,191698.0883,437634.6347
1179910030,관악터널입구,104,도로시설물,0,무,126.9075194,37.438051,191815.6112,437632.6428
1179920360,관악터널출구부,104,도로시설물,0,무,126.9075143,37.4381592,191815.1661,437644.652
1179920380,금천영업소,104,도로시설물,0,무,126.9061963,37.438176,191698.5323,437646.6289
1179920390,본선시점부(금천),104,도로시설물,0,무,126.9031203,37.4383549,191426.3265,437666.7571
1209910090,관악터널중간부,104,도로시설물,0,무,126.9316475,37.4533692,193952.1388,439330.9184
1209910140,관악터널출구부,104,도로시설물,0,무,126.9465981,37.4678588,195275.889,440938.219
1209910150,봉천터널입구부,104,도로시설물,0,무,126.9489994,37.4697065,195488.429,441143.1661
1209910210,봉천터널중간부,104,도로시설물,0,무,126.9680471,37.4672636,197173.3146,440871.2918
1209910250,봉천터널출구부,104,도로시설물,0,무,126.9832237,37.4698063,198515.9522,441153.1501
1209920120,봉천터널입구부,104,도로시설물,0,무,126.9831928,37.4699118,198513.2229,441164.8648
1209920170,봉천터널중간부,104,도로시설물,0,무,126.9630967,37.4688533,196735.4519,441047.8964
1209920230,봉천터널출구부,104,도로시설물,0,무,126.9489181,37.4697932,195481.2431,441152.7977
1209920240,관악터널입구부,104,도로시설물,0,무,126.9464873,37.4679214,195266.0936,440945.1647
1209920300,관악터널중간부,104,도로시설물,0,무,126.9298903,37.4522301,193796.5714,439204.6163
1219910260,서초터널입구부,104,도로시설물,0,무,126.9893083,37.470319,199054.2074,441209.9835
1219910300,서초터널중간부,104,도로시설물,0,무,127.0064049,37.466882,200566.6039,440828.4805
1219910340,선암영업소,104,도로시설물,0,무,127.0219723,37.4609701,201943.9252,440172.5549
1219910350,선암UD,104,도로시설물,0,무,127.026214,37.4601505,202319.2163,440081.6836
1219920010,선암UD,104,도로시설물,0,무,127.0262291,37.460258,202320.5515,440093.6097
1219920020,선암영업소,104,도로시설물,0,무,127.0220193,37.4610716,201948.0756,440183.8196
1219920060,서초터널중간부,104,도로시설물,0,무,127.0050838,37.4675082,200449.7299,440897.9749
1219920110,서초터널출구부,104,도로시설물,0,무,126.9893151,37.4704271,199054.8123,441221.9791
1170020100,소하JC,108,IC 및 JC,0,무,126.9019417,37.4383628,191322.0251,437667.7453
1170020200,소하IC,101,도로교차점,0,무,126.9031099,37.4383012,191425.4067,437660.799
1170020300,소하IC,108,IC 및 JC,0,무,126.9057278,37.438217,191657.0738,437651.2165
1170020400,금천요금소,103,속성변화점,0,무,126.9061463,37.4382128,191694.1105,437650.7185
1170020500,관악터널,104,도로시설물,0,무,126.9072359,37.4381867,191790.5397,437647.7231
1200029300,관악IC,108,IC 및 JC,0,무,126.9459136,37.4689511,195215.4088,441059.4812
1200029400,관악IC,108,IC 및 JC,0,무,126.9462137,37.4675611,195241.8634,440905.1969
1200029500,관악IC,108,IC 및 JC,0,무,126.9494009,37.4699423,195523.9588,441169.3225
1200029600,관악IC,108,IC 및 JC,0,무,126.9514112,37.4686988,195701.7221,441031.2131
1200029700,사당IC,108,IC 및 JC,0,무,126.9831269,37.4697728,198507.3868,441149.4424
1200029800,사당IC,108,IC 및 JC,0,무,126.9834792,37.4711235,198538.5749,441299.3422
1200030100,사당IC,108,IC 및 JC,0,무,126.986577,37.4680197,198812.5594,440954.8219
1210053800,사당IC,108,IC 및 JC,0,무,126.984914,37.4701671,198665.4847,441193.1699
1210053900,사당IC,108,IC 및 JC,0,무,126.986573,37.4691303,198812.2272,441078.0813
1210054100,사당IC,108,IC 및 JC,0,무,126.9882861,37.4703763,198963.7871,441216.345
1210054200,서초터널,104,도로시설물,0,무,127.0170559,37.4627853,201508.9249,440373.9218
1210054300,선암요금소,103,속성변화점,0,무,127.0221415,37.4609706,201958.8904,440172.6124
1150122600,마곡119안전센터,101,도로교차점,0,무,126.8183125,37.5709416,183949.4085,452393.2888
1150123400,마곡역1번출구앞,101,도로교차점,0,무,126.8237474,37.5600269,184427.2617,451180.9718
1150074900,LG사이언스파크,101,도로교차점,1,유,126.8275266,37.564403,184762.066,451666.0458
1150075000,마곡나루역,101,도로교차점,0,무,126.8278587,37.5666606,184791.8682,451916.5598
1150075100,강서도로사업소,101,도로교차점,1,유,126.8287792,37.5727737,184874.4267,452594.8907
1150124700,마곡동721-7,101,도로교차점,0,무,126.8266509,37.5580738,184683.4051,450963.7137
1150125200,마곡동302,101,도로교차점,1,유,126.8286427,37.5718981,184862.1918,452497.7283
1150123200,마곡동730-643,101,도로교차점,0,무,126.8236424,37.5592915,184417.8371,451099.3593
1150125000,캐슬파크오피스텔,101,도로교차점,0,무,126.8280933,37.5681902,184812.8999,452086.2848
1150123800,마곡엠밸리7단지아파트,101,도로교차점,0,무,126.8248958,37.566937,184530.1562,451947.72
1150124400,두산더랜드타워,101,도로교차점,1,유,126.8261606,37.5668238,184641.8783,451934.9427
1150125100,두산더랜드파크,101,도로교차점,1,유,126.8282574,37.5692995,184827.6224,452209.3832
1120027100,북가좌동470-1,101,도로교차점,0,무,126.9112846,37.5766605,192163.3241,453016.1958
1150123100,마곡동730-680,101,도로교차점,0,무,126.8235138,37.5583899,184406.284,450999.3147
1150141700,방화터널(남측),104,도로시설물,0,무,126.8168749,37.5784105,183824,453222.4
1150141800,방화터널(북측),104,도로시설물,0,무,126.8175949,37.5826412,183888.5,453691.9
1230113200,,102,도로시.종점,0,무,127.130174,37.471934,211515.0344,441397.1259
1230113400,,102,도로시.종점,0,무,127.132806,37.475881,211747.2283,441835.5156
2040079400,,101,도로교차점,0,무,127.135566,37.46546,211992.9719,440679.3172
2040079600,,101,도로교차점,0,무,127.13614,37.466211,212043.672,440762.6705
2040079700,,101,도로교차점,0,무,127.136758,37.46736,212098.1401,440890.3278
2040079800,,101,도로교차점,0,무,127.13697,37.471118,212116.3161,441307.4369
1230114500,위례24단지,101,도로교차점,0,무,127.137127,37.47435,212129.6625,441666.1502
1230114600,송례초교,101,도로교차점,0,무,127.137579,37.478422,212168.9705,442118.1246
2040080500,,101,도로교차점,0,무,127.139212,37.464906,212315.6765,440618.2176
1230115200,,102,도로시.종점,0,무,127.139613,37.481631,212348.3693,442474.535
2040080900,,101,도로교차점,0,무,127.140285,37.466205,212410.345,440762.6002
2040081000,,101,도로교차점,0,무,127.140383,37.467217,212418.8389,440874.9058
2040081100,,101,도로교차점,0,무,127.140613,37.470962,212438.5924,441290.5743
1230115800,,101,도로교차점,0,무,127.140788,37.474063,212453.5645,441634.7734
1230115900,,101,도로교차점,0,무,127.140804,37.474339,212454.8984,441665.4378
1230116000,,101,도로교차점,0,무,127.140862,37.475372,212459.886,441780.101
2040081600,,101,도로교차점,0,무,127.141486,37.465561,212516.6767,440691.2649
1230116200,위례22단지,101,도로교차점,0,무,127.141627,37.478261,212527.0746,442100.7661
2040082400,,101,도로교차점,0,무,127.142363,37.465132,212594.3595,440643.7419
2040082700,,101,도로교차점,0,무,127.14317,37.470876,212664.7958,441281.3959
2270086600,,101,도로교차점,0,무,127.143352,37.473996,212680.3241,441627.6306
1230117500,,101,도로교차점,0,무,127.143372,37.474211,212682.1061,441651.5642
1230117600,,101,도로교차점,0,무,127.143491,37.475272,212692.4096,441769.3027
2040083300,,101,도로교차점,0,무,127.143917,37.466987,212731.5326,440849.8489
1230117900,위례별초교,101,도로교차점,0,무,127.144274,37.478171,212761.2146,442091.1312
2040083600,,101,도로교차점,0,무,127.145997,37.464279,212916.0003,440549.5227
2040083700,,101,도로교차점,0,무,127.146554,37.470291,212964.2172,441216.9581
2040084000,,101,도로교차점,0,무,127.147131,37.463481,213016.4818,440461.221
2270087800,위례중앙로하남시계,101,도로교차점,0,무,127.14724,37.47393,213024.2753,441620.9281
1230118700,위례순환로하남시계,101,도로교차점,0,무,127.147493,37.47803,213045.9373,442076.0067
2040084400,,101,도로교차점,0,무,127.147567,37.465405,213054.6552,440674.7761
1230119000,,102,도로시.종점,0,무,127.147695,37.481295,213063.2409,442438.3328
2040084600,,101,도로교차점,0,무,127.148079,37.469919,213099.1688,441175.807
2040084700,,101,도로교차점,0,무,127.148373,37.464975,213126.1166,440627.1237
2040084800,,101,도로교차점,0,무,127.148823,37.466894,213165.5416,440840.2442
2040084900,,101,도로교차점,0,무,127.149164,37.464555,213196.1694,440580.6391
2270088800,,101,도로교차점,0,무,127.149524,37.473834,213226.3149,441610.4941
2040085200,,101,도로교차점,0,무,127.149617,37.466475,213235.8907,440793.8117
2040085300,,101,도로교차점,0,무,127.149709,37.467937,213243.7696,440956.0935
2040085400,,101,도로교차점,0,무,127.150182,37.469153,213285.3811,441091.1368
2040085500,,101,도로교차점,0,무,127.150224,37.46984,213288.9518,441167.344
2040085600,,101,도로교차점,0,무,127.150338,37.471948,213298.7086,441401.2833
2270089500,,101,도로교차점,0,무,127.150439,37.473795,213307.2596,441606.3138
2270089700,,101,도로교차점,0,무,127.151886,37.477052,213434.6723,441968.0249
2040086100,,102,도로시.종점,0,무,127.153458,37.466841,213575.6253,440835.016
2270090000,,101,도로교차점,0,무,127.154355,37.473632,213653.7152,441588.777
2040079500,위례중앙지하차도(동측),104,도로시설물,0,무,127.135991,37.474367,212029.1799,441667.8652
1230124000,위례중앙지하차도(서측),104,도로시설물,0,무,127.120562,37.476681,210664.0311,441922.8192
2270089900,하남시-성남시경계,105,행정경계,0,무,127.154322,37.472953,213650.9235,441513.4885
2040085700,하남시-성남시경계,105,행정경계,0,무,127.1504,37.473078,213303.9405,441526.7301
1230118800,서울시-하남시경계,105,행정경계,0,무,127.147527,37.478528,213048.8841,442131.2373
1230118300,위례파출소,105,행정경계,0,무,127.1469,37.478091,212993.5248,442082.6681
2040083900,하남시-성남시경계,105,행정경계,0,무,127.147141,37.473012,213015.6687,441518.9689
2270087200,위례중앙로성남시계,108,IC 및 JC,0,무,127.145869,37.473995,212902.9905,441627.9077
1230117700,서울시-하남시경계,105,행정경계,0,무,127.143723,37.475742,212712.899,441821.4649
2270086500,하남시-성남시경계,105,행정경계,0,무,127.14332,37.473452,212677.6163,441567.2541
1230117100,서울시-하남시경계,105,행정경계,0,무,127.142962,37.475289,212645.6906,441771.0869
2040081200,하남시-성남시경계,105,행정경계,0,무,127.140745,37.473294,212449.8524,441549.4344
1230115300,위례1지하차도(동측),105,행정경계,0,무,127.139728,37.474245,212359.7492,441654.8293
1230114700,위례1지하차도(서측),108,IC 및 JC,0,무,127.13819,37.474304,212223.7176,441661.154
2040079900,서울시-성남시경계,105,행정경계,0,무,127.137111,37.474022,212128.3059,441629.6884
1230011300,서울시-성남시경계,101,도로교차점,1,유,127.131244,37.468897,211610.1152,441060.2147
2040002900,-,101,도로교차점,1,유,127.140659,37.463086,212443.9343,440416.4373
1230012200,송파IC11,108,IC 및 JC,0,무,127.130158,37.470533,211513.7994,441241.6513
1230000200,송파IC10,108,IC 및 JC,0,무,127.129617,37.470723,211465.917,441262.6213
2040003100,-,105,행정경계,0,무,127.131736,37.467996,211653.7991,440960.2082
1030041300,성수동1가656-947,102,도로시.종점,0,무,127.0462812,37.5422247,204090.13,449191.55
1030041500,성수동2가334-13,102,도로시.종점,0,무,127.0514933,37.542808,204550.71,449256.53
1030041600,송정동90-3,102,도로시.종점,0,무,127.0707414,37.5553484,206250.72,450649.46
1040023601,군자동134-58,101,도로교차점,1,유,127.0712127,37.5549164,206292.4,450601.54
1030042501,뚝도아리수정수센터,101,도로교차점,0,무,127.0437846,37.5396693,203869.62,448907.81
1030042401,태진고물상,101,도로교차점,0,무,127.0437264,37.5380669,203864.56,448729.97
1030042601,광림특장차서울센타,102,도로시.종점,0,무,127.0569203,37.5541561,205029.56,450516.3
1030042801,단하주단,101,도로교차점,1,유,127.0585794,37.558393,205175.87,450986.64
1030042701,후생관,101,도로교차점,0,무,127.0558339,37.5590869,204933.24,451063.5
1030042901,창대판금,101,도로교차점,0,무,127.0592067,37.5614487,205231.09,451325.81
1050037601,세븐일레븐,101,도로교차점,1,유,127.0594117,37.5622694,205249.14,451416.91
1040023001,아차산역(서울5호선),101,도로교차점,0,무,127.0897052,37.5519665,207926.72,450275.54
1040016001,광남고등학교,101,도로교차점,0,무,127.1017189,37.5421479,208989.48,449186.87
1040017501,광장동449-2,101,도로교차점,1,유,127.0983541,37.5419859,208692.14,449168.57
1040019701,능동465-10,101,도로교차점,0,무,127.0761283,37.5464659,206727.51,449663.98
1220029903,대치동1021-18,101,도로교차점,0,무,127.0592659,37.4957829,205240.91,444037.73
1220028701,역삼중학교,101,도로교차점,0,무,127.0494743,37.4960028,204375.02,444061.64
1220030501,역삼동755-8,101,도로교차점,0,무,127.0508011,37.4985304,204492.2,444342.23
1220034901,브이피,101,도로교차점,0,무,127.0440977,37.5035636,203899.17,444900.55
1220035101,역삼동801-33,101,도로교차점,0,무,127.0371185,37.5039322,203282.05,444941.2
1220038101,대명중학교,101,도로교차점,0,무,127.0614693,37.5067925,205434.96,445259.77
1220040601,논현동279-164,101,도로교차점,0,무,127.039671,37.5103037,203507.44,445648.44
1220042501,삼성1동주민센터,101,도로교차점,0,무,127.0623266,37.5135683,205510.26,446011.85
1220043201,삼성동111-125,101,도로교차점,0,무,127.0440521,37.5140783,203894.6,446067.55
1220043202,언주중학교,101,도로교차점,0,무,127.0458794,37.5146349,204056.11,446129.4
1220045102,삼성동111-107,101,도로교차점,0,무,127.0439445,37.5169673,203884.94,446388.18
1220045103,삼성동111-115,101,도로교차점,0,무,127.0435383,37.5154778,203849.1,446222.85
1220045104,삼성동111-107,101,도로교차점,0,무,127.0441213,37.5163463,203900.6,446319.27
1220045101,강남구청역(서울7호선),101,도로교차점,0,무,127.0424645,37.5166853,203754.11,446356.82
1220044501,강남구청,101,도로교차점,0,무,127.046774,37.5168848,204135.08,446379.15
1220049701,논현동279-11,101,도로교차점,0,무,127.0366346,37.5208706,203238.53,446821.13
1190029300,속성변화점,103,속성변화점,0,무,126.9848228,37.5001291,198657.95,444518.56
1190029200,동작구-서초구,105,행정경계,0,무,126.9797326,37.5033668,198207.93,444877.99
1190029100,동작구-서초구,105,행정경계,0,무,126.9792395,37.5042194,198164.35,444972.62
1190029000,동작구-서초구,105,행정경계,0,무,126.9791771,37.5043272,198158.83,444984.59
1190028900,동작구-서초구,105,행정경계,0,무,126.9791072,37.5044482,198152.65,444998.02
1190028800,동작구-서초구,105,행정경계,0,무,126.9788863,37.5048301,198133.13,445040.41
1190013701,노량진동329-3,101,도로교차점,0,무,126.9412994,37.5059186,194809.78,445162.63
1180072500,여의상류IC,106,106,0,무,126.9363957,37.5161056,194376.97,446293.54
1180073000,여의상류IC,106,106,0,무,126.9407499,37.5165575,194761.94,446343.45
1180073100,여의상류IC,106,106,0,무,126.9408813,37.5165836,194773.55,446346.33
1190026300,사당동105,102,도로시.종점,0,무,126.9749757,37.4902053,197786.93,443417.34
1190026600,상도동531-5,101,도로교차점,0,무,126.9502529,37.4972294,195600.92,444197.78
1190026700,신대방동707-4,102,도로시.종점,0,무,126.9127688,37.495746,192286.1,444035.56
1190026900,신대방동720-2,102,도로시.종점,0,무,126.9294923,37.4950045,193764.91,443952.02
1190027200,속성변화점,103,속성변화점,0,무,126.9372414,37.5067532,194451.05,445255.49
1190027400,상도동527-2,102,도로시.종점,0,무,126.9447658,37.5061033,195116.29,445182.94
1190027500,상도동535-1,101,도로교차점,0,무,126.9442283,37.5040285,195068.63,444952.7
1190028000,흑석동130-15,101,도로교차점,0,무,126.9600394,37.5096946,196466.92,445580.85
1190028300,흑석동336-11,101,도로교차점,0,무,126.964314,37.5018456,196844.53,444709.56
1190028200,흑석동327,102,도로시.종점,0,무,126.9628017,37.5014873,196710.79,444669.84
1190028400,흑석동336-11,102,도로시.종점,0,무,126.9642266,37.501129,196836.76,444630.03
1190026800,상도동458,102,도로시.종점,0,무,126.9337794,37.4937213,194143.92,443809.33
1190027100,속성변화점,103,속성변화점,0,무,126.9348917,37.5063949,194243.26,445215.86
1190027600,상도동535,102,도로시.종점,0,무,126.9438409,37.5036369,195034.34,444909.26
1190027300,노량진동329-3,102,도로시.종점,0,무,126.9404287,37.5060783,194732.8,445180.4
1190027700,상도2동주민센터,102,도로시.종점,0,무,126.9422285,37.5046285,194891.85,445019.39
1190027000,상도동159-10,102,도로시.종점,0,무,126.9487405,37.4999374,195467.35,444498.41
1190027800,동작-관악구,105,행정경계,0,무,126.9494007,37.4929728,195525.31,443725.4
1190027900,상도동217-29,102,도로시.종점,0,무,126.9420411,37.4955962,194874.66,444016.93
1190028100,사당중학교,102,도로시.종점,0,무,126.9681763,37.4874223,197185.51,443108.64
1190026400,-,102,도로시.종점,0,무,126.9800253,37.4875057,198233.43,443117.6
1210027101,총신대입구역(서울4호선),101,도로교차점,0,무,126.9822434,37.4875571,198429.6,443123.27
1190026500,동작동333-6,102,도로시.종점,0,무,126.9782004,37.4946382,198072.22,443909.25
1210029501,동작동55-3,101,도로교차점,0,무,126.9827542,37.4938382,198474.91,443820.38
1190029401,뜨고바꼬,101,도로교차점,0,무,126.9541986,37.4935037,195949.64,443784.1
1190029501,숭실대입구역,101,도로교차점,1,유,126.9544777,37.4953809,195974.42,443992.44
1190028700,동작구-관악구,101,도로교차점,1,유,126.9564988,37.4923873,196153,443660.1
1190029601,광명크리닝,101,도로교차점,0,무,126.9635995,37.4898726,196780.83,443380.74
1190029701,이마트24,101,도로교차점,1,유,126.9628845,37.4921656,196717.71,443635.25
1190029801,구립다움어린이집,101,도로교차점,1,유,126.9632705,37.4923769,196751.84,443658.69
1190029901,버스정류장,101,도로교차점,0,무,126.9625591,37.4929843,196688.96,443726.13
1200013901,봉천동1693-14,101,도로교차점,0,무,126.9444915,37.4794843,195090.29,442228.6
1200004402,신림동305-37,101,도로교차점,0,무,126.9315423,37.4646655,193943.75,440584.67
1200004401,신림동1704-10,101,도로교차점,0,무,126.9299988,37.464578,193807.19,440575.05
1200011201,영락의료과학고등학교,101,도로교차점,0,무,126.9441054,37.4769182,195055.98,441943.82
1200025901,구암중학교,101,도로교차점,0,무,126.9489652,37.4922541,195486.76,443645.66
1200030200,봉천동1693-18,101,도로교차점,0,무,126.9444036,37.4789731,195082.48,442171.87
1200030300,청룡동주민센터,102,도로시.종점,0,무,126.9423912,37.4791481,194904.5,442191.39
2080036700,관악구-안양시만안구,105,행정경계,0,무,126.9291107,37.4495686,193727.37,438909.27
1200030401,봉천로사거리,101,도로교차점,1,유,126.9528055,37.4821682,195825.81,442526.07
1210079900,우면동594-3,101,도로교차점,1,유,127.0150116,37.4575113,201328.16,439788.55
1210074700,신양재IC,106,106,1,유,127.04818,37.4547753,204262.91,439485.87
1210075500,신양재IC교차로,101,도로교차점,1,유,127.0509884,37.4609613,204511.02,440172.57
1210077700,신양재IC교차로,101,도로교차점,1,유,127.0564007,37.4586331,204990.01,439914.44
1210085200,내곡동184-26,101,도로교차점,1,유,127.0650614,37.4553943,205756.5,439555.48
1210085300,내곡동340-1,101,도로교차점,1,유,127.0596201,37.4572411,205274.94,439760.12
1210011801,서울우면초등학교,101,도로교차점,1,유,127.0245759,37.4640178,202174.18,440510.86
1210011803,우면동714,101,도로교차점,1,유,127.0255655,37.4649166,202261.7,440610.64
1210016901,방배동1034-2,101,도로교차점,0,무,127.0045829,37.4764608,200405.37,441891.59
1210019601,서초동1748-46,101,도로교차점,0,무,127.0162908,37.4816489,201440.87,442467.51
1210020201,방배동912-14,101,도로교차점,1,유,126.998745,37.4816463,199889,442467.1
1210020202,방배동1037-8,101,도로교차점,0,무,127.0021619,37.4823083,200191.21,442540.58
1210023402,서초동1376,101,도로교차점,0,무,127.0313307,37.4841848,202771.01,442749.3
1210023401,서초동1381,101,도로교차점,1,유,127.0295836,37.4852498,202616.46,442867.45
1210027501,서초동1748-16,101,도로교차점,1,유,127.0085046,37.4902399,200752.12,443420.92
1210029801,서초역사거리,101,도로교차점,0,무,127.0069118,37.4916271,200611.25,443574.87
1210031901,반포동513-2,101,도로교차점,0,무,127.0043689,37.4985665,200386.33,444345.03
1210032801,반포동128-10,101,도로교차점,1,유,127.0124568,37.4990522,201101.51,444399.01
1210032802,서초동1748-6,101,도로교차점,1,유,127.0130001,37.4967469,201149.59,444143.15
1210032803,반포동128-10,101,도로교차점,0,무,127.0123803,37.499377,201094.74,444435.05
1210034401,반포동128-12,101,도로교차점,1,유,126.9969182,37.4995177,199727.49,444450.6
1210033301,반포동131-3,101,도로교차점,0,무,127.0191201,37.5003407,201690.7,444542.11
1210036501,반포동128-1,101,도로교차점,0,무,126.9951236,37.5032375,199568.83,444863.45
1210046401,잠원역(서울3호선),101,도로교차점,1,유,127.0105542,37.5124694,200933.1,445888.12
1210048401,잠원동78,101,도로교차점,1,유,127.0150962,37.5204361,201334.52,446772.38
1220157700,한남IC,106,106,0,무,127.0145781,37.5252994,201288.64,447312.14
1220157800,한남대교남측,106,106,0,무,127.0146791,37.5253724,201297.57,447320.24
1210008302,신원동280-1,101,도로교차점,0,무,127.0531877,37.4497884,204706.29,438932.64
1210008304,신원동201-3,101,도로교차점,0,무,127.0560404,37.4469665,204958.9,438619.59
1210008301,신원동480-5,101,도로교차점,0,무,127.0524293,37.4539275,204638.93,439391.98
1210008303,신원동361-15,101,도로교차점,0,무,127.0562851,37.4516397,204980.25,439138.27
1210008305,신원동136-3,101,도로교차점,0,무,127.0586605,37.4492656,205190.59,438874.91
1210008306,신원동136-3,101,도로교차점,0,무,127.0576269,37.4501204,205099.08,438969.71
1210073800,원지동산82-10,101,도로교차점,1,유,127.039338,37.4582675,203480.41,439873.1
1210073600,청계산지하차도서측,104,도로시설물,0,무,127.0378411,37.4593594,203347.93,439994.23
1210080000,우면동357-5,101,도로교차점,0,무,127.0250253,37.4602455,202214.05,440092.2
1210010801,내곡동산12-543,101,도로교차점,0,무,127.081974,37.4615664,207252.3,440241.66
1210011802,속성변화점,103,속성변화점,0,무,127.0195976,37.4645531,201733.74,440570.17
1210011804,우면동200-6,101,도로교차점,0,무,127.0205987,37.4670431,201822.25,440846.55
1210014901,우면동176-10,101,도로교차점,0,무,127.0229676,37.4672705,202031.8,440871.83
1210020101,방배동493-5,101,도로교차점,0,무,126.9825331,37.4827388,198455.12,442588.5
1210021201,방배동960-36,101,도로교차점,0,무,126.9867893,37.4835723,198831.58,442680.95
1210033001,강남역(신분당선),101,도로교차점,0,무,127.0276938,37.4961177,202448.96,444073.59
1210044501,뉴코아아울렛,101,도로교차점,0,무,127.006975,37.5095283,200616.69,445561.66
1210044201,뉴코아백화점사거리,101,도로교차점,0,무,127.0064875,37.5105331,200573.58,445673.18
1210074100,청계산지하차도동측,104,도로시설물,0,무,127.0426368,37.4582611,203772.28,439872.52
1210074300,양재IC,106,106,0,무,127.0463583,37.4572827,204101.58,439764.08
1210074600,신양재IC,106,106,0,무,127.0476636,37.4587755,204216.99,439929.82
1210075200,신양재IC교차로,101,도로교차점,0,무,127.0498605,37.4594025,204411.32,439999.51
1210078700,서리풀터널서측,104,도로시설물,1,유,126.9989803,37.4892742,199909.82,443313.7
1210078800,서리풀터널동측,104,도로시설물,0,무,127.003814,37.4907106,200337.3,443473.13
1210079700,구룡지하차도서측,104,도로시설물,0,무,127.0479121,37.4692725,204238.39,441094.86
1210079800,우면동754,101,도로교차점,1,유,127.0151099,37.4566261,201336.87,439690.31
1210080200,속성변화점,103,속성변화점,0,무,126.9855123,37.4826396,198718.62,442577.45
1210080300,반포동18-7,101,도로교차점,0,무,126.9956987,37.5019124,199619.67,444716.39
1210080600,반포동520-4,102,도로시.종점,0,무,127.0030481,37.4985462,200269.53,444342.77
1210080700,반포2동주민센터,101,도로교차점,0,무,126.9944988,37.5042871,199513.58,444979.96
1210080800,계성초등학교,101,도로교차점,0,무,126.9970985,37.5054287,199743.46,445106.64
1210081000,우면동718,101,도로교차점,1,유,127.0259088,37.4646836,202292.08,440584.79
1180014001,-,101,도로교차점,1,유,126.9101682,37.5038281,192056.99,444932.78
1180016601,해군회관앞교차로,101,도로교차점,0,무,126.9162205,37.5043953,192592.19,444995.24
1180027201,영등포동4가315-2,101,도로교차점,0,무,126.9015553,37.5176751,191297.04,446470.39
1180024501,영등포동582-18,101,도로교차점,1,유,126.9116559,37.514371,192189.63,446102.79
1180026901,문래동3가76-7,101,도로교차점,0,무,126.8906653,37.5163446,190334.14,446323.79
1180028001,여의도동7-1,101,도로교차점,0,무,126.9331643,37.517279,194091.38,446423.97
1180000501,영등포역교차로,101,도로교차점,1,유,126.906331,37.5170266,191719.16,446397.98
1180005601,문래동5가19-1,101,도로교차점,0,무,126.8865467,37.51758,189970.2,446461.33
1180005602,문래동6가19-1,101,도로교차점,0,무,126.8876588,37.5174122,190068.49,446442.58
1180030601,영등포동4가123-1,101,도로교차점,1,유,126.9025446,37.5183522,191384.57,446545.45
1180032501,문래동3가82-2,101,도로교차점,1,유,126.8919959,37.5194952,190452.17,446673.32
1180034101,GS홈쇼핑본사,101,도로교차점,1,유,126.8896038,37.5204314,190240.82,446777.48
1180034701,양우건설본사,101,도로교차점,1,유,126.9049332,37.5210262,191596.03,446842.01
1180038201,당산동2가40-2,101,도로교차점,1,유,126.8941208,37.5216452,190640.28,446911.73
1180008301,양평동1가14-1,101,도로교차점,0,무,126.8884223,37.5252824,190137.02,447316
1180045201,영등포동7가29-65,101,도로교차점,1,유,126.9072559,37.5253478,191801.83,447321.45
1180045202,영등포전화국교차로,101,도로교차점,0,무,126.906458,37.5254496,191731.31,447332.82
1180048701,-,101,도로교차점,0,무,126.9036819,37.5279956,191486.21,447615.64
1180046901,영등포경찰서교차로,101,도로교차점,1,유,126.9032352,37.5269615,191446.61,447500.9
1180008302,서울남부고용노동지청앞교차로,101,도로교차점,1,유,126.890881,37.5257677,190354.42,447369.6
1180008303,당중초등학교,101,도로교차점,0,무,126.8910721,37.5265503,190371.41,447456.45
1180008304,양평동3가48-1,101,도로교차점,1,유,126.8912696,37.5273507,190388.97,447545.25
1180048801,당산동4가37-1,101,도로교차점,0,무,126.8977296,37.5285681,190960.14,447679.74
1180050501,당산동5가4-8,101,도로교차점,0,무,126.9026037,37.5293372,191391.06,447764.64
1140109000,목동교앞,104,도로시설물,0,무,126.8886338,37.5306624,190156.42,447913.09
1140109100,목동교앞,104,도로시설물,0,무,126.888669,37.5307668,190159.55,447924.67
1180058901,양평동4가20-4,101,도로교차점,0,무,126.8924266,37.5359504,190492.33,448499.6
1180017401,신길동143-49,101,도로교차점,0,무,126.9175232,37.5070318,192707.64,445287.75
1180026801,문래동3가55-14,101,도로교차점,0,무,126.8961593,37.5152221,190819.71,446198.65
1180026601,청과시장입구사거리,101,도로교차점,0,무,126.9025261,37.5156134,191382.62,446241.47
1180026602,영등포역교차로,101,도로교차점,0,무,126.9063699,37.5163192,191722.51,446319.47
1180027101,영등포동585-2,101,도로교차점,0,무,126.9124939,37.5157202,192263.85,446252.46
1180072900,여의상류IC,106,106,0,무,126.9406084,37.5174249,194749.49,446439.72
1180072800,여의상류IC,106,106,0,무,126.9405017,37.5173928,194740.05,446436.16
1180031501,여의도동4-4,101,도로교차점,0,무,126.9296767,37.5196665,193783.27,446689.18
1180035101,당산동2가1-1,101,도로교차점,1,유,126.8938495,37.5204272,190616.15,446776.57
1180033001,여의도동4-3,101,도로교차점,0,무,126.9309084,37.5204377,193892.21,446774.69
1180037701,GS홈쇼핑본사,101,도로교차점,0,무,126.888585,37.5212249,190150.86,446865.65
1180035801,LG경영개발원,101,도로교차점,0,무,126.9200365,37.5213784,192931.21,446879.86
1180035301,영등포동5가205-2,101,도로교차점,0,무,126.9085104,37.5222026,191912.39,446972.26
1180038701,전경련회관삼거리,101,도로교차점,0,무,126.9191826,37.5222609,192855.8,446977.87
1180043301,IFC몰,101,도로교차점,0,무,126.925527,37.5240444,193416.8,447175.36
1180043901,여의도동2-11,101,도로교차점,0,무,126.9242164,37.5253339,193301.07,447318.57
1180044901,서울남부고용노동지청앞사거리,101,도로교차점,0,무,126.8922375,37.5255584,190474.3,447346.23
1180044902,당산동3가558-1,101,도로교차점,0,무,126.8924237,37.5263483,190490.86,447433.88
1180058002,선유중학교,101,도로교차점,0,무,126.8934555,37.5327593,190582.87,448145.32
1180058003,선유초등학교,101,도로교차점,0,무,126.8923603,37.5333156,190486.14,448207.17
1180058004,속성변화점,103,속성변화점,0,무,126.8923876,37.5322742,190488.42,448091.59
1180058005,양평동4가18-1,101,도로교차점,0,무,126.8955872,37.5354806,190771.62,448447.14
1180069300,대림동758-4,102,도로시.종점,0,무,126.9024822,37.4957376,191376.45,444035.52
1180069500,대영고등학교,101,도로교차점,0,무,126.9065317,37.5043199,191735.5,444987.69
1180069600,신길동261-6,102,도로시.종점,0,무,126.909319,37.5055282,191982.08,445121.54
1180069700,신길동2091-1,101,도로교차점,0,무,126.9165434,37.501537,192620.46,444677.98
1180070300,GS홈쇼핑본사,101,도로교차점,0,무,126.8884207,37.5206096,190136.26,446797.38
1180070500,양평동3가54-1,102,도로시.종점,0,무,126.8888206,37.5269006,190172.44,447495.55
1180070600,영등포동4가440-9,101,도로교차점,0,무,126.9040694,37.5162352,191519.13,446310.35
1180070800,속성변화점,103,속성변화점,0,무,126.913581,37.5148438,192359.87,446155.1
1180071000,영등포동2가427-1,101,도로교차점,0,무,126.9091063,37.5226095,191965.11,447017.37
1180071300,당산동4가33-3,102,도로시.종점,0,무,126.8996321,37.5276255,191128.2,447574.94
1180071400,당산동4가16-1,101,도로교차점,0,무,126.9019944,37.5285338,191337.11,447675.52
1180071800,여의도동5-5,102,도로시.종점,0,무,126.9325418,37.5179769,194036.4,446501.46
1180071900,문래동6가16-1,101,도로교차점,0,무,126.8867459,37.5184099,189987.91,446553.41
1180072000,서울영문초등학교,102,도로시.종점,0,무,126.8869709,37.5193597,190007.93,446658.81
1180070900,속성변화점,103,속성변화점,0,무,126.9121686,37.5139522,192234.92,446056.26
1180071600,롯데푸드본사,102,도로시.종점,0,무,126.8919203,37.5367661,190447.69,448590.19
1180071700,양평2동주민센터,102,도로시.종점,0,무,126.894345,37.5360912,190661.91,448515.04
1180069400,신길동2866-1,102,도로시.종점,0,무,126.9111064,37.500962,192139.64,444614.61
1180069800,신길동3085,102,도로시.종점,0,무,126.9126437,37.5021786,192275.7,444749.5
1180069900,신길동4938-4,102,도로시.종점,0,무,126.9165933,37.5069614,192625.41,445280.01
1180070000,문래동1가64-5,102,도로시.종점,0,무,126.8949327,37.5107691,190710.71,445704.54
1180070100,문래동3가59-1,102,도로시.종점,0,무,126.8955451,37.5145354,190765.32,446122.49
1180070200,문래동3가77-3,102,도로시.종점,0,무,126.891083,37.51706,190371.16,446403.14
1180070400,문래동3가94-3,102,도로시.종점,0,무,126.8919704,37.5181016,190449.74,446518.65
1180070700,롯데백화점,102,도로시.종점,0,무,126.9058692,37.515527,191678.16,446231.58
1180071200,양우건설본사,102,도로시.종점,0,무,126.9042568,37.5210763,191536.24,446847.63
1180071100,영등포동7가203,102,도로시.종점,0,무,126.906944,37.5246593,191774.19,447245.06
1180071500,당산동4가98-2,102,도로시.종점,0,무,126.9023819,37.5271589,191371.2,447522.9
1180073700,여의도동87-5,106,106,0,무,126.9468924,37.5174256,195305.03,446439.47
1180073400,여의상류IC,106,106,0,무,126.9443818,37.5173734,195083.07,446433.8
1180072700,여의상류IC,106,106,0,무,126.9400317,37.5169229,194698.48,446384.04
1180073200,여의상류IC,106,106,0,무,126.9413748,37.517184,194817.23,446412.94
1180073300,여의상류IC,106,106,0,무,126.9429855,37.5174962,194959.64,446447.5
1180072600,여의상류IC,106,106,0,무,126.9378948,37.5165074,194509.53,446338.05
1180073801,동우문구,101,도로교차점,0,무,126.9242911,37.5159761,193306.83,446279.96
1180074201,전경련회관,104,도로시설물,0,무,126.9192477,37.5226054,192861.6,447016.1
1180074001,샛강IC,106,106,0,무,126.91497,37.5209788,192483.29,446835.9
1180074301,여의나루JC,106,106,0,무,126.9202182,37.5232409,192947.44,447086.55
1180074401,여의나루JC,106,106,0,무,126.9214093,37.5236926,193052.78,447136.6
1180074501,-,101,도로교차점,0,무,126.8894237,37.5398428,190227.44,448931.92
1180074901,-,101,도로교차점,0,무,126.8819893,37.5482826,189571.58,449869.44
1180075001,월드컵대교남단,101,도로교차점,0,무,126.8822242,37.5484659,189592.36,449889.76
1180075601,월드컵대교남단,101,도로교차점,0,무,126.8877527,37.54648,190080.63,449668.74
1180074801,월드컵대교남단,101,도로교차점,0,무,126.8811217,37.5487744,189494.98,449924.11
1180075101,월드컵대교남단,106,106,0,무,126.8835574,37.547692,189710.06,449803.71
1180075701,월드컵대교남단,101,도로교차점,0,무,126.8866208,37.5491154,189980.96,449961.37
1180073600,여의도동87-5,106,106,0,무,126.9461103,37.5174471,195235.89,446441.89
1180073500,여의상류IC,106,106,0,무,126.9445668,37.5176361,195099.45,446462.95
1190000401,사당동211-2,101,도로교차점,0,무,126.9678109,37.4868157,197153.17,443041.33
1190001601,상도동26-20,101,도로교차점,1,유,126.9443779,37.5052635,195081.94,445089.75
1190028500,흑석동26-214,101,도로교차점,0,무,126.9670184,37.506913,197083.86,445271.89
1190012901,상도동451,101,도로교차점,0,무,126.9346092,37.5056265,194218.23,445130.6
1190013801,장승배기사거리,101,도로교차점,0,무,126.9395849,37.5058944,194658.19,445160.04
1190017401,흑석동172-2,101,도로교차점,1,유,126.9615612,37.5112249,196601.54,445750.64
1190004101,사당동105,101,도로교차점,0,무,126.9765552,37.4887089,197926.57,443251.21
1190004201,사당동708-535,102,도로시.종점,0,무,126.9624435,37.4898968,196678.6,443383.47
1190005301,상도동289-33,101,도로교차점,0,무,126.9328576,37.494643,194062.48,443911.69
1190005302,속성변화점,103,속성변화점,0,무,126.9343216,37.4940679,194191.9,443847.77
1190005303,상도동286-4,101,도로교차점,0,무,126.9348321,37.4933647,194236.99,443769.69
1190028600,신대방동342-57,101,도로교차점,0,무,126.9276303,37.4961273,193600.34,444076.76
1160119400,구로IC,101,도로교차점,0,무,126.8779416,37.486676,189205.01,443032.33
1160119300,구로현대로얄아파트,101,도로교차점,0,무,126.8774375,37.4871169,189160.5,443081.32
1160008401,오류동310-7,101,도로교차점,0,무,126.8327671,37.4892947,185210.24,443329.11
1160022601,개봉역(서울1호선),101,도로교차점,0,무,126.8589106,37.4953042,187523.33,443992.31
1160038101,고척동172-170,101,도로교차점,0,무,126.860445,37.5040382,187660.45,444961.46
1160048101,항동112-3,101,도로교차점,1,유,126.8224753,37.4798167,184298.06,442278.84
1160048201,항동80-6,101,도로교차점,1,유,126.8247765,37.4815819,184501.97,442474.37
1160115200,오류동156-193,102,도로시.종점,0,무,126.8419752,37.4881714,186024.38,443203.03
1160115300,하늘숲초등학교,101,도로교차점,0,무,126.8424127,37.4841802,186062.33,442760
1160115400,개봉동416-99,101,도로교차점,0,무,126.860586,37.4947708,187671.39,443932.88
1160117700,개봉동416-99,102,도로시.종점,0,무,126.8618359,37.4942458,187781.84,443874.45
1160115600,항동81-1,102,도로시.종점,0,무,126.8240269,37.4822553,184435.81,442549.24
1160115700,항동88,101,도로교차점,0,무,126.8252018,37.4812388,184539.52,442436.23
1160116100,항동176-4,101,도로교차점,0,무,126.8228396,37.4794473,184330.21,442237.79
1160116300,항동169-1,101,도로교차점,0,무,126.8231395,37.4784308,184356.53,442124.91
1160116500,항동초등학교,101,도로교차점,0,무,126.8232645,37.4775475,184367.4,442026.87
1160116200,항동174-6,101,도로교차점,0,무,126.8229895,37.479064,184343.4,442195.22
1160116600,속성변화점,103,속성변화점,0,무,126.8225646,37.4783808,184305.67,442119.46
1160115500,서울천왕초등학교,101,도로교차점,0,무,126.8383256,37.4819388,185700.42,442511.84
1160116800,천왕동277-4,101,도로교차점,0,무,126.839788,37.480264,185829.45,442325.74
1160118100,고척동171-5,101,도로교차점,0,무,126.859786,37.5051446,187602.36,445084.34
1160118200,고척동57-67,101,도로교차점,0,무,126.864723,37.5048113,188038.84,445046.71
1160118400,신도림동413-9,102,도로시.종점,0,무,126.8837338,37.505103,189719.81,445076.85
1160118600,구로동256-9,102,도로시.종점,0,무,126.8931206,37.4873635,190547.55,443107
1160118700,속성변화점,103,속성변화점,0,무,126.8427197,37.4846049,186089.56,442807.09
1160118800,신도림동692-2,102,도로시.종점,0,무,126.8882084,37.5074528,190115.76,445337.16
1160115800,항동79,102,도로시.종점,0,무,126.8259767,37.4818304,184608.18,442501.76
1160115900,항동135-53,101,도로교차점,0,무,126.8254893,37.4791474,184564.52,442204.06
1160116000,항동145-6,102,도로시.종점,0,무,126.8275891,37.4784225,184750.1,442123.26
2420064900,구로구-부천시,105,행정경계,0,무,126.8231868,37.4761604,184360.24,441872.93
1160117800,경인고등학교,102,도로시.종점,0,무,126.8652606,37.4955707,188084.9,444021.06
1160117900,고척동52-355,102,도로시.종점,0,무,126.8619733,37.5014367,187795.16,444672.52
1160118000,구로동685-156,102,도로시.종점,0,무,126.8771845,37.4955874,189139.34,444021.47
1160116400,천왕동273-9,102,도로시.종점,0,무,126.8358009,37.4823137,185477.19,442553.84
1160116700,천왕동산19-1,102,도로시.종점,0,무,126.8422628,37.4765478,186047.65,441912.92
1160116900,천왕동277-17,102,도로시.종점,0,무,126.840163,37.480589,185862.68,442361.75
1160117100,오류동352-10,101,도로교차점,1,유,126.8377257,37.4851301,185647.97,442866.13
1160117000,천왕동277-17,102,도로시.종점,0,무,126.8389131,37.4819388,185752.38,442511.75
1160117200,오류동352-12,102,도로시.종점,0,무,126.8363258,37.4852634,185524.19,442881.14
1160117300,천왕역교차로,101,도로교차점,1,유,126.8382006,37.4860716,185690.15,442970.55
1160115100,오남중학교,102,도로시.종점,0,무,126.8368132,37.4869465,185567.62,443067.87
1160117500,천왕동2-5,102,도로시.종점,0,무,126.8472873,37.4833303,186493.31,442664.96
1160117600,개봉역(서울1호선),102,도로시.종점,1,유,126.8579737,37.4945458,187440.35,443908.25
1160118300,고척동57-67,102,도로시.종점,0,무,126.8655854,37.5047363,188115.08,445038.28
1160118500,신도림동643,102,도로시.종점,0,무,126.8821089,37.5106857,189576.91,445696.63
1160117400,속성변화점,103,속성변화점,0,무,126.8428627,37.4838969,186102.08,442728.49
1170023200,구로IC,101,도로교차점,1,유,126.878187,37.4863513,189226.67,442996.26
1160119701,다올공인중개사,101,도로교차점,0,무,126.884999,37.4831929,189828.71,442644.97
1160119801,달콩집,101,도로교차점,0,무,126.8491754,37.4998859,186663.24,444502.15
1160119901,또봉이통닭,101,도로교차점,0,무,126.849368,37.4998554,186680.26,444498.74
1170000101,전화국사거리,101,도로교차점,0,무,126.9034165,37.4472925,191453.56,438658.68
1170000201,박미삼거리,101,도로교차점,0,무,126.9028472,37.4487738,191403.36,438823.13
1170004501,시흥2동주민센터,101,도로교차점,0,무,126.9145949,37.4500798,192442.99,438967.08
1170008801,독산동1080-6,101,도로교차점,0,무,126.8977925,37.461894,190957.66,440279.77
1170008802,독산동1080-8,101,도로교차점,0,무,126.8987606,37.4593924,191043.01,440002.04
1170023600,금천구-광명시,105,행정경계,0,무,126.8837909,37.4647827,189719.33,440601.82
1170023000,한일유앤아이앞교차로,101,도로교차점,1,유,126.87647,37.4856661,189074.72,442920.41
2080002901,석수역(서울1호선),101,도로교차점,0,무,126.9030164,37.4353029,191416.78,437328.04
2080002902,시흥동1001-38,101,도로교차점,0,무,126.9029928,37.4359936,191414.77,437404.7
2080036300,석수동423-33,101,도로교차점,0,무,126.9010645,37.4355536,191244.07,437356.04
1170020000,기아대교앞,101,도로교차점,1,유,126.8990789,37.4387067,191068.71,437706.18
1170005802,동광초등학교,101,도로교차점,0,무,126.9167792,37.4528555,192636.54,439274.97
1170005801,금천초등학교,101,도로교차점,0,무,126.9124107,37.4541279,192250.14,439416.53
1170007501,시흥동1000-42,101,도로교차점,0,무,126.9080033,37.4565059,191860.44,439680.84
1170007701,시흥동113-45,101,도로교차점,1,유,126.8974879,37.4567194,190930.09,439705.49
1170008901,독산동1152,101,도로교차점,0,무,126.8922139,37.4603895,190463.93,440113.35
1170009601,산기슭공원교차로,101,도로교차점,0,무,126.9076679,37.4625831,191831.42,440355.35
1170023700,금천구-광명시,105,행정경계,0,무,126.8838414,37.4649626,189723.83,440621.77
1170023500,철산교고가차도,104,도로시설물,0,무,126.8801546,37.4756408,189399.17,441807.32
1170014401,SG세계물산본사,101,도로교차점,0,무,126.8905633,37.4766288,190319.99,441915.86
1170023100,철산교,101,도로교차점,0,무,126.8781137,37.4758575,189218.68,441831.6
1170022900,금천구-광명시,105,행정경계,1,유,126.8735514,37.4851546,188816.51,442863.98
2130023400,금천고가교,106,106,1,유,126.8986231,37.4345522,191027.89,437245.13
1170020800,속성변화점,103,속성변화점,0,무,126.9077446,37.4577087,191837.67,439814.35
1170021000,속성변화점,103,속성변화점,0,무,126.908132,37.4618332,191872.4,440272.08
1170021300,박미삼거리,102,도로시.종점,0,무,126.9018952,37.4485514,191319.09,438798.54
1170021400,시흥동1026,102,도로시.종점,0,무,126.9012453,37.4465266,191261.34,438573.87
1170021500,독산동1152,101,도로교차점,0,무,126.8956456,37.4613332,190767.66,440217.74
1170021600,금나래초등학교,101,도로교차점,0,무,126.8966581,37.4587918,190856.92,439935.58
1170021700,시흥동1013-6,102,도로시.종점,0,무,126.9161189,37.4491347,192577.75,438862.06
1170021800,시흥동962-6,101,도로교차점,0,무,126.9040951,37.4360112,191512.34,437406.55
1170022500,시흥동962-6,101,도로교차점,0,무,126.9046076,37.4360195,191557.69,437407.43
1170021900,시흥동962-6,101,도로교차점,0,무,126.9035952,37.4360028,191468.09,437405.67
1170020600,시흥동962-6,101,도로교차점,0,무,126.9048201,37.4356362,191576.45,437364.87
1170022400,시흥동1001-51,101,도로교차점,0,무,126.9050575,37.4351696,191597.42,437313.06
1170020900,시흥동962-6,101,도로교차점,0,무,126.9041201,37.4356279,191514.5,437364.01
1170022300,시흥동969-4,101,도로교차점,0,무,126.9041326,37.4352362,191515.57,437320.54
1170022600,시흥동1001-51,102,도로시.종점,0,무,126.90512,37.4361695,191603.06,437424.03
1170020700,속성변화점,103,속성변화점,0,무,126.908382,37.4614332,191894.47,440227.67
1170021100,속성변화점,103,속성변화점,0,무,126.9072946,37.4601417,191798.13,440084.42
1170021200,속성변화점,103,속성변화점,0,무,126.908157,37.4583836,191874.24,439889.22
1170022700,가산중학교,102,도로시.종점,0,무,126.8949581,37.4692906,190707.82,441100.97
1170005803,삼성산2터널,104,도로시설물,0,무,126.9128901,37.4538567,192292.53,439386.4
1170005804,삼성산2터널,104,도로시설물,0,무,126.9139622,37.4541302,192387.42,439416.67
1170022000,시흥동962-6,101,도로교차점,0,무,126.9036202,37.4352612,191470.22,437323.36
1170022100,시흥동1001-51,101,도로교차점,0,무,126.9039451,37.4352362,191498.97,437320.56
1170022200,시흥동1001-44,102,도로시.종점,0,무,126.9039576,37.4348196,191500.03,437274.32
2080036600,금천구-안양시만안구,105,행정경계,0,무,126.9229346,37.4449458,193180.46,438396.64
1170023400,디엠유,101,도로교차점,0,무,126.8791638,37.4741416,189311.32,441641.04
1170023300,철산대교,104,도로시설물,0,무,126.8786322,37.4752547,189264.45,441764.64
2130072701,연서초등학교병설유치원,104,도로시설물,1,유,126.8823294,37.4668409,189590.33,440830.41
1200030501,KB국민은행365,101,도로교차점,0,무,126.9099235,37.4803118,192032.85,442322.8
1170023801,금천교,101,도로교차점,0,무,126.8860222,37.4658749,189916.88,440722.79
1170023901,-,101,도로교차점,0,무,126.8859371,37.4662374,189909.39,440763.04
1170024001,-,101,도로교차점,0,무,126.8842039,37.468217,189756.34,440982.93
1170024201,-,101,도로교차점,0,무,126.8841571,37.4683506,189752.21,440997.76
1170024101,-,101,도로교차점,0,무,126.8837204,37.4686832,189713.63,441034.73
1170024401,-,103,속성변화점,0,무,126.8831763,37.4691105,189665.56,441082.2
1180002501,대림동929-10,101,도로교차점,0,무,126.9047629,37.4937762,191577.92,443817.62
1190005101,신길동4785,101,도로교차점,0,무,126.9127351,37.496462,192283.2,444115.03
1180072400,신길동3994,101,도로교차점,0,무,126.9162181,37.5000113,192591.55,444508.68
1180014201,대영중학교,101,도로교차점,0,무,126.9037881,37.503109,191492.77,444853.53
1150124300,마곡동222-30,101,도로교차점,1,유,126.8258026,37.5729541,184611.51,452615.4
1150124000,마곡엠밸리4단지아파트,101,도로교차점,0,무,126.825243,37.5695474,184561.38,452237.38
1150124800,마곡동721-7,101,도로교차점,1,유,126.826759,37.5589796,184693.14,451064.23
1150124200,마곡동322-8,101,도로교차점,0,무,126.8256739,37.5721221,184599.97,452523.08
1150124500,힐스테이트에코,101,도로교차점,0,무,126.8263438,37.5683368,184658.37,452102.85
1150124600,마곡헬리움2차,101,도로교차점,0,무,126.8264927,37.5694461,184671.75,452225.94
1150124900,롯데중앙연구소,101,도로교차점,0,무,126.8268781,37.5720266,184706.33,452512.28
1150075001,마곡나루역(서울9호선),101,도로교차점,1,유,126.8279726,37.5674029,184802.07,451998.93
1150128000,전호교남측,104,도로시설물,0,무,126.7973782,37.5973752,182106.36,455330.9
2320166100,전호교북측,104,도로시설물,0,무,126.7958784,37.5995833,181974.44,455576.26
2320166300,전호리58-2,101,도로교차점,0,무,126.7982557,37.5936249,182182.96,454914.49
1150141600,신성교회앞,101,도로교차점,0,무,126.8165238,37.5630734,183789.69,451520.32
1150141601,방화동217-123,101,도로교차점,1,유,126.8165628,37.565088,183793.57,451743.9
1150141900,강서세무서앞,101,도로교차점,0,무,126.8209173,37.5624951,184177.74,451455.38
1150141901,마곡동731-92,101,도로교차점,0,무,126.8193301,37.5651977,184038.08,451755.6
1150142000,동익드미라벨앞,101,도로교차점,0,무,126.8241269,37.5621783,184461.24,451419.69
1150142100,마곡동768,101,도로교차점,0,무,126.8243202,37.5634184,184478.57,451557.29
1150142300,마곡동770,101,도로교차점,1,유,126.8271652,37.561888,184729.62,451386.97
1150142400,마곡동727-816,101,도로교차점,1,유,126.8273518,37.5631864,184746.37,451531.05
1150142200,힐스테이트에코마곡앞,101,도로교차점,1,유,126.8270022,37.5608312,184715,451269.7
1150142500,마곡수명산파크1단지앞,101,도로교차점,0,무,126.829394,37.5552396,184925.2,450648.71
1150142700,마곡동728-283,101,도로교차점,0,무,126.8296562,37.5577572,184948.88,450928.1
1150142800,마곡동800-6,101,도로교차점,0,무,126.8297917,37.5586658,184961.03,451028.92
1150142900,진에어앞,101,도로교차점,0,무,126.8299208,37.5594147,184972.59,451112.02
1150143100,GMG타워앞,101,도로교차점,0,무,126.8300942,37.5605373,184988.14,451236.59
1150143300,마곡동770-6,101,도로교차점,0,무,126.830248,37.5615744,185001.94,451351.66
1150142600,마곡동728-296,101,도로교차점,0,무,126.8294178,37.5563792,184927.54,450775.2
1150143200,마곡동728-288,101,도로교차점,1,유,126.8301228,37.5563109,184989.81,450767.5
1150143000,마곡동774-14,101,도로교차점,1,유,126.8300122,37.5600655,184980.8,451184.23
1150143400,마곡동728-153,101,도로교차점,1,유,126.8303378,37.557675,185009.08,450918.87
1150075300,마곡코오롱미래기술원,101,도로교차점,0,무,126.8339415,37.5637642,185328.69,451594.12
1150143700,마곡동801-3,101,도로교차점,1,유,126.8331607,37.5583268,185258.64,450990.76
1150143500,마곡동728-76,101,도로교차점,0,무,126.8328387,37.5562177,185229.77,450756.73
1150143800,발산W타워앞,101,도로교차점,0,무,126.8332645,37.5590843,185267.96,451074.81
1150143600,마곡동802,101,도로교차점,0,무,126.8330323,37.5574307,185247.12,450891.32
1150143900,마곡센트럴타워1차앞,101,도로교차점,1,유,126.8333612,37.5597351,185276.63,451147.03
1150144000,마곡동796-3,101,도로교차점,0,무,126.8334516,37.5603086,185284.73,451210.67
1150144100,LG유플러스마곡사옥앞,101,도로교차점,0,무,126.833591,37.561248,185297.23,451314.91
1150043101,마곡동55-14,101,도로교차점,1,유,126.8312258,37.5726408,185090.53,452579.75
1150143501,서울가곡초등학교,101,도로교차점,0,무,126.8349358,37.5560355,185415.03,450736.18
1150144300,마곡동801-12,101,도로교차점,0,무,126.835136,37.5572356,185432.96,450869.34
1150144200,마곡동780-2,101,도로교차점,0,무,126.8342319,37.5655311,185354.69,451790.18
1150144400,마곡동801-2,101,도로교차점,0,무,126.8352639,37.5581029,185444.42,450965.58
1150144500,열린M타워앞,101,도로교차점,0,무,126.83538,37.55887,185454.84,451050.7
1150144600,엠펠리체앞,101,도로교차점,0,무,126.8355003,37.5595087,185465.59,451121.57
1150144800,마곡동795-8,101,도로교차점,0,무,126.8355856,37.5601145,185473.24,451188.79
1150144900,에스엠알앤디센터앞,101,도로교차점,0,무,126.8357331,37.5610422,185486.46,451291.74
1150144700,마곡동727-303,101,도로교차점,1,유,126.8355434,37.5685434,185471.15,452124.31
1150145000,캐스트윈마곡신사옥앞,101,도로교차점,0,무,126.836136,37.563582,185522.55,451573.56
1150145100,마곡동781-6,101,도로교차점,0,무,126.8363996,37.5653279,185546.17,451767.29
1150145200,마곡필네이처오피스텔앞,101,도로교차점,0,무,126.8365512,37.5609673,185558.72,451283.29
1150145300,마곡동775,101,도로교차점,1,유,126.8368791,37.5696854,185589.37,452250.86
1150145700,마곡동781,101,도로교차점,0,무,126.8375406,37.5674598,185647.39,452003.73
1150145400,마곡동790-3,101,도로교차점,0,무,126.8369658,37.563503,185595.84,451564.66
1150145900,우성에스비타워앞,101,도로교차점,0,무,126.837853,37.5597956,185673.52,451153.05
1150029001,발산역교차로,101,도로교차점,0,무,126.8374954,37.5586515,185641.7,451026.13
1150145600,마곡동781-13,101,도로교차점,0,무,126.8372246,37.5652477,185619.04,451758.26
1150145500,마곡아이파크오피스텔앞,101,도로교차점,0,무,126.8372174,37.5609108,185617.57,451276.92
1150145800,마곡동792,101,도로교차점,0,무,126.8376033,37.5634422,185652.15,451557.82
1150146000,마곡동783-3,101,도로교차점,0,무,126.8378762,37.5651853,185676.6,451751.24
1150146100,플레이스에이치오피스텔앞,101,도로교차점,0,무,126.8382075,37.5608348,185705.03,451268.33
1150146200,마곡동778-4,101,도로교차점,0,무,126.8383029,37.567046,185714.65,451957.69
1150146300,마곡동775-2,101,도로교차점,0,무,126.838625,37.56872,185743.43,452143.44
1150146500,유림트윈파크앞,101,도로교차점,0,무,126.8390037,37.5633068,185775.86,451542.58
1150146400,마곡동783,101,도로교차점,0,무,126.8388377,37.5667761,185761.85,451927.66
1150146600,양천초등학교앞,101,도로교차점,1,유,126.8393102,37.5695436,185804.11,452234.74
1150146800,마곡투웨니퍼스트앞,101,도로교차점,0,무,126.8395459,37.5650192,185824.08,451732.56
1150146700,마곡동776-1,101,도로교차점,0,무,126.8393711,37.5683118,185809.27,452098.02
1150146900,경동미르웰오피스텔앞,101,도로교차점,0,무,126.8400642,37.5666379,185870.18,451912.13
1150147000,마곡벨리오앞,101,도로교차점,1,유,126.840319,37.5649479,185892.37,451724.52
1150147300,염창동300-1,102,도로시.종점,0,무,126.8670223,37.5576219,188250.43,450907.75
1150147400,내발산동749-9,101,도로교차점,0,무,126.8262511,37.5522139,184646.87,450313.4
1150148000,마곡동245-4,101,도로교차점,0,무,126.8303255,37.5718367,185010.84,452490.64
1150148200,마곡동728-67,101,도로교차점,0,무,126.8326754,37.5551303,185215.13,450636.06
1150148300,마곡동728-49,101,도로교차점,0,무,126.8348627,37.554997,185408.38,450620.92
1150148700,마곡동269-3,101,도로교차점,0,무,126.8297381,37.5681121,184958.19,452077.35
1150148900,마곡동272-1,101,도로교차점,0,무,126.8306131,37.5680377,185035.48,452068.95
1150148800,서울가곡초등학교,101,도로교차점,0,무,126.8366126,37.5558885,185563.16,450719.6
1150148100,마곡동245-2,101,도로교차점,0,무,126.8311879,37.5717783,185087.01,452484.03
1150147100,화곡동1089-22,102,도로시.종점,0,무,126.8410998,37.5453815,185957.68,449552.76
1150147200,화곡중학교,102,도로시.종점,0,무,126.833213,37.5474312,185261.11,449781.46
1150147500,수명산파크3단지교차로,101,도로교차점,0,무,126.827051,37.5532388,184717.76,450427.02
1150147600,속성변화점,103,속성변화점,0,무,126.8266135,37.5532888,184679.12,450432.64
1150147700,내발산동760-5,102,도로시.종점,0,무,126.8250637,37.5479227,184541.07,449837.33
1150147800,마곡동730-392,102,도로시.종점,0,무,126.8182267,37.5588881,183939.24,451055.5
1150147900,마곡동728-349,102,도로시.종점,0,무,126.8301007,37.5555469,184987.71,450682.7
1150148400,가양동50-6,102,도로시.종점,0,무,126.8469115,37.5669707,186475.18,451948.06
1150148500,가양동26-10,102,도로시.종점,0,무,126.8488864,37.5675456,186649.75,452011.59
1150148600,화곡동1096-35,102,도로시.종점,0,무,126.8505863,37.5541722,186797.58,450527.05
1150149500,강서구-고양시덕양구,105,행정경계,0,무,126.8267203,37.5881958,184695.7,454306.91
1150149100,전호대교,104,도로시설물,0,무,126.7987044,37.5960003,182223.15,455178.05
1150149801,신월IC,106,106,0,무,126.8414882,37.5268879,185988.55,447500.14
1160115000,구로구-부천시,105,행정경계,0,무,126.8229581,37.4885743,184342.6,443250.75
1160012701,동부제강입구교차로,101,도로교차점,1,유,126.8315822,37.4914286,185105.87,443566.13
1160119200,구로구-광명시,105,행정경계,0,무,126.8722342,37.4910468,188700.9,443518.11
1160023601,개봉동179-46,101,도로교차점,0,무,126.8613117,37.4966816,187735.88,444144.86
1160025201,구로소방서앞교차로,101,도로교차점,0,무,126.8646649,37.4977851,188032.58,444266.91
1160040901,신도림동413-2,101,도로교차점,0,무,126.8838415,37.5059348,189729.44,445169.15
1160009401,오류동169-3,101,도로교차점,0,무,126.8396534,37.4879223,185818.99,443175.74
1160119100,구로구-광명시,105,행정경계,0,무,126.8703959,37.4921747,188538.5,443643.51
1160040001,고척2파출소앞교차로,101,도로교차점,0,무,126.8590777,37.5063826,187539.94,445221.84
1160039601,고척동176-20,101,도로교차점,1,유,126.8608007,37.5055468,187692.15,445128.85
1180072300,구로구-영등포구,105,행정경계,0,무,126.8934402,37.507299,190578.31,445319.55
1160118900,천왕동278-3,101,도로교차점,1,유,126.8417259,37.4769806,186000.24,441961.04
1160119000,천왕지구삼거리,101,도로교차점,1,유,126.8428765,37.4793138,186102.45,442219.83
1160005701,천왕동257-82,101,도로교차점,0,무,126.8473111,37.482295,186495.22,442550.05
1160007501,구로동170-6,101,도로교차점,0,무,126.8944839,37.4866903,190668.04,443032.15
1130052700,아현동354-49,101,도로교차점,0,무,126.9551768,37.5552727,196039.42,450639.65
1130052800,아현동354-49,102,도로시.종점,0,무,126.9545394,37.5562976,195983.15,450753.42
1130053000,공덕동464,101,도로교차점,0,무,126.9510148,37.5508232,195671.4,450145.99
1130053100,공덕동469-1,101,도로교차점,0,무,126.9527396,37.5496483,195823.75,450015.52
1130053300,아현동790,101,도로교차점,0,무,126.9537645,37.5516897,195914.43,450242.05
1130053400,아현동788,102,도로시.종점,0,무,126.9508273,37.552498,195654.93,450331.88
1130053500,아현동617-74,101,도로교차점,0,무,126.9550519,37.5517397,196028.19,450247.54
1130054600,상암동940,101,도로교차점,0,무,126.8842705,37.5869769,189778.44,454163.8
1130054700,상암동1733,102,도로시.종점,0,무,126.884108,37.5867853,189764.07,454142.55
1130054900,서울하늘초등학교,102,도로시.종점,0,무,126.8804208,37.5850604,189438.16,453951.52
1130055300,상암동28-78,102,도로시.종점,0,무,126.8948946,37.5741951,190715.21,452744.06
1130055400,성산1동주민센터,102,도로시.종점,0,무,126.9076811,37.5633548,191843.56,451539.73
1130055500,망원동453-1,101,도로교차점,0,무,126.8966321,37.5561805,190866.5,450744.49
1130055600,망원동397-6,101,도로교차점,0,무,126.9020567,37.5526893,191345.41,450356.49
1130055700,서교동365-1,102,도로시.종점,0,무,126.9220549,37.553506,193112.59,450445.48
1130055900,상수동7-2,102,도로시.종점,0,무,126.9273045,37.5470651,193575.9,449730.25
1030022401,신금호역교차로,101,도로교차점,1,유,127.0200162,37.5552148,201768.63,450632.47
1030029601,도선동590,101,도로교차점,1,유,127.0301181,37.5654386,202660.88,451767.43
1030042300,성동구-강남구,105,행정경계,0,무,127.0347866,37.5358406,203074.55,448482.54
1030007901,성수동2가333-84,101,도로교차점,0,무,127.0511043,37.5420095,204516.39,449167.87
1030018101,금호동3가1266-1,101,도로교차점,0,무,127.0193836,37.550332,201712.86,450090.53
1030024601,동마중학교,101,도로교차점,0,무,127.0387568,37.5627803,203424.22,451472.67
1030040500,응봉교(진입),104,도로시설물,0,무,127.0346127,37.553723,203058.45,450467.28
1030040600,응봉교(북측),104,도로시설물,0,무,127.0353602,37.5512015,203124.61,450187.43
1030040800,응봉교(남측),104,도로시설물,0,무,127.0364782,37.5476006,203223.55,449787.82
1030040900,행당동89-1,101,도로교차점,0,무,127.0400644,37.5549827,203540.11,450607.27
1030041100,행당동155-1,102,도로시.종점,0,무,127.0400567,37.5553315,203539.41,450645.99
1030041000,행당동90-4,102,도로시.종점,0,무,127.0398692,37.5537484,203522.92,450470.27
1030041200,옥수동562-2,102,도로시.종점,0,무,127.0155715,37.5460075,201376.07,449610.49
1030041400,성수동1가694-96,102,도로시.종점,0,무,127.0456688,37.5378669,204036.25,448707.85
1030041700,금호동2가487-1,102,도로시.종점,0,무,127.0190211,37.5537649,201680.74,450471.53
1030041800,금호동3가772-1,102,도로시.종점,0,무,127.0212834,37.550232,201880.73,450079.46
1030041900,금호동2가759-1,102,도로시.종점,0,무,127.0230582,37.5509153,202037.55,450155.33
1030042100,옥수동561,102,도로시.종점,0,무,127.0133467,37.544016,201179.49,449389.43
1030042200,하왕십리동1070-10,101,도로교차점,0,무,127.0258115,37.5654758,202280.4,451771.44
1030042000,금호동3가1351-51,102,도로시.종점,0,무,127.0149965,37.5508236,201325.17,450145.01
1000008601,KT광화문빌딩East,101,도로교차점,0,무,126.9793058,37.571255,198171.85,452412.76
1000012001,도렴동82-6,101,도로교차점,0,무,126.9746078,37.5730204,197756.87,452608.79
1000028601,평창동주민센터,101,도로교차점,0,무,126.9692334,37.6064425,197283.32,456318.41
1120009401,교남동233-5,101,도로교차점,0,무,126.9658571,37.5674457,196983.62,451990.31
1010032801,LG생활건강본사,101,도로교차점,0,무,126.9707318,37.5694408,197414.34,452211.6
1120010001,송월동145-9,101,도로교차점,0,무,126.9644635,37.5688585,196860.56,452147.16
1000008901,GS건설본사,101,도로교차점,0,무,126.9807329,37.5712694,198297.92,452414.33
1000031600,평창동주민센터,102,도로시.종점,0,무,126.9682502,37.6067918,197196.51,456357.21
1000031700,독립공원교차로,102,도로시.종점,0,무,126.9566015,37.5764702,196166.39,452992.27
1000031900,LG생활건강본사,101,도로교차점,0,무,126.9725876,37.5694211,197578.3,452209.37
1000031800,독립문역(서울3호선),102,도로시.종점,0,무,126.9586138,37.5747204,196344.06,452797.98
1120012701,독립문역(서울3호선),101,도로교차점,0,무,126.9580638,37.5743369,196295.45,452755.44
1000032000,세종문화회관,102,도로시.종점,0,무,126.9758998,37.5731374,197871.01,452621.75
1000032201,사직터널,104,도로시설물,0,무,126.9660343,37.5740887,196999.54,452727.61
1000032101,사직터널그집,101,도로교차점,0,무,126.965185,37.5734832,196924.49,452660.43
1010000301,SK커뮤니케이션즈본사,101,도로교차점,1,유,126.9765508,37.5542896,197927.99,450529.85
1010008201,퇴계로3가교차로,101,도로교차점,0,무,126.9881944,37.5596752,198956.91,451127.4
1010037900,서부역,101,도로교차점,0,무,126.9691142,37.5561972,197270.95,450741.77
1010017801,소공동주민센터,101,도로교차점,0,무,126.9763648,37.5625898,197911.79,451451.08
1010021101,명동1가5-4,101,도로교차점,0,무,126.9861187,37.5641063,198773.59,451619.22
1010023601,을지로2가교차로,101,도로교차점,0,무,126.9875832,37.5653338,198902.99,451755.44
1010003201,을지로3가역교차로,101,도로교차점,0,무,126.9897968,37.5658441,199098.57,451812.06
1010026101,신당5동주민센터,101,도로교차점,0,무,127.0211361,37.56565,201867.33,451790.67
1010030601,흥인사거리,101,도로교차점,1,유,127.0161001,37.5671887,201422.38,451961.36
1010025501,신당역(서울6호선),101,도로교차점,1,유,127.0161518,37.5664632,201426.96,451880.84
1010031802,맥스타일,101,도로교차점,0,무,127.0109598,37.5682455,200968.25,452078.59
1010031801,신당동222-8,101,도로교차점,0,무,127.0123342,37.5684284,201089.66,452098.91
1010008001,예장동2-102,101,도로교차점,0,무,126.98969,37.5592509,199089.05,451080.29
1010009601,신당동282-32,101,도로교차점,0,무,127.0172496,37.5618418,201524.05,451367.94
1010018701,순화동1-173,101,도로교차점,0,무,126.969733,37.5634622,197325.89,451548.07
1010020501,의주로1가30-1,101,도로교차점,0,무,126.9688117,37.5638962,197244.51,451596.27
1010036400,행복나래서울본사,102,도로시.종점,0,무,126.9706392,37.564077,197405.97,451616.28
1010036500,순화동1-23,101,도로교차점,0,무,126.9696125,37.5639275,197315.27,451599.72
1010036700,하나생명본사,101,도로교차점,0,무,126.9859365,37.5653134,198757.51,451753.19
1010037100,신당역(서울6호선),102,도로시.종점,0,무,127.0172586,37.5664884,201524.75,451883.66
1010037200,신당동290-97,101,도로교차점,0,무,127.0164587,37.5615223,201454.18,451332.47
1010037300,흥인초등학교,101,도로교차점,0,무,127.0155088,37.5609391,201370.26,451267.72
1010009602,청구역(서울5호선),101,도로교차점,0,무,127.0148687,37.5598597,201313.72,451147.91
1010009603,신당동289-7,101,도로교차점,0,무,127.0171921,37.5594936,201519.01,451107.31
1010037400,신당동843-5,102,도로시.종점,0,무,127.0166338,37.5584893,201469.7,450995.85
1010037800,황학동702,102,도로시.종점,0,무,127.0211083,37.5661885,201864.86,451850.44
1010036600,삼성카드본사,102,도로시.종점,0,무,126.9755749,37.5627969,197842.01,451474.09
1010036800,신당동217-120,102,도로시.종점,0,무,127.0141964,37.5693381,201254.16,452199.89
1010036900,맥스타일,102,도로시.종점,0,무,127.0109717,37.5690048,200969.28,452162.86
1010037000,흥인동165,102,도로시.종점,0,무,127.0168836,37.56723,201491.6,451965.96
1010006001,약수역(서울3호선),101,도로교차점,0,무,127.0114228,37.5538531,201009.34,450481.21
1010037500,신당동347-361,102,도로시.종점,0,무,127.0123592,37.5554813,201092.06,450661.93
1010006002,신당동373-26,101,도로교차점,0,무,127.0119613,37.5531783,201056.93,450406.32
1010037600,약수역(서울3호선),101,도로교차점,0,무,127.0110843,37.5533566,200979.44,450426.1
1010037700,신당동844,102,도로시.종점,0,무,127.0107219,37.5516151,200947.43,450232.81
1010000302,LG이노텍본사,101,도로교차점,0,무,126.9752728,37.5535289,197815.04,450445.45
1130057100,마포대교북측,106,106,0,무,126.9443619,37.5345107,195082.44,448335.83
1020007901,이촌동301-163,101,도로교차점,0,무,126.9795058,37.5181639,198188.23,446520.28
1020041200,용산구-동작구,105,행정경계,0,무,126.9574242,37.5155555,196236,446231.43
1020013201,용산공업고등학교,101,도로교차점,1,유,126.967933,37.5246774,197165.4,447243.48
1020013202,이촌역앞교차로,101,도로교차점,1,유,126.971463,37.5231841,197477.39,447077.65
1020014802,용산역사거리,101,도로교차점,1,유,126.9661438,37.5273479,197007.35,447539.93
1020024101,한남동5-1,101,도로교차점,1,유,127.0117156,37.5363873,201035.46,448542.72
1020003801,원효로1가23-18,101,도로교차점,0,무,126.9642276,37.5385449,196838.44,448782.72
1020013701,동빙고동9-4,101,도로교차점,0,무,126.9960014,37.5252878,199646.54,447310.76
1020014801,한강로2가410,101,도로교차점,0,무,126.9649343,37.5276541,196900.44,447573.96
1020014803,한강로3가40-999,101,도로교차점,1,유,126.9650206,37.5280773,196908.09,447620.92
1220157600,용산구-강남구,105,행정경계,0,무,127.0117603,37.5283709,201039.51,447652.99
1020041100,용산구-영등포구,105,행정경계,0,무,126.9492065,37.5289018,195510.3,447713.07
1020026801,문배동11-14,101,도로교차점,0,무,126.9701916,37.5381242,197365.52,448735.84
1020040000,한강로3가63-385,102,도로시.종점,1,유,126.9695133,37.5263261,197305.15,447426.42
1020040100,용산동5가24-3,102,도로시.종점,0,무,126.9721506,37.5240764,197538.2,447176.66
1020040200,이촌동302-31,102,도로시.종점,0,무,126.9699884,37.5197185,197346.9,446693.05
1020040300,이촌동301-7,101,도로교차점,0,무,126.9785626,37.5192687,198104.87,446642.91
1020040400,이촌동301-142,101,도로교차점,0,무,126.9790125,37.5201852,198144.67,446744.63
1020040600,이촌동301-7,102,도로시.종점,0,무,126.9804749,37.5197269,198273.94,446693.74
1020040500,용산동6가412,102,도로시.종점,0,무,126.9791125,37.5204019,198153.52,446768.67
1020040700,이촌동300-11,102,도로시.종점,0,무,126.9787376,37.5166356,198120.28,446350.68
1020040800,동빙고동44-5,102,도로시.종점,0,무,126.9963109,37.5244265,199673.9,447215.16
1020040900,한남동812,102,도로시.종점,0,무,127.0113344,37.5369835,201001.76,448608.88
1020041000,한남동1-418,102,도로시.종점,0,무,127.0138342,37.5378834,201222.68,448708.79
1020039800,효창동6-3,102,도로시.종점,0,무,126.9643012,37.5391746,196844.97,448852.61
1020039600,용산동2가2-11,102,도로시.종점,0,무,126.9794123,37.5417244,198180.54,449135.21
1020039700,문배동7-31,102,도로시.종점,0,무,126.9697382,37.5385164,197325.46,448779.39
1240090200,암사IC서측,106,106,0,무,127.1309683,37.5633669,211571.14,451545.13
1240027601,강일동302-9,101,도로교차점,0,무,127.1736923,37.5661822,215345.26,451863.71
1240026801,강일6_8단지앞교차로,101,도로교차점,1,유,127.1765959,37.5624474,215602.56,451449.68
1240090700,암사IC동측,106,106,1,유,127.1363503,37.5664596,212046.15,451889.05
1240090900,암사IC,106,106,1,유,127.1394522,37.5669868,212320.11,451947.97
1240093401,강빛초중학교,101,도로교차점,0,무,127.1708566,37.5735413,215093.25,452680.03
1240029401,강일동280-12,101,도로교차점,0,무,127.1721554,37.5687629,215208.95,452149.89
1240093701,고덕강일공공주택지구8단지,101,도로교차점,0,무,127.1765773,37.5724324,215598.84,452557.89
1240089400,강일5단지교차로,101,도로교차점,0,무,127.1789423,37.5690555,215808.48,452183.48
1240093801,고덕강일공공주택지구8단지,101,도로교차점,1,유,127.1764113,37.5728398,215584.09,452603.08
1240007001,강일동725,101,도로교차점,0,무,127.1732227,37.5571599,215305.62,450862.26
1240089300,일자교,101,도로교차점,1,유,127.1782406,37.5707537,215746.13,452371.85
1240090300,암사IC,106,106,0,무,127.1311901,37.5637979,211590.67,451592.99
1240090400,암사IC,106,106,0,무,127.1320968,37.5638269,211670.77,451596.32
1240090500,암사IC,106,106,0,무,127.1329986,37.5660653,211750.1,451844.87
1240090600,암사동점말,106,106,0,무,127.1339706,37.5648549,211836.15,451710.66
1240090800,암사IC,106,106,0,무,127.1365972,37.5651415,212068.17,451742.79
1240091100,둔촌동615-3,102,도로시.종점,0,무,127.1480471,37.5322349,213085.51,448092.09
1240091300,한림대학교강동성심병원,102,도로시.종점,0,무,127.1354857,37.5357511,211974.67,448480.67
1240091400,천호동374-1,102,도로시.종점,0,무,127.1257365,37.5424919,211112.01,449227.62
1240091600,명일동339-24,101,도로교차점,0,무,127.1461596,37.5477331,212916,449811.94
1240091800,암사동248-1,102,도로시.종점,0,무,127.1365229,37.5583234,212062.71,450986.06
1240091900,강일동584-14,102,도로시.종점,0,무,127.1718197,37.5644563,215180.17,451671.85
1240092100,강일동680,101,도로교차점,0,무,127.170531,37.5679501,215065.61,452059.42
1240092200,강일동683,101,도로교차점,0,무,127.1724196,37.5655562,215232.95,451794.02
1240092300,강일동735,101,도로교차점,0,무,127.1732321,37.5566572,215306.55,450806.47
1240092600,삼성엔지니어링본사,101,도로교차점,0,무,127.174982,37.5494414,215462.66,450005.89
2270205100,강동구-하남시,105,행정경계,0,무,127.1732165,37.5455599,215307.44,449574.8
1240091000,성내동582,102,도로시.종점,0,무,127.1247492,37.5307849,211026.48,447928.17
1240091200,길동170-5,102,도로시.종점,0,무,127.1478096,37.5370926,213063.67,448631.21
1240091500,천호동424-5,102,도로시.종점,0,무,127.126574,37.5413587,211186.19,449101.95
1240091700,명일동339-24,102,도로시.종점,0,무,127.1471221,37.5477747,213001.04,449816.69
2270021801,강일10단지교차로,101,도로교차점,1,유,127.1815203,37.5616646,216037.81,451363.61
1240092400,강일동735,101,도로교차점,0,무,127.1732696,37.5561989,215309.96,450755.62
1240092500,속성변화점,103,속성변화점,0,무,127.1725822,37.5565822,215249.14,450798.04
1240092700,상일동504,102,도로시.종점,0,무,127.1765069,37.5497497,215597.34,450040.36
2270021700,산용산업앞교차로,101,도로교차점,0,무,127.1819958,37.5595362,216080.28,451127.48
1240093001,둔촌사거리,101,도로교차점,1,유,127.1341112,37.5221135,211855.35,446966.89
1240092901,둔촌사거리,101,도로교차점,1,유,127.1345138,37.5213655,211891.05,446883.93
1240093101,고센빌딩,102,도로시.종점,0,무,127.1755662,37.5609379,215511.9,451281.97
1240093201,서울안디옥교회,101,도로교차점,1,유,127.1754333,37.5618885,215499.96,451387.45
1240093301,상가2동,101,도로교차점,0,무,127.1717614,37.5715462,215173.58,452458.74
1240093501,연세센트럴치과의원,101,도로교차점,1,유,127.1729885,37.5718865,215281.91,452496.71
1240093601,팔당대교방면출구,101,도로교차점,0,무,127.1696936,37.5753284,214990.15,452878.18
2270207901,리버뷰자이공인중개사사무소,101,도로교차점,0,무,127.1760034,37.5749064,215547.62,452832.38
1240094001,은가람중학교,101,도로교차점,0,무,127.1753124,37.5775489,215486.04,453125.55
1240093901,유누,102,도로시.종점,0,무,127.1768009,37.5729462,215618.48,452614.95
1240094101,-,102,도로시.종점,0,무,127.1805363,37.550563,215953.24,450131.3
1240094201,-,101,도로교차점,1,유,127.1828654,37.5509377,216158.97,450173.28
1240094301,-,101,도로교차점,0,무,127.1802483,37.553037,215927.27,450405.83
1240094401,-,101,도로교차점,1,유,127.1796666,37.5537153,215875.72,450481.03
2270208401,-,101,도로교차점,0,무,127.1815724,37.5531555,216044.24,450419.21
1240094501,-,101,도로교차점,0,무,127.1801724,37.553924,215920.36,450504.28
1240094601,-,101,도로교차점,0,무,127.1794363,37.5549552,215855.1,450618.6
2070150800,루마썬팅,101,도로교차점,1,유,127.0448677,37.6936614,203957.18,465999.33
2420050800,오쇠삼거리,101,도로교차점,0,무,126.8089592,37.5425641,183116.71,449245.36
1240070601,강일9_10단지앞교차로,101,도로교차점,0,무,127.1800445,37.5613819,215907.48,451331.99
1230124300,한국지역난방공사,101,도로교차점,0,무,127.1223832,37.4725745,210825.75,441467.29
1230184402,문정동496,101,도로교차점,1,유,127.1152949,37.4857284,210196.94,442926.41
1230184400,힐스테이트사거리,101,도로교차점,0,무,127.1156413,37.4851486,210227.66,442862.09
1230184901,문정동374,101,도로교차점,0,무,127.116469,37.4837296,210301.06,442704.69
1230184902,문정동372,101,도로교차점,0,무,127.1166867,37.4833565,210320.36,442663.31
1230184900,동부지방검찰청,101,도로교차점,0,무,127.1178084,37.4814335,210419.84,442450.01
1230184401,문정동210-3,101,도로교차점,0,무,127.1185313,37.4857508,210483.17,442929.25
1230185000,지식산업센터사거리,101,도로교차점,1,유,127.1194108,37.4860878,210560.91,442966.75
1230184403,AJ렌터카본사,101,도로교차점,1,유,127.1167198,37.4855117,210323,442902.51
1230185300,동부지방법원,101,도로교차점,0,무,127.121046,37.4829801,210705.97,442622.02
1230185301,문정동346-1,101,도로교차점,1,유,127.1199715,37.4850223,210610.65,442848.55
1230185302,문정동344-6,101,도로교차점,1,유,127.1201598,37.4846643,210627.36,442808.84
1230185303,서울동부지방법원,101,도로교차점,1,유,127.1206242,37.4837817,210668.56,442710.94
1230015801,문정동319-1,101,도로교차점,1,유,127.1213582,37.4824144,210733.67,442559.27
1230185700,오금동118-30,102,도로시.종점,0,무,127.1403231,37.5042881,212407.43,444989.29
1230185900,문정동191-6,102,도로시.종점,0,무,127.1181003,37.486515,210444.95,443014.01
1230186000,문정동479-2,101,도로교차점,0,무,127.1144381,37.4847068,210121.31,442812.93
1230186100,문정동325-4,101,도로교차점,0,무,127.1226749,37.4835903,210849.96,442689.93
1230186300,거여동292-1,102,도로시.종점,0,무,127.1483975,37.4901731,213123.84,443423.81
1230186500,마천동592,101,도로교차점,0,무,127.1570592,37.4961974,213888.74,444093.67
1230186600,마천동599,101,도로교차점,0,무,127.1576091,37.4949476,213937.6,443955.04
1230186900,속성변화점,103,속성변화점,0,무,127.1580841,37.4950142,213979.59,443962.51
1230186700,마천동589,101,도로교차점,0,무,127.1602174,37.4976878,214167.73,444259.55
2270205300,감이동303-2,101,도로교차점,0,무,127.160677,37.4976132,214208.39,444251.35
1230185400,잠실동373,102,도로시.종점,0,무,127.086228,37.504321,207624.31,444987.2
1230185500,신천동10-1,102,도로시.종점,0,무,127.1019639,37.5189861,209013.92,446616.22
1230185600,서울체육고등학교,102,도로시.종점,0,무,127.1307863,37.5209361,211561.61,446835.8
1230185800,가락시장역사거리,102,도로시.종점,0,무,127.1190252,37.491731,210526.01,443593.03
1230186200,거여동145-32,102,도로시.종점,0,무,127.1404607,37.4936893,212421.35,443812.98
1230186400,거여동371,102,도로시.종점,0,무,127.1423981,37.4904563,212593.22,443454.43
1230186800,마천동611,101,도로교차점,0,무,127.158834,37.4926812,214046.35,443703.68
2270190800,감이동291-16,102,도로시.종점,0,무,127.1609338,37.4989555,214230.85,444400.36
2040019700,속성변화점,103,속성변화점,0,무,127.1251609,37.4674037,211072.22,440893.72
1230187400,송파구-하남시,105,행정경계,0,무,127.1442471,37.504338,212754.38,444995.36
1230187501,리클린,101,도로교차점,0,무,127.1231955,37.4715397,210897.75,441352.54
1230187601,송파방면출구,102,도로시.종점,0,무,127.1301969,37.471952,211517.03,441399.12
1230187701,시설관리공단개방화장실,101,도로교차점,0,무,127.1327333,37.4713199,211741.49,441329.29
1230187801,달링,101,도로교차점,0,무,127.1324843,37.4731647,211719.17,441534
1230187901,GS칼텍스,101,도로교차점,0,무,127.1326355,37.4747945,211732.3,441714.91
1230188001,GS칼텍스,101,도로교차점,0,무,127.1326301,37.4750367,211731.78,441741.79
1230188101,따릉이대여소,101,도로교차점,0,무,127.071522,37.5107509,206323.45,445699.73
1230188201,종합운동장역,101,도로교차점,0,무,127.0737393,37.5108285,206519.49,445708.5
1230188301,잠실길지하차도,104,도로시설물,1,유,127.1024251,37.5114266,209055.61,445777.26
1230188501,잠실길지하차도,101,도로교차점,0,무,127.1061905,37.5131935,209388.29,445973.73
1230188401,공중화장실,101,도로교차점,0,무,127.1049693,37.5126218,209280.4,445910.16
1230188601,둔촌사거리,101,도로교차점,1,유,127.1346142,37.5210706,211899.98,446851.21
1230188701,버스정류장,101,도로교차점,1,유,127.1238384,37.4833561,210952.9,442664.07
1230188801,문정네비스토리,101,도로교차점,1,유,127.1248912,37.482684,211046.11,442589.6
1230188901,장지육교,104,도로시설물,0,무,127.1354038,37.4839509,211975.71,442731.5
1230189001,장지육교,101,도로교차점,0,무,127.1364389,37.4834888,212067.33,442680.34
1230189101,장지육교,101,도로교차점,0,무,127.1365568,37.4839613,212077.68,442732.79
1230189401,산빛초등학교,101,도로교차점,1,유,127.1401592,37.4828016,212396.49,442604.56
1230189301,장지육교,101,도로교차점,1,유,127.13678,37.4854486,212097.19,442897.9
1230189201,푸르지오그린어린이집,104,도로시설물,0,무,127.1397861,37.4818969,212363.63,442504.09
1230189601,밀파니,101,도로교차점,0,무,127.1406114,37.4886247,212435.51,443250.9
1230189801,밀파니,101,도로교차점,1,유,127.1425276,37.488546,212605,443242.42
1230189901,위례도서관,101,도로교차점,1,유,127.1489991,37.4840017,213178.12,442738.95
1230190401,GS25,101,도로교차점,1,유,127.1523779,37.4890959,213476.05,443304.82
1230190301,GS25,101,도로교차점,1,유,127.1531131,37.4882114,213541.22,443206.75
1230187000,학암동산72-3,101,도로교차점,1,유,127.1559343,37.4883567,213790.71,443223.29
1230190501,초원아파트,101,도로교차점,1,유,127.1551838,37.4892901,213724.16,443326.77
1230190601,김밥나라,101,도로교차점,1,유,127.1544104,37.4902038,213655.59,443428.07
1230190701,탑빌리지,101,도로교차점,1,유,127.1574764,37.489321,213926.91,443330.54
1230190801,초원아파트,101,도로교차점,1,유,127.1558189,37.4912338,213779.97,443542.59
1230191001,보화2차아파트,101,도로교차점,1,유,127.1500072,37.4888499,213266.43,443277.17
1230191101,보화2차아파트,101,도로교차점,0,무,127.1494427,37.4895175,213216.39,443351.19
1230191401,거여2주거환경개선지구,101,도로교차점,1,유,127.150808,37.4902567,213337,443433.43
1230191701,거여2주거환경개선지구,101,도로교차점,1,유,127.1511682,37.4904517,213368.82,443455.12
1230191501,GS25,101,도로교차점,1,유,127.1517535,37.4897951,213420.7,443382.33
1230191601,거여2주거환경개선지구,101,도로교차점,1,유,127.1514458,37.4901407,213393.42,443420.64
1230191801,GS25,101,도로교차점,1,유,127.1520345,37.4899482,213445.53,443399.36
1230192101,버스정류장,101,도로교차점,1,유,127.1529134,37.4909103,213523.08,443506.27
1230191901,버스정류장,101,도로교차점,0,무,127.1535484,37.4902112,213579.36,443428.77
1230192001,버스정류장,101,도로교차점,1,유,127.1532094,37.4905832,213549.32,443470
1230191301,GS25,101,도로교차점,1,유,127.1513894,37.4895987,213388.54,443360.48
1230192601,송파IC,101,도로교차점,0,무,127.1316,37.4726937,211641.03,441481.62
1230192301,송파IC교차로,106,106,0,무,127.132536,37.4684777,211724.48,441013.82
1230192401,-,106,106,0,무,127.1313963,37.469762,211623.47,441156.21
1230192501,송파IC교차로,101,도로교차점,0,무,127.132004,37.4704551,211677.11,441233.22
1230192701,올림픽대교분기점,101,도로교차점,0,무,127.1091501,37.5309453,209647.66,447944.26
1230192801,올림픽대교분기점,101,도로교차점,0,무,127.1092564,37.5313141,209657.01,447985.2
1230192901,올림픽대교분기점,101,도로교차점,0,무,127.1100874,37.5313489,209730.45,447989.15
1230193001,-,101,도로교차점,0,무,127.1101651,37.5319114,209737.25,448051.59
1230189501,풍산리치안오피스텔,101,도로교차점,0,무,127.1411795,37.4852762,212486.32,442879.33
1230189701,위례리슈빌퍼스트클래스상가,101,도로교차점,1,유,127.1460599,37.4848312,212918.03,442830.6
1230190101,거암초등학교,101,도로교차점,1,유,127.1506072,37.488137,213319.62,443198.13
1230190001,힐스에비뉴북위례상가,101,도로교차점,1,유,127.1521356,37.486323,213455.11,442997.02
1230190201,힐스테이트북위례,101,도로교차점,1,유,127.1538815,37.4872982,213609.35,443105.51
1230191201,거암초등학교,101,도로교차점,1,유,127.1503732,37.4890487,213298.76,443299.29
1230192201,거암초등학교,101,도로교차점,0,무,127.1506774,37.4887034,213325.73,443261.01
1240014701,성내동160-52,101,도로교차점,0,무,127.1305372,37.5364531,211537.2,448557.96
1240014702,강동역(서울5호선),101,도로교차점,0,무,127.1324311,37.5358683,211704.68,448493.29
1240015001,길동176-3,101,도로교차점,0,무,127.1482834,37.5364488,213105.65,448559.82
1240010501,성내동546-2,101,도로교차점,0,무,127.1273756,37.5278541,211259.06,447603.2
1240002401,미주아파트앞교차로,101,도로교차점,0,무,127.1294292,37.5269178,211440.72,447499.53
1240012701,성내동271,101,도로교차점,0,무,127.1255757,37.53188,211099.37,448049.81
1240010601,-,101,도로교차점,1,유,127.1497656,37.53172,213237.49,448035.18
1240015101,강동성심병원앞교차로,101,도로교차점,0,무,127.1358263,37.5364638,212004.66,448559.82
1240015301,천호동166-3,101,도로교차점,0,무,127.1315008,37.5384039,211622.06,448774.6
1240015302,천호동163-2,101,도로교차점,0,무,127.1332526,37.5376147,211777.01,448687.22
1240003401,천호동425-2,101,도로교차점,0,무,127.1262174,37.540744,211154.77,449033.68
1240016001,천동초교앞교차로,101,도로교차점,0,무,127.1372525,37.540963,212129.99,449059.35
1240003701,천호동373,101,도로교차점,1,유,127.124866,37.5426911,211035.04,449249.63
1240004401,명일동347-8,101,도로교차점,0,무,127.1460091,37.5465239,212902.91,449677.71
1240019801,상일동262,101,도로교차점,1,유,127.1731387,37.5491074,215299.84,449968.51
1240023901,선사고등학교,101,도로교차점,0,무,127.1365004,37.5569007,212060.95,450828.15
1240070600,강일9_10단지앞교차로,101,도로교차점,0,무,127.1799219,37.5584038,215897.28,451001.44
1240026601,강일동681,101,도로교차점,1,유,127.1737359,37.5639414,215349.57,451615.02
1240009501,성내동450-1,101,도로교차점,0,무,127.1287252,37.5258706,211378.66,447383.22
1240092800,강동구-하남시,105,행정경계,0,무,127.158341,37.5406352,213993.79,449025.9
1230112800,강남구-성남시수정구,105,행정경계,0,무,127.1272434,37.4684499,211256.29,441010.09
1220063201,자곡동626,101,도로교차점,0,무,127.0924173,37.4710263,208175.2,441292.44
1220063202,자곡동626,101,도로교차점,0,무,127.0917866,37.469745,208119.55,441150.18
1220063203,자곡동626,101,도로교차점,0,무,127.0962251,37.472361,208511.89,441440.9
1220063204,자곡동626,101,도로교차점,0,무,127.1026529,37.4737359,209080.3,441594.11
1220063205,자곡사거리,101,도로교차점,0,무,127.1053412,37.4752457,209317.92,441761.93
1220063206,세곡동539,101,도로교차점,0,무,127.0943102,37.4670017,208343.09,440845.93
1220147201,서울율현초등학교,101,도로교차점,0,무,127.1078337,37.4738555,209538.57,441607.89
1220147202,자곡동185-1,101,도로교차점,0,무,127.1092504,37.4741206,209663.85,441637.46
1220148400,율현동65-5,101,도로교차점,0,무,127.1168691,37.4745424,210337.72,441685.08
1220150600,구룡지하차도동측,104,도로시설물,0,무,127.0550293,37.4740238,204867.67,441622.53
1220150700,압구정동433,102,도로시.종점,0,무,127.0214711,37.5263931,201897.93,447433.64
1220150800,신사동667-31,102,도로시.종점,0,무,127.0276206,37.5238184,202441.59,447148.02
1220150900,압구정동386,102,도로시.종점,0,무,127.0197838,37.5273763,201748.75,447542.73
1220151000,신사동667-3,102,도로시.종점,0,무,127.0208213,37.5173858,201840.7,446433.93
1220151100,논현동280-17,102,도로시.종점,0,무,127.0234961,37.5100617,202077.37,445621.1
1220151200,삼성동111-107,101,도로교차점,0,무,127.0454191,37.5166694,204015.31,446355.18
1220151700,사람과자연건설본사,102,도로시.종점,0,무,127.0610177,37.5075788,205394.98,445347.03
1220152100,도곡동876-18,101,도로교차점,0,무,127.0400573,37.4892808,203542.59,443315.19
1220152500,역삼동805-44,101,도로교차점,0,무,127.0514187,37.4972966,204546.89,444205.33
1220152800,대치동600-13,101,도로교차점,0,무,127.0592055,37.4935971,205235.72,443795.13
1220152900,대치동600-13,101,도로교차점,0,무,127.0604554,37.4941471,205346.21,443856.24
1220153300,일원동741,102,도로시.종점,0,무,127.0804412,37.4901227,207113.98,443410.91
1220153500,일원동722-3,101,도로교차점,1,유,127.0779039,37.4833068,206890.23,442654.24
1220153600,일원동722-3,101,도로교차점,0,무,127.0777415,37.48399,206875.79,442730.06
1220153900,서울로봇고등학교,102,도로시.종점,0,무,127.0838284,37.4801238,207414.53,442301.43
1220154000,수서동산4-1,102,도로시.종점,0,무,127.0876906,37.4806988,207756.08,442365.55
1220154200,자곡동637,102,도로시.종점,0,무,127.0949025,37.4717415,208394.96,441372.04
1220154400,자곡동665,101,도로교차점,0,무,127.1031393,37.4732164,209123.39,441536.5
1220154600,서울율현초등학교,102,도로시.종점,0,무,127.1088387,37.4751412,209627.3,441750.69
1220154700,세곡동623,101,도로교차점,1,유,127.0965024,37.4672004,208537,440868.18
1220154900,세곡동623,101,도로교차점,0,무,127.0993897,37.4676504,208792.37,440918.38
1220155000,세곡동623,101,도로교차점,1,유,127.1001771,37.467817,208862.01,440936.95
1220154800,세곡동623,101,도로교차점,0,무,127.0978148,37.4673921,208653.08,440889.57
1220155200,세곡동623,101,도로교차점,0,무,127.0977398,37.4670504,208646.48,440851.64
1220155100,세곡동623,101,도로교차점,0,무,127.0972399,37.4670838,208602.25,440855.3
1220155400,세곡동623,101,도로교차점,0,무,127.1017769,37.4679087,209003.52,440947.28
1220155500,세곡동623,101,도로교차점,0,무,127.1017769,37.4674254,209003.58,440893.64
1220155300,세곡동623,101,도로교차점,0,무,127.0994522,37.4670671,208797.96,440853.65
1220155600,세곡동623,101,도로교차점,0,무,127.1017395,37.4670505,209000.31,440852.02
1220155700,세곡동623,101,도로교차점,0,무,127.0994522,37.4666088,208798.02,440802.79
1220155900,세곡동623,101,도로교차점,0,무,127.0994522,37.4662672,208798.06,440764.88
1220156000,속성변화점,103,속성변화점,0,무,127.101177,37.4664505,208950.62,440785.38
1220156600,율현동217,102,도로시.종점,0,무,127.1102762,37.4698002,209755.15,441158.06
1220156700,율현동288,101,도로교차점,0,무,127.106439,37.4707917,209415.58,441267.71
1220156900,속성변화점,103,속성변화점,0,무,127.1070139,37.4706751,209466.46,441254.82
1220157100,세곡동510,101,도로교차점,0,무,127.1021395,37.4638508,209036.08,440496.94
1220154100,세곡동515-1,102,도로시.종점,0,무,127.1031894,37.4629009,209129.08,440391.62
1220157200,세곡동510,101,도로교차점,1,유,127.1031894,37.4633092,209129.03,440436.94
1220155800,세곡동510-1,101,도로교차점,0,무,127.1037393,37.4633426,209177.68,440440.69
1220157300,세곡동523,101,도로교차점,0,무,127.1006815,37.4632454,208907.17,440429.61
1220157500,속성변화점,103,속성변화점,0,무,127.1069082,37.4710054,209457.06,441291.47
2040006602,강남구-성남시수정구,105,행정경계,0,무,127.1207654,37.4638456,210683.89,440498.31
1220151300,강남구청,102,도로시.종점,0,무,127.0483688,37.5171193,204276.06,446405.25
1220151400,청담동77-75,102,도로시.종점,0,무,127.0524309,37.519994,204634.99,446724.5
1220151500,역삼동801-21,102,도로시.종점,0,무,127.036545,37.505154,203231.28,445076.78
1220151600,역삼동635,102,도로시.종점,0,무,127.0298331,37.5015627,202637.95,444677.98
1220151800,대치동1012-111,102,도로시.종점,0,무,127.0594804,37.506129,205259.15,445186.03
1220151900,도곡동958-24,101,도로교차점,0,무,127.0361827,37.4855146,203200.09,442897.05
1220152000,도곡동612,102,도로시.종점,0,무,127.0366702,37.4857812,203243.19,442926.66
1220152300,도곡동556-8,102,도로시.종점,0,무,127.042707,37.4923305,203776.78,443653.77
1220152200,도곡동181-1,102,도로시.종점,0,무,127.0450319,37.4870728,203982.65,443070.32
1220152400,강남세브란스병원,102,도로시.종점,0,무,127.0454193,37.4931554,204016.59,443745.43
1220152600,대치동317-2,102,도로시.종점,0,무,127.0628552,37.4988549,205558.08,444378.88
1220152700,대치동317-2,102,도로시.종점,0,무,127.0646675,37.4994381,205718.29,444443.73
1220153000,대치동600-13,102,도로시.종점,0,무,127.0619178,37.4948137,205475.49,443930.31
1220153100,대치동600-13,101,도로교차점,0,무,127.0579307,37.4930055,205123.02,443729.4
1220153200,대치1동행정복지센터,102,도로시.종점,0,무,127.0573807,37.4927555,205074.41,443701.63
1220153400,일원동709-12,102,도로시.종점,0,무,127.0831784,37.489831,207356.09,443378.75
1220153700,일원동733,101,도로교차점,0,무,127.0780414,37.4827485,206902.44,442592.29
1220153800,일원동731-1,101,도로교차점,0,무,127.0791664,37.481532,207002.04,442457.36
1220154300,속성변화점,103,속성변화점,0,무,127.0898405,37.4709749,207947.26,441286.51
1220154500,자곡동665,102,도로시.종점,0,무,127.1034142,37.4729498,209147.75,441506.93
1220156400,율현동292-1,101,도로교차점,0,무,127.1066265,37.4715333,209432.07,441350.04
1220156500,율현동300-18,102,도로시.종점,0,무,127.106014,37.4716583,209377.88,441363.85
1220157000,율현동300-18,102,도로시.종점,0,무,127.1062265,37.4718416,209396.65,441384.21
1220156100,율현동333-1,101,도로교차점,0,무,127.1040517,37.4690669,209204.62,441076.04
1220156200,율현동336,102,도로시.종점,0,무,127.1047267,37.468017,209264.45,440959.59
1220156300,율현동290-1,101,도로교차점,0,무,127.1061515,37.4709,209390.14,441279.7
1220156800,율현동331,102,도로시.종점,0,무,127.1044392,37.4689419,209238.91,441062.21
1220157400,세곡동508,102,도로시.종점,0,무,127.1004021,37.4637425,208882.39,440484.76
1220158201,일원동교회,101,도로교차점,0,무,127.0769026,37.4812079,206801.85,442421.23
1220158601,대모산칼국수,101,도로교차점,1,유,127.0798446,37.483011,207061.89,442621.56
1220158301,이미지메이킹,101,도로교차점,1,유,127.078348,37.4833888,206929.49,442663.38
1220158401,이미지메이킹,101,도로교차점,1,유,127.0787888,37.4834501,206968.47,442670.21
1220158501,일원어린이집,101,도로교차점,1,유,127.0782156,37.4840542,206917.72,442737.22
1220158701,대산카센터,101,도로교차점,1,유,127.0792465,37.4835204,207008.95,442678.05
1220158801,일원어린이집,101,도로교차점,1,유,127.0786768,37.4839972,206958.52,442730.93
1220158901,청담가족공원,101,도로교차점,0,무,127.0627623,37.5203268,205548.28,446761.99
1220159001,-,101,도로교차점,1,유,127.1047284,37.4822473,209262.85,442538.96
1220159101,-,101,도로교차점,1,유,127.106736,37.4829323,209440.33,442615.18
1220159201,-,101,도로교차점,0,무,127.1075706,37.4839395,209514.02,442727.06
1220159301,-,101,도로교차점,0,무,127.1068896,37.4847828,209453.68,442820.58
1220159501,-,101,도로교차점,0,무,127.1058645,37.4864109,209362.81,443001.17
1220159401,-,101,도로교차점,0,무,127.106552,37.4852662,209423.76,442874.2
1220159701,-,101,도로교차점,1,유,127.1068501,37.4864007,209449.98,443000.14
1220159601,-,101,도로교차점,0,무,127.1073249,37.4853555,209492.11,442884.19
1230187100,송파IC,101,도로교차점,0,무,127.1306574,37.4752292,211557.26,441762.91
1230000901,문정동119-4,101,도로교차점,0,무,127.1220176,37.486953,210791.34,443063.07
1230156000,한스바이오메드,101,도로교차점,1,유,127.1147892,37.4865749,210152.1,443020.3
1230019601,거여동20-14,101,도로교차점,1,유,127.1405413,37.4950375,212428.25,443962.63
1230032101,오금동100-1,101,도로교차점,0,무,127.1392129,37.505813,212309.02,445158.39
1230031601,잠실동289,101,도로교차점,0,무,127.0864489,37.5048119,207643.79,445041.7
1230051301,방이동88-16,101,도로교차점,0,무,127.1325566,37.5219914,211717.94,446953.15
1230124400,서울동남권물류단지정문,101,도로교차점,1,유,127.123363,37.4762255,210911.88,441872.61
1230015401,거여동395-43,101,도로교차점,0,무,127.1358428,37.4815194,212014.92,442461.69
1230173800,브니엘교회,101,도로교차점,1,유,127.1427066,37.4891198,212620.73,443306.13
1230016901,문정동150-14,101,도로교차점,0,무,127.1170114,37.4911463,210348.01,443527.91
1230018601,거여동292-1,101,도로교차점,0,무,127.1467104,37.491318,212974.44,443550.64
1230024601,마천동588,101,도로교차점,0,무,127.1558465,37.4979156,213781.18,444284.19
1230032102,오금동89-7,101,도로교차점,0,무,127.1380199,37.5050748,212203.65,445076.31
1230004901,마천동63-8,101,도로교차점,1,유,127.1505531,37.503973,213312.02,444955.72
1230123700,서울동남권물류단지주차장,101,도로교차점,1,유,127.1193935,37.4769795,210560.67,441955.85
1210081600,서초동1741-1,101,도로교차점,0,무,127.0068228,37.4898389,200603.39,443376.4
1210081700,서초동1741-1,101,도로교차점,0,무,127.0077477,37.4900139,200685.19,443395.82
1210081800,반포동60-4,102,도로시.종점,0,무,127.0091475,37.4986462,200808.89,444353.91
1210081900,서초동1685,102,도로시.종점,0,무,127.0141471,37.4969131,201251.01,444161.61
1210082200,잠원동60-73,102,도로시.종점,0,무,127.0109972,37.5113698,200972.29,445766.08
1210029201,호반건설본사,101,도로교차점,0,무,127.0306776,37.4915622,202712.98,443568.07
1210082800,서초동1402,102,도로시.종점,0,무,127.0297207,37.4912722,202628.37,443535.87
1210083200,서초동391-1,102,도로시.종점,0,무,127.0233964,37.4814483,202069.35,442445.39
1210083300,우면동702,101,도로교차점,0,무,127.0212093,37.4639003,201876.34,440497.75
1210083700,우면동683,101,도로교차점,0,무,127.0226591,37.4659418,202004.55,440724.35
1210084300,신원동286,101,도로교차점,0,무,127.0539689,37.4502438,204775.39,438983.22
1210084400,신원동274-1,101,도로교차점,0,무,127.0555563,37.4486606,204915.95,438807.59
1210084500,신원동202-1,101,도로교차점,0,무,127.0567562,37.4474024,205022.21,438668.02
1210084700,내곡동411-67,101,도로교차점,0,무,127.0604263,37.4546723,205346.45,439475.08
1210084800,내곡동411-45,101,도로교차점,0,무,127.0590559,37.4561514,205225.1,439639.16
1210080100,우면동754,102,도로시.종점,0,무,127.0164473,37.4567511,201455.19,439704.2
1210085400,내곡동173-5,101,도로교차점,0,무,127.065204,37.4544711,205769.19,439453.02
1210080400,세화여자중학교,102,도로시.종점,0,무,126.9946988,37.5016291,199531.25,444684.95
1210080500,잠원초등학교,102,도로시.종점,0,무,126.9975485,37.5010875,199783.23,444624.83
1210083000,서초동1355-12,102,도로시.종점,0,무,127.0288084,37.4851396,202547.9,442855.2
1210080900,신반포중학교,101,도로교차점,0,무,126.9963986,37.5064702,199681.57,445222.24
1210081200,방배동906-20,101,도로교차점,0,무,126.9970613,37.4835229,199740.08,442675.39
1210081100,속성변화점,103,속성변화점,0,무,126.9927989,37.5067785,199363.3,445256.48
1210081300,방배동686-102,102,도로시.종점,0,무,126.999386,37.4848144,199945.7,442818.72
1210081400,KTNEXR,102,도로시.종점,0,무,127.0030982,37.4813982,200274.03,442439.57
1210081500,방배동1008-4,102,도로시.종점,0,무,127.0041982,37.476982,200371.34,441949.44
1210082000,서초동1685,102,도로시.종점,0,무,127.0135346,37.4995795,201196.81,444457.54
1210082100,서초동1738-4,102,도로시.종점,0,무,127.0175468,37.4987963,201551.6,444370.67
1210082600,강남역교차로,102,도로시.종점,0,무,127.0270584,37.4973632,202392.74,444211.81
1210082700,서초동1326-17,102,도로시.종점,0,무,127.0263085,37.4947218,202326.5,443918.64
1210082300,잠원동49-11,102,도로시.종점,0,무,127.0147468,37.5208687,201303.63,446820.38
1210082400,서초동1390,102,도로시.종점,0,무,127.0246586,37.5023792,202180.38,444768.47
1210082500,한국무라타전자본사,102,도로시.종점,0,무,127.0255335,37.4982964,202257.87,444315.35
1210082900,서일초등학교,102,도로시.종점,0,무,127.0227839,37.4859644,202015.05,442946.6
1210083100,양재고등학교,102,도로시.종점,0,무,127.0316331,37.4827149,202797.82,442586.17
1210083600,우면동677,101,도로교차점,0,무,127.0213342,37.466625,201887.33,440800.16
1210083400,우면동697,101,도로교차점,0,무,127.0211593,37.4652168,201871.88,440643.86
1210083500,우면동206-4,101,도로교차점,0,무,127.0205093,37.466325,201814.36,440766.85
1210083800,우면동57-1,102,도로시.종점,0,무,127.0220341,37.4732326,201949.07,441533.52
1210083900,서초동산141-2,102,도로시.종점,0,무,127.0131849,37.4770238,201166.23,441954.14
1210084100,생태터널,104,도로시설물,0,무,127.0398701,37.4572262,203527.54,439757.55
1210084200,생태터널,104,도로시설물,0,무,127.0422949,37.4546099,203742.21,439467.27
1210084000,원지동63,102,도로시.종점,0,무,127.0428574,37.4541432,203792,439415.5
1210084600,신원동205-3,102,도로시.종점,0,무,127.0573187,37.4467692,205072.02,438597.76
1210085000,내곡동1-488,102,도로시.종점,0,무,127.0806914,37.4638757,207138.61,440497.86
1210084900,신원동427-3,102,도로시.종점,0,무,127.0557187,37.4553265,204929.89,439547.42
1210085100,속성변화점,103,속성변화점,0,무,126.9958945,37.5071799,199637.01,445301.01
1210085500,서초구-성남시수정구,105,행정경계,0,무,127.0696154,37.4306113,206161.46,436805.2
1210085601,태영식당,101,도로교차점,1,유,127.0388735,37.4629072,203439.1,440388.03
1210085701,양재교,101,도로교차점,1,유,127.0398405,37.4633363,203524.63,440435.69
1210085801,버스정류장,101,도로교차점,0,무,126.990977,37.4793094,199201.92,442207.77
1210085901,에이비씨상사,101,도로교차점,0,무,126.991238,37.4793961,199225,442217.4
1210086001,방배골,101,도로교차점,0,무,126.9923748,37.4797473,199325.55,442256.37
1210086101,버스정류장,101,도로교차점,0,무,126.9933142,37.4800736,199408.64,442292.58
1210086201,-,101,도로교차점,0,무,127.0280704,37.4599842,202483.46,440063.28
1210086301,-,101,도로교차점,0,무,127.028079,37.4601882,202484.21,440085.92
1210086401,서초구-강남구,105,행정경계,0,무,127.0488613,37.4698922,204322.32,441163.68
1220116500,위례터널서측,104,도로시설물,0,무,127.1140666,37.4654887,210091.03,440679.93
1220147200,서울율현초교앞교차로,101,도로교차점,0,무,127.10688,37.4733204,209454.28,441548.41
1220012901,율현동265-5,101,도로교차점,1,유,127.1072251,37.4719969,209484.97,441401.55
1220003902,일원동733,101,도로교차점,1,유,127.0852732,37.4835045,207541.98,442676.75
1220016301,수서동600,101,도로교차점,1,유,127.094691,37.4843819,208374.84,442774.93
1210024701,BR코리아본사,101,도로교차점,0,무,127.0363662,37.4848913,203216.34,442827.88
1210025101,도곡동910-3,101,도로교차점,0,무,127.0394457,37.4853192,203488.69,442875.47
1220003901,일원역(서울3호선),101,도로교차점,0,무,127.0836036,37.4844335,207394.22,442779.73
1220004701,개포동197-2,101,도로교차점,0,무,127.0731997,37.4876741,206473.78,443138.63
1220021401,도곡동874-1,101,도로교차점,1,유,127.0415609,37.4897375,203675.54,443365.94
1220005101,영희초교교차로,101,도로교차점,0,무,127.0811449,37.4902525,207176.21,443425.37
1220005301,개포동195,101,도로교차점,0,무,127.0708287,37.4902385,206263.88,443423.08
1220006001,일원동706-4,101,도로교차점,0,무,127.0822888,37.4917421,207277.23,443590.78
1220024101,대치동600,101,도로교차점,1,유,127.058378,37.4922925,205162.63,443650.3
1220024102,대치동600,101,도로교차점,0,무,127.0597054,37.4929061,205279.98,443718.47
1220026501,대치동600,101,도로교차점,1,유,127.0609369,37.4934714,205388.84,443781.28
1220025901,역삼동805,101,도로교차점,1,유,127.0424369,37.4928793,203752.85,443714.67
1220029901,속성변화점,103,속성변화점,0,무,127.0563218,37.4973965,204980.45,444216.66
1220031301,대치동1012-82,101,도로교차점,0,무,127.0625796,37.4994392,205533.67,444443.72
1220031302,대치동1012-82,101,도로교차점,1,유,127.0647893,37.5001696,205729.01,444524.91
1220034101,르네상스호텔교차로,101,도로교차점,0,무,127.0436465,37.5028734,203859.31,444823.93
1220037401,한솔케미칼본사,101,도로교차점,0,무,127.0587971,37.5075393,205198.64,445342.51
1220158000,논현동279-67,101,도로교차점,1,유,127.0227927,37.5115521,202015.15,445786.5
1220043801,삼성1동주민센터,101,도로교차점,1,유,127.0618135,37.514543,205464.82,446120.01
1220157900,논현동501-5,101,도로교차점,0,무,127.0211888,37.5168138,201873.21,446370.45
1220049901,신사동668,101,도로교차점,1,유,127.0283409,37.523777,202505.26,447143.44
1220158100,강남구-송파구,105,행정경계,0,무,127.1237338,37.4671803,210946,440868.76
1220148500,율현2빗물펌프장,101,도로교차점,0,무,127.1192061,37.4712266,210544.89,441317.34
1220013801,자곡사거리,101,도로교차점,1,유,127.1069619,37.4757706,209461.21,441820.35
1220015001,일원동734-2,101,도로교차점,0,무,127.080154,37.4816786,207089.38,442473.7
1220015002,서울로봇고등학교,101,도로교차점,0,무,127.0835637,37.4812834,207391,442430.1
1220015501,대모산입구교차로,101,도로교차점,1,유,127.0797251,37.4835745,207051.27,442684.09
1220017501,도곡동902-63,101,도로교차점,0,무,127.0392001,37.4866277,203466.9,443020.7
1220017503,도곡동895-60,101,도로교차점,0,무,127.0396211,37.4874265,203504.1,443109.37
1220017504,도곡동902-63,101,도로교차점,0,무,127.0401022,37.4882847,203546.61,443204.63
1220017502,언주초등학교,101,도로교차점,0,무,127.0377566,37.4872375,203339.22,443088.32
1220017505,도곡동902-95,101,도로교차점,0,무,127.037469,37.4885457,203313.72,443233.5
1220029902,대치동1013-5,102,도로시.종점,0,무,127.0557768,37.4946054,204932.45,443906.85
1110022401,진관동186-1,101,도로교차점,0,무,126.9391023,37.6386678,194625.07,459896.38
1110011101,신사동고개교차로,101,도로교차점,0,무,126.9085497,37.5966848,191923.91,455238.9
1110012301,신사동14-34,101,도로교차점,0,무,126.9077558,37.5993774,191854.09,455537.82
1110014901,역촌동37-18,101,도로교차점,0,무,126.9185923,37.6026659,192811.36,455901.93
1110015501,구산동192-4,101,도로교차점,0,무,126.9063383,37.6050927,191729.55,456172.28
1110021501,진관동106-1,101,도로교차점,0,무,126.9279269,37.6310604,193638.06,459052.73
1110021701,진관동102-3,101,도로교차점,1,유,126.919273,37.633512,192874.41,459325.46
1110021901,진관동주민센터,101,도로교차점,0,무,126.9207277,37.6346617,193002.92,459452.95
1110021902,진관동81-2,101,도로교차점,1,유,126.9238289,37.6341667,193276.61,459397.79
1110021903,진관동81-2,101,도로교차점,0,무,126.9270037,37.6341677,193556.83,459397.68
1110022002,기자촌입구교차로,101,도로교차점,1,유,126.9180811,37.6345622,192769.3,459442.11
1110022001,진관동82-32,101,도로교차점,0,무,126.9169397,37.6367432,192668.77,459684.27
1110021801,제각말아파트앞교차로,101,도로교차점,0,무,126.9351515,37.63762,194276.28,459780.32
1110022701,속성변화점,103,속성변화점,0,무,126.9203011,37.6396985,192965.74,460012.01
1110022702,진관동60-7,101,도로교차점,0,무,126.9186384,37.6397493,192818.99,460017.79
1110022801,진관동186-2,101,도로교차점,0,무,126.9388994,37.6405427,194607.3,460104.49
1110023201,진관동15-1,101,도로교차점,0,무,126.9289127,37.6439907,193726.17,460487.8
1110023202,진관초등학교,101,도로교차점,0,무,126.9300139,37.6447378,193823.41,460570.65
1110023101,진관동43-21,101,도로교차점,0,무,126.9187134,37.6448855,192826.11,460587.85
1110023102,진관동53-31,101,도로교차점,1,유,126.915296,37.6445452,192524.48,460550.33
1110023001,진관사입구교차로,101,도로교차점,1,유,126.9386105,37.642397,194581.94,460310.31
1110023002,삼천리골입구교차로,101,도로교차점,0,무,126.939348,37.6441451,194647.14,460504.29
1110023801,-,101,도로교차점,0,무,126.9347263,37.6503319,194239.74,461191.23
1110024401,진관동289-22,101,도로교차점,0,무,126.9479565,37.6564565,195407.65,461870.27
1110032500,봉산터널동측,104,도로시설물,0,무,126.9033323,37.6015955,191463.71,455784.4
2180089100,은평구-고양시덕양구,105,행정경계,0,무,126.9010493,37.6033823,191262.31,455982.92
1110032700,진관동186,101,도로교차점,0,무,126.9400024,37.6419375,194704.74,460259.23
1110033200,진관사입구교차로,101,도로교차점,0,무,126.9395399,37.6421292,194663.94,460280.53
1110033100,진관동278-1,101,도로교차점,0,무,126.9498264,37.6553527,195572.58,461747.67
1110032600,진관사입구교차로,102,도로시.종점,0,무,126.9396649,37.6423375,194674.99,460303.64
1110033400,진관동164-8,101,도로교차점,0,무,126.93864,37.6388712,194584.28,459918.98
1110032800,진관동171-23,102,도로시.종점,0,무,126.939015,37.6378463,194617.3,459805.21
1110033600,진관동171-23,101,도로교차점,0,무,126.9393525,37.6380047,194647.1,459822.76
1110033700,진관동278-1,101,도로교차점,0,무,126.9482265,37.6566442,195431.49,461891.09
1110033800,진관동278-1,101,도로교차점,0,무,126.9490889,37.6561859,195507.56,461840.19
1110033900,진관동57-2,102,도로시.종점,0,무,126.9167295,37.6402043,192650.56,460068.43
1110034000,은빛초등학교,101,도로교차점,1,유,126.9184599,37.6430271,192803.55,460381.6
1110034100,진관동45-21,102,도로시.종점,0,무,126.9169045,37.6427456,192666.25,460350.48
1110034200,진관동15-1,102,도로시.종점,0,무,126.9303033,37.6424874,193848.76,460320.86
1110034300,진관동9-1,102,도로시.종점,0,무,126.9316281,37.6442956,193965.84,460521.45
1110034400,진관동122-1,102,도로시.종점,0,무,126.9152672,37.6359548,192521.07,459596.89
1110034800,진관동81-1,101,도로교차점,0,무,126.9270411,37.6349883,193560.21,459488.75
1110034900,은평메디텍고등학교,101,도로교차점,0,무,126.9299534,37.6348216,193817.25,459470.06
1110035000,신도중학교,101,도로교차점,0,무,126.9299534,37.6333718,193817.13,459309.14
1110035100,신도중학교,102,도로시.종점,0,무,126.9304783,37.6334218,193863.47,459314.66
1110035200,진관동산109-45,101,도로교차점,0,무,126.9353529,37.6278475,194293.32,458695.66
1110035600,진관동345-5,102,도로시.종점,0,무,126.9407523,37.6446289,194771.12,460557.91
1110035700,갈현동439-5,102,도로시.종점,0,무,126.9192169,37.6246144,192868.61,458337.92
1110035800,불광동309-8,102,도로시.종점,0,무,126.9252915,37.6173986,193404.22,457536.6
1110036200,신사동19-164,101,도로교차점,0,무,126.9077682,37.5982757,191855.06,455415.55
1110036300,신사동371-3,102,도로시.종점,0,무,126.9064683,37.5986424,191740.31,455456.35
1110036400,신사동17-14,102,도로시.종점,0,무,126.9094931,37.5987924,192007.44,455472.74
1110036500,속성변화점,103,속성변화점,0,무,126.937253,37.603342,194459.22,455975.7
1110037100,속성변화점,103,속성변화점,0,무,126.94872,37.6567054,195475.04,461897.86
1110037300,속성변화점,103,속성변화점,0,무,126.9502362,37.6550722,195608.73,461716.52
2180126600,지축동402,101,도로교차점,0,무,126.9131673,37.645062,192336.66,460607.87
1110037000,진관동산61-1,102,도로시.종점,0,무,126.9149047,37.6387128,192489.35,459903.03
1110037200,속성변화점,103,속성변화점,0,무,126.9506638,37.6553777,195646.48,461750.41
2180005101,진관동74-20,101,도로교차점,0,무,126.9078825,37.6464109,191870.39,460758.03
2180126700,지축동712-7,101,도로교차점,0,무,126.9088801,37.64772,191958.58,460903.24
1110034500,진관동108-32,101,도로교차점,0,무,126.9148422,37.6344383,192483.41,459428.61
1110034600,진관동82-30,102,도로시.종점,0,무,126.917442,37.6363047,192713.06,459635.56
1110034700,진관동산110-15,102,도로시.종점,0,무,126.9176795,37.6286306,192733.28,458783.8
1110035300,불광동산6-1,102,도로시.종점,0,무,126.9340031,37.6266226,194174.06,458559.79
1110035400,진관동151-26,102,도로시.종점,0,무,126.9369528,37.6276892,194434.53,458677.99
1110035500,진관동175-154,102,도로시.종점,0,무,126.9371152,37.6339051,194449.33,459367.89
1110032900,진관동171-11,102,도로시.종점,0,무,126.9398024,37.638013,194686.82,459823.66
1110033300,진관동164-8,101,도로교차점,0,무,126.938615,37.6402294,194582.17,460069.73
1110033500,진관동165-12,101,도로교차점,0,무,126.93934,37.6397878,194646.12,460020.67
1110033000,진관동278-1,102,도로시.종점,0,무,126.9471516,37.6578857,195336.71,462028.94
1110035900,불광동643-4,102,도로시.종점,0,무,126.9262914,37.6157905,193492.36,457358.05
1110036000,불광동8-79,102,도로시.종점,0,무,126.9335657,37.6133242,194134.41,457083.83
1110036100,구산동224,102,도로시.종점,0,무,126.9060683,37.6058165,191705.78,456252.64
1110036600,녹번동280-3,102,도로시.종점,0,무,126.937328,37.5997924,194465.59,455581.73
1110037400,응암동1-39,101,도로교차점,0,무,126.9367531,37.5993834,194414.78,455536.37
1110036700,응암동347-1,102,도로시.종점,0,무,126.9208421,37.5913183,193008.96,454642.29
1110036800,응암동335-73,102,도로시.종점,0,무,126.9199172,37.5897268,192927.13,454465.73
1110037501,정가네석쇠불고기앤삼겹구이,103,속성변화점,0,무,126.930127,37.5976415,193829.5,455343.45
1060035800,망우동18,101,도로교차점,0,무,127.1107247,37.6096507,209776.55,456679.81
1060035900,신내동316-4,101,도로교차점,0,무,127.0999007,37.6130835,208820.42,457059.75
1060036000,신내동317,102,도로시.종점,0,무,127.0998132,37.6118337,208812.85,456921.02
1060036100,신내동255-3,101,도로교차점,0,무,127.107075,37.6194829,209453.05,457770.7
1060036200,신내동243-31,101,도로교차점,0,무,127.1088971,37.6172277,209614.2,457520.59
1060036300,신내동111-5,101,도로교차점,0,무,127.1062626,37.615225,209381.86,457298.04
1060035300,묵동190-3,102,도로시.종점,0,무,127.0774027,37.6147915,206833.88,457247.44
1060035500,묵동191-1,101,도로교차점,0,무,127.0831772,37.6170996,207343.48,457504.05
1060035000,면목동662,102,도로시.종점,0,무,127.0836525,37.5799789,207389.11,453384.1
1060035700,양원역(경의중앙선),101,도로교차점,0,무,127.10845,37.6070093,209576.04,456386.41
1060003201,갈매동437-20,101,도로교차점,1,유,127.1062916,37.620549,209383.75,457888.95
1060036400,새솔초등학교,102,도로시.종점,0,무,127.1116996,37.6185747,209861.44,457670.37
1060036500,신내동817,102,도로시.종점,0,무,127.1074625,37.6148334,209487.85,457254.7
1060036600,신내동259-6,101,도로교차점,0,무,127.1056253,37.6180666,209325.24,457613.37
1060036700,신내동80,101,도로교차점,0,무,127.1050377,37.6167165,209273.53,457463.45
1060036800,속성변화점,103,속성변화점,0,무,127.1048877,37.6182496,209260.1,457633.61
2210042300,중랑구-구리시,105,행정경계,0,무,127.1133073,37.6200811,210003.19,457837.74
1060037201,양원지구동원베네스트오피스,102,도로시.종점,0,무,127.1020724,37.608039,209012.78,456500.06
1060037001,블루핸즈,101,도로교차점,0,무,127.0797658,37.5834942,207045.47,453773.95
1060037101,면목동동원베네스트아파트,101,도로교차점,0,무,127.0838065,37.5834618,207402.38,453770.66
1060037401,능산삼거리,101,도로교차점,1,유,127.1020822,37.6085967,209013.58,456561.96
1060037301,망우리공원주차장,101,도로교차점,0,무,127.1141591,37.5988716,210081.24,455483.8
1060037501,대한불교일승종총무원,101,도로교차점,1,유,127.1141125,37.6010346,210076.84,455723.88
1060037701,버스정류장,101,도로교차점,1,유,127.1061296,37.6091691,209370.88,456625.89
1060037601,시골집,101,도로교차점,1,유,127.1139635,37.6017795,210063.58,455806.53
1060037801,극락사,101,도로교차점,0,무,127.1137522,37.6041656,210044.6,456071.35
1060037901,큰솔애드컴,101,도로교차점,1,유,127.1116073,37.6080147,209854.69,456498.32
1060038001,양원사랑데이케어센터,101,도로교차점,0,무,127.1127193,37.608631,209952.8,456566.84
1070001701,안암동5가126-15,101,도로교차점,1,유,127.0252457,37.5862736,202229.79,454079.75
1070026001,석관동56-1,101,도로교차점,1,유,127.0649657,37.6071397,205736.4,456397.34
1070042900,석계역,101,도로교차점,0,무,127.0650372,37.6142978,205742.16,457191.81
1070037901,장위동143-1,101,도로교차점,0,무,127.0516343,37.61827,204558.58,457631.94
1070037902,광운초교앞교차로,101,도로교차점,1,유,127.0533931,37.6194006,204713.78,457757.52
1070039101,장위동157-27,101,도로교차점,1,유,127.0518585,37.6219083,204578.15,458035.77
1070012601,돈암동600-28,101,도로교차점,0,무,127.0121633,37.5971887,201074.15,455290.97
1070014801,성북동330-89,101,도로교차점,0,무,126.9901758,37.6005932,199132.46,455668.81
1070025201,하월곡동88-15,101,도로교차점,1,유,127.0305363,37.6062705,202696.35,456299.31
1070022001,정릉동192-467,101,도로교차점,0,무,127.0157353,37.6072962,201389.41,456412.83
1070027001,길음동875-1,101,도로교차점,0,무,127.020474,37.6088864,201807.79,456589.41
1070030001,길음동1280-5,101,도로교차점,0,무,127.0170267,37.6103722,201503.38,456754.25
1640082700,동춘지하차도서측,104,도로시설물,1,유,126.6531992,37.4027593,169294.21,433768.21
1640083700,송도지하차도,104,도로시설물,0,무,126.6630599,37.3949216,170164.17,432895.16
1650067800,송도지하차도,104,도로시설물,0,무,126.6708125,37.3904115,170848.92,432392.19
1650068300,고잔지하차도서측,104,도로시설물,0,무,126.6797042,37.3881205,171635.46,432135.21
1650069000,고잔지하차도동측,104,도로시설물,0,무,126.6877488,37.3868842,172347.42,431995.61
1650069400,해안지하차도서측,104,도로시설물,0,무,126.6921559,37.3861392,172737.44,431911.64
1640082000,송도IC,106,106,1,유,126.6476904,37.4061472,168807.87,434146.02
2240060500,동시흥JC,106,106,1,유,126.8540587,37.3961644,187077.23,432989.82
2240060800,동시흥JC,101,도로교차점,1,유,126.8598529,37.3967589,187590.39,433055.02
1640093300,중구-연수구,105,행정경계,0,무,126.5819919,37.406912,162991.53,434254.65
2260005800,안양시동안구-의왕시,105,행정경계,0,무,126.9720785,37.3801197,197527.09,431199.46
2260054600,평촌고가교,104,도로시설물,0,무,126.9789228,37.3798839,198133.26,431173.14
2260055400,성남시분당구-의왕시,105,행정경계,0,무,127.0383189,37.3945265,203393.13,432798.72
2060108900,성남시수정구-성남시분당구,105,행정경계,0,무,127.0762488,37.3958923,206751.69,432952.35
2070151100,수락산터널,104,도로시설물,0,무,127.057674,37.691843,205086.77,465798.12
2070103000,호원IC3교,106,106,0,무,127.0414909,37.7068319,203658.71,467460.99
2070150700,사패산터널,104,도로시설물,0,무,127.0350632,37.7130641,203091.65,468152.48
2040153200,성남시수정구-성남시분당구,105,행정경계,0,무,127.1067347,37.4076534,209449.68,434260.27
2070102900,호원2교,106,106,0,무,127.0393401,37.7095669,203468.92,467764.47
2070103100,호원IC2교,106,106,0,무,127.0426308,37.7042765,203759.35,467177.42
2070103200,호원IC,106,106,0,무,127.0437417,37.7024778,203857.41,466977.82
2070150600,의정부시-양주시,105,행정경계,0,무,127.0104732,37.7219218,200923.35,469135.08
2080036000,안양시만안구-안산시상록구,105,행정경계,0,무,126.8920404,37.3708116,190437.2,430171.52
2080036200,수암터널,104,도로시설물,0,무,126.9003135,37.3719047,191170.14,430292.02
2080036400,수리터널,104,도로시설물,0,무,126.9058492,37.3726214,191660.56,430371.06
2080036500,안양시만안구-군포시,105,행정경계,0,무,126.9140147,37.3737259,192383.93,430492.96
2090058000,평촌고가교,104,도로시설물,0,무,126.9531898,37.3777527,195854.05,430937.43
2090010300,자유공원사거리,101,도로교차점,1,유,126.9614546,37.3808853,196586.2,431284.77
2350056400,고양시덕양구-양주시,105,행정경계,0,무,126.9063451,37.6737367,191737.75,463791.05
2180112200,공릉천1교,104,도로시설물,0,무,126.9114472,37.6760551,192188.1,464047.94
2350056600,고양시덕양구-양주시,105,행정경계,0,무,126.9077369,37.6742301,191860.59,463845.69
2350056900,고양시덕양구-양주시,105,행정경계,0,무,126.9130292,37.6768842,192327.75,464139.83
2350057000,공릉천1교,104,도로시설물,0,무,126.9142694,37.6775478,192437.22,464213.39
2320195900,고양시덕양구-김포시,105,행정경계,0,무,126.7925081,37.6107784,181679.57,456819.45
2210003401,사노동548-3,101,도로교차점,0,무,127.1343009,37.6343994,211854.3,459429.37
2220298800,구리시-남양주시,105,행정경계,0,무,127.1480195,37.6062129,213070.13,456302.79
1670063400,계양구-김포시,105,행정경계,0,무,126.7590166,37.5850752,178715.12,453973.74
1650101800,소래터널서측,104,도로시설물,0,무,126.7753504,37.4586625,180124.3,439939.91
2240225700,소래터널동측,104,도로시설물,0,무,126.7803386,37.4584003,180565.56,439909.77
1660067900,부평구-부천시,105,행정경계,0,무,126.7499264,37.5147652,177891.47,446172.25
2350057300,삼하2교,104,도로시설물,0,무,126.9219126,37.6809076,193111.78,464585.7
2350057400,삼하2교,104,도로시설물,0,무,126.9225986,37.6811285,193172.31,464610.17
2350057500,삼하1교,104,도로시설물,0,무,126.9289031,37.6831491,193728.61,464833.99
2350057600,삼하1교,104,도로시설물,0,무,126.930306,37.683807,193852.41,464906.92
2350058700,송추3교,104,도로시설물,0,무,126.9695981,37.7092675,197319.22,467730.95
2350059000,송추3교,104,도로시설물,0,무,126.9715168,37.7108214,197488.46,467903.36
2350059100,송추IC,106,106,0,무,126.9738616,37.7125934,197695.27,468099.99
2350059600,송추IC,106,106,0,무,126.9746317,37.7131555,197763.19,468162.36
1670063000,귤현대교,104,도로시설물,0,무,126.7534656,37.5712764,178220.8,452443.5
2350285900,사패산터널,104,도로시설물,0,무,126.9979274,37.7229818,199817.28,469252.69
1670063200,귤현대교,104,도로시설물,0,무,126.7553213,37.5787447,178386.9,453271.97
2420001800,송내IC북측,106,106,0,무,126.7462161,37.4920427,177556.65,443651.22
2420002300,중동IC,101,도로교차점,1,유,126.7474719,37.502103,177670.69,444767.48
2420003300,상동21,101,도로교차점,1,유,126.7488553,37.5092584,177795.15,445561.32
2040153300,성남시수정구-성남시중원구,105,행정경계,0,무,127.1200514,37.4135604,210627.82,434917.29
2160117700,수암터널,104,도로시설물,0,무,126.8862148,37.3700294,189921.08,430085.3
2220298600,불암산터널,104,도로시설물,0,무,127.107553,37.6698666,209488.84,463362.83
2260046100,북의왕IC,106,106,1,유,126.9910516,37.4045692,199207.72,433912.67
2260046400,청계산1터널서측,104,도로시설물,0,무,126.9949938,37.4026289,199556.75,433697.3
2260046500,청계산1터널동측,104,도로시설물,0,무,127.0005747,37.4001775,200050.88,433425.21
2260046600,학의교,106,106,1,유,127.0017842,37.3997324,200157.98,433375.82
2260046700,원터교동측,104,도로시설물,0,무,127.0075793,37.398601,200671.11,433250.27
2260046900,청계산2터널서측,104,도로시설물,0,무,127.0082915,37.3985238,200734.17,433241.71
2260047000,청계산2터널동측,104,도로시설물,0,무,127.014222,37.3983854,201259.29,433226.41
2260047100,청계산3터널서측,104,도로시설물,0,무,127.0174529,37.3987076,201545.36,433262.22
2040133900,청계산4터널동측,104,도로시설물,0,무,127.070564,37.399352,206248.02,433335.93
2060097900,청계산4터널서측,104,도로시설물,0,무,127.0607067,37.3961252,205375.45,432977.2
2260047200,성남시분당구-의왕시,105,행정경계,0,무,127.0381285,37.3983833,203376.09,433226.77
2200012400,과천시-의왕시,105,행정경계,0,무,126.9864362,37.4069698,198799.12,434179.15
2060097800,청계산3터널동측,104,도로시설물,0,무,127.0489235,37.3971275,204332.01,433087.83
2080025200,석수IC,106,106,1,유,126.9089926,37.4243085,191944.51,436107.29
2080025300,삼막IC,106,106,1,유,126.9117057,37.4254279,192184.78,436231.3
2080025500,삼막천교,106,106,1,유,126.9154457,37.4284021,192516.11,436561.09
2080025600,삼성산터널서측,104,도로시설물,0,무,126.9188026,37.4298978,192813.38,436726.82
2080036800,안양시만안구-안양시동안구,105,행정경계,0,무,126.9475455,37.4255365,195357.08,436240.98
2090040500,삼성산터널동측,104,도로시설물,0,무,126.9697729,37.4161104,197324.17,435193.97
2090040600,속성변화점,103,속성변화점,0,무,126.9736332,37.4140775,197665.83,434968.24
2090040700,안양시동안구-과천시,105,행정경계,0,무,126.9742969,37.4136307,197724.57,434918.63
2200012100,갈현고가교서측,104,도로시설물,0,무,126.9778101,37.4114605,198035.54,434677.7
2200012200,갈현고가교동측,104,도로시설물,0,무,126.9828398,37.4088424,198480.76,434387.03
2200012300,북의왕IC,106,106,1,유,126.984989,37.4077231,198671.01,434262.77
1630070700,미추홀구-연수구,105,행정경계,0,무,126.6871202,37.4331825,172308.79,437134.25
2240290400,남동구-시흥시,105,행정경계,0,무,126.7695585,37.4316525,179604.53,436943.41
2040134000,속성변화점,103,속성변화점,0,무,127.0781594,37.4004142,206920.45,433454.35
2040134100,금토동IC,106,106,1,유,127.0787594,37.4004833,206973.56,433462.07
2040134600,금토대교서측,104,도로시설물,0,무,127.0905905,37.4048973,208020.66,433952.89
2060098800,금토대교동측,104,도로시설물,0,무,127.101494,37.4085877,208985.58,434363.46
2040134800,동판교IC,106,106,1,유,127.1033362,37.4099659,209148.51,434516.6
2040135000,동판교IC,106,106,1,유,127.1050154,37.4121094,209296.9,434754.66
1630072401,-,104,도로시설물,0,무,126.6603719,37.4380532,169943.39,437683.02
1630072501,-,103,속성변화점,0,무,126.6655785,37.4381396,170404.2,437690.96
1630072601,-,103,속성변화점,0,무,126.6693822,37.4374659,170740.57,437615
2410053500,킨텍스IC,101,도로교차점,1,유,126.7413051,37.6474695,177169.83,460903.01
2410097501,고양시 일산동구-고양시 일산서,105,행정경계,0,무,126.7356731,37.6501575,176673.64,461202.74
2190040400,킨텍스IC,101,도로교차점,1,유,126.7342314,37.6509157,176546.65,461287.25
2190030700,고양시일산서구-파주시,105,행정경계,0,무,126.6829181,37.6951819,172035,466214.46
2290000200,자유로휴게소,104,도로시설물,0,무,126.6829721,37.6965189,172040.27,466362.83
2290000201,자유로휴계소입구,101,도로교차점,0,무,126.6829745,37.6985231,172041.23,466585.29
2290000202,장월교,101,도로교차점,0,무,126.6829607,37.7013374,172041.07,466897.66
2290000203,문발IC남측,106,106,1,유,126.6875648,37.721732,172454.65,469159.92
2290000204,문발IC북측,106,106,0,무,126.6889872,37.726258,172581.72,469661.84
2290000205,문발IC북측,106,106,0,무,126.6892947,37.7291903,172609.91,469987.21
2290000206,속성변화점,103,속성변화점,0,무,126.6892986,37.7295863,172610.39,470031.17
2290005801,송천대교,104,도로시설물,0,무,126.6866255,37.7566777,172384.82,473038.88
2290005802,송촌대교,104,도로시설물,0,무,126.6881479,37.760272,172520.3,473437.37
2290005800,법흥리1009,101,도로교차점,0,무,126.6870606,37.7639678,172425.86,473847.9
2290005803,속성변화점,103,속성변화점,0,무,126.6868197,37.7644739,172404.82,473904.15
2290008501,속성변화점,103,속성변화점,0,무,126.6803046,37.7754876,171834.94,475128.52
2290008500,성동IC남측,106,106,1,유,126.679242,37.7873165,171745.83,476441.77
2290008502,성동육교,104,도로시설물,0,무,126.6795264,37.789924,171771.88,476731.1
2290009101,성동육교,104,도로시설물,0,무,126.6795801,37.7903837,171776.78,476782.1
2290009100,성동IC북측,106,106,0,무,126.6798679,37.792509,171802.94,477017.91
2290010900,낙하IC,106,106,0,무,126.7298873,37.8386802,176223.44,482128.7
2290010905,문지리530-2,101,도로교차점,0,무,126.7193525,37.8317053,175293.79,481357.27
2290010901,오금교,104,도로시설물,0,무,126.6968777,37.8271054,173313.61,480852.89
2290010902,오금교,104,도로시설물,0,무,126.6980356,37.8274221,173415.66,480887.71
2290010903,속성변화점,103,속성변화점,0,무,126.7115025,37.8296238,174602.01,481128.34
2290010904,오금리594,101,도로교차점,0,무,126.7173262,37.8309813,175115.17,481277.44
2290010906,낙하IC,106,106,0,무,126.7316859,37.8397531,176382.1,482247.33
2290010907,낙하IC교,104,도로시설물,0,무,126.7324992,37.8402473,176453.85,482301.98
2290011001,낙하IC교,104,도로시설물,0,무,126.7328614,37.840467,176485.8,482326.26
2290011000,낙하IC,106,106,0,무,126.7340299,37.8411578,176588.87,482402.65
2290013001,내포리,101,도로교차점,0,무,126.7640035,37.8502285,179229.75,483402.35
2290013002,내포IC,106,106,1,유,126.7654024,37.8527447,179353.57,483681.33
2290013000,문산대교남측,104,도로시설물,0,무,126.767853,37.8600346,179571.25,484489.92
2290013100,문산대교북측,104,도로시설물,0,무,126.7670478,37.8616888,179500.85,484673.7
2290013300,당동리113,101,도로교차점,1,유,126.76356,37.8639508,179194.57,484925.54
2290013301,당동교,104,도로시설물,0,무,126.7616659,37.8645643,179028.08,484994.07
2290013401,당동교,104,도로시설물,0,무,126.7609955,37.8647637,178969.14,485016.34
2290013400,사목리266,101,도로교차점,1,유,126.7601384,37.8650265,178893.79,485045.71
2290013403,반구정교,104,도로시설물,0,무,126.7560914,37.8664824,178538.11,485208.23
2290013404,반구정교,104,도로시설물,0,무,126.7556263,37.8667261,178497.25,485235.39
2290013405,사목1교,104,도로시설물,0,무,126.75359,37.8683564,178318.56,485416.8
2290013406,사목1교,104,도로시설물,0,무,126.753283,37.8687268,178291.65,485457.99
2290015901,사목2교,104,도로시설물,0,무,126.7470312,37.8853083,177746.55,487299.92
2290015902,사목2교,104,도로시설물,0,무,126.7470892,37.885813,177751.8,487355.92
2290015903,마정육교,104,도로시설물,0,무,126.7472987,37.8876335,177770.78,487557.93
2290015905,마정육교,104,도로시설물,0,무,126.747429,37.8889511,177782.64,487704.15
2290015900,임진각IC남측,106,106,0,무,126.7474661,37.8892096,177785.98,487732.84
2180000906,북로JC(서측),106,106,1,유,126.82894,37.6008781,184894.31,455714.14
2290016100,임진각IC북측,106,106,0,무,126.7477163,37.8919702,177808.81,488039.18
2290016400,문산IC,106,106,1,유,126.7502785,37.8940116,178034.8,488265.16
2180002400,자유로JC,106,106,0,무,126.7934669,37.62046,181766.58,457893.82
3240025700,목일예능종합학원,101,도로교차점,0,무,126.4040313,34.7933956,145458.37,144336.33
3240025900,NH농협은행자유시장지점,101,도로교차점,1,유,126.4021987,34.7934533,145290.69,144343.73
3240025600,입암1교,101,도로교차점,0,무,126.4057046,34.7933782,145611.5,144333.49
3240026000,입암교,101,도로교차점,1,유,126.4076805,34.7934621,145792.38,144341.73
3240026100,대한예수교회목포겨자씨교회,101,도로교차점,1,유,126.3978665,34.7934624,144894.22,144347.1
3240026300,목포오일총판,101,도로교차점,1,유,126.3975605,34.7934693,144866.22,144348.04
3240026700,처갓집양념통닭,101,도로교차점,1,유,126.39587,34.7935077,144711.53,144353.23
3240026800,꿈의궁전까페,101,도로교차점,1,유,126.3930437,34.7935308,144452.89,144357.35
3240026400,해남고물상,101,도로교차점,1,유,126.3989584,34.793472,144994.16,144347.58
3240026200,삼학타운아파트,101,도로교차점,1,유,126.4009469,34.7934669,145176.14,144345.92
2180128200,고양시덕양구-고양시일산동구,105,행정경계,0,무,126.7715191,37.6326342,179832.25,459249.52
2190038300,멱절교,104,도로시설물,0,무,126.729334,37.6535066,176115.3,461576.05
2190037600,멱절교,104,도로시설물,0,무,126.7281659,37.6541037,176012.41,461642.62
2190036000,이산포분기점,106,106,1,유,126.7244725,37.6559864,175687.11,461852.53
2190031200,속성변화점,103,속성변화점,0,무,126.6982819,37.6683669,173380.43,463233.76
2190034400,이산포JC,106,106,1,유,126.7187601,37.6591489,175184.09,462205.04
2190030400,구산지하차도,101,도로교차점,0,무,126.6795888,37.6839075,171737.09,464964.1
2190030500,장월IC,106,106,0,무,126.679868,37.685332,171762.26,465122.12
2190030600,장월교남측,106,106,0,무,126.6827373,37.6939422,172018.58,466076.92
2410056000,장항IC,106,106,1,유,126.761031,37.6385111,178908.14,459904.1
2410055200,장항IC,106,106,1,유,126.7554859,37.6412439,178419.51,460208.67
3070040800,오식도동813-20,101,도로교차점,1,유,126.5776718,35.9554049,161899.8,273178.89
3070041900,소룡동1648,101,도로교차점,0,무,126.5774924,35.9573652,161884.55,273396.48
3070044100,소룡동1635-2,101,도로교차점,0,무,126.5773286,35.9593303,161870.73,273614.58
3070121300,소룡동1632,101,도로교차점,0,무,126.5774126,35.9583198,161877.81,273502.42
3070044500,비응3호교북측,101,도로교차점,0,무,126.53198,35.9590084,157779.61,273597.53
3070118600,비응2호교남측,101,도로교차점,0,무,126.5352365,35.959166,158073.47,273613.62
3070044300,한국펠저,101,도로교차점,0,무,126.5820672,35.9595094,162298.28,273632.61
3070047300,소룡동1655,101,도로교차점,0,무,126.5771644,35.9613029,161856.86,273833.52
3070045400,비응1호교북측,101,도로교차점,1,유,126.5407101,35.9594391,158567.4,273641.58
3070117200,비응도동3,101,도로교차점,0,무,126.52314,35.9585201,156981.88,273547.21
3070044700,TAMOS,101,도로교차점,0,무,126.588207,35.9597439,162852.26,273656.28
3070046000,남양회관,101,도로교차점,0,무,126.5881119,35.9607848,162844.17,273771.82
3070044900,아이피케이,101,도로교차점,0,무,126.5901365,35.9598201,163026.36,273664
3070046100,대우회관,101,도로교차점,0,무,126.5900512,35.9608617,163019.15,273779.61
3070045300,청우군산공장,101,도로교차점,0,무,126.5958993,35.9600704,163546.33,273689.6
3070045301,소룡동1656,101,도로교차점,0,무,126.6004732,35.9611173,163959.42,273804.07
3070120000,오식3교,101,도로교차점,0,무,126.5481528,35.9598046,159238.99,273679.01
3070120400,오식2교,101,도로교차점,0,무,126.555563,35.9601681,159907.65,273716.28
3070120401,오식도동525,101,도로교차점,0,무,126.5582645,35.9603033,160151.42,273730.16
3070045900,IBK기업은행군산산단지점,101,도로교차점,0,무,126.5614096,35.9604578,160435.22,273746.03
3070120402,오식도동525,101,도로교차점,1,유,126.5591773,35.9603481,160233.79,273734.77
3070045906,오식도동764,101,도로교차점,0,무,126.5631185,35.9605385,160589.41,273754.29
3070046200,오식도동654,101,도로교차점,0,무,126.5647987,35.9606178,160741.02,273762.42
3070047800,GS주유소오아시스,101,도로교차점,0,무,126.5880129,35.9618714,162835.75,273892.42
3070047900,소룡동1656,101,도로교차점,0,무,126.5899606,35.9619641,163011.49,273901.96
3070046400,오식도동695,101,도로교차점,0,무,126.567465,35.9607464,160981.62,273775.61
3070046401,오식도동766,101,도로교차점,0,무,126.5700607,35.960958,161215.87,273798.06
3070047200,오식도동766,101,도로교차점,0,무,126.5741253,35.9611486,161582.63,273817.59
3070047301,소룡동1655,101,도로교차점,0,무,126.5795742,35.9614323,162074.3,273846.95
3070047500,소룡동1655,101,도로교차점,0,무,126.5819055,35.9615575,162284.67,273859.93
2390184000,천안터널,104,도로시설물,0,무,127.4618733,37.6501546,240759.54,461269.9
2390184100,천안터널,104,도로시설물,0,무,127.4760277,37.6508989,242008.23,461358.76
2390184200,창의터널,104,도로시설물,0,무,127.5135379,37.6781423,245301.87,464400
2390184300,창의터널,104,도로시설물,0,무,127.5280082,37.6819177,246576.02,464826.13
2390184400,송산터널,104,도로시설물,0,무,127.5343422,37.6849495,247132.84,465165.8
2390184500,송산터널,104,도로시설물,0,무,127.5417478,37.6928894,247780.97,466050.81
2390184600,미사터널,104,도로시설물,0,무,127.5490046,37.7089119,248410.59,467832.91
2570311000,가평군-홍천군,105,행정경계,0,무,127.5589976,37.7149936,249287.74,468513.14
2220299400,남양주시-양평군,105,행정경계,0,무,127.3580604,37.6341527,231604.97,459453.8
2390183900,가평군-양평군,105,행정경계,0,무,127.4372976,37.6494441,238591.13,461180.65
2570311100,미사터널,104,도로시설물,0,무,127.5696625,37.718643,250225.63,468923.87
2570311200,춘천시-홍천군,105,행정경계,0,무,127.5892521,37.725366,251948.11,469680.76
2220299300,월문1터널,104,도로시설물,0,무,127.2727276,37.6120876,224079.99,456979.49
2220299200,월문1터널,104,도로시설물,0,무,127.261719,37.6058536,223109.93,456284.82
2270208701,선동교차로,101,도로교차점,0,무,127.1830291,37.5796446,216167.23,453359.45
2300293800,이천시-광주시,105,행정경계,0,무,127.3581056,37.3059428,231747.46,423026.78
2340211501,곤지암JC,106,106,0,무,127.3538577,37.3104588,231369,423526.56
2340211401,곤지암JC,106,106,0,무,127.3537467,37.3104353,231359.16,423523.92
2840041600,성암천교,104,도로시설물,0,무,127.4662463,36.7432312,241640.63,360619.33
2840042100,성암천교,104,도로시설물,0,무,127.4672256,36.7440017,241727.67,360705.26
2340204500,하남시-광주시,105,행정경계,0,무,127.2450866,37.477509,221678.4,442036.13
2300247600,신둔하이패스IC,106,106,0,무,127.3731098,37.2943896,233082.71,421749.7
2300247800,신둔하이패스IC,106,106,0,무,127.3779245,37.2910361,233511.11,421379.21
2300265300,남이천IC남측,106,106,0,무,127.4412867,37.1820313,239185.94,409305.87
2300265400,남이천IC북측,106,106,1,유,127.4415304,37.1874765,239204.76,409910.29
2300294100,이천시-안성시,105,행정경계,0,무,127.4387717,37.1479661,238980.1,405524.23
2340116500,경기광주JC,106,106,0,무,127.3154908,37.3825055,227941.11,431510.59
2840042200,오창JC동측,106,106,0,무,127.4685492,36.7451472,241845.26,360832.96
2810286500,안성시-음성군,105,행정경계,0,무,127.4755233,37.0530828,242297.81,395009.75
2810010200,대소IC,106,106,1,유,127.4700256,36.9798804,241848.91,386883.4
2810023500,대소JC,106,106,1,유,127.4705939,36.950804,241915.45,383656.8
2790006800,진천IC,106,106,1,유,127.4755934,36.8665247,242407.39,374305.94
2790007400,진천IC,106,106,1,유,127.4749715,36.8719802,242348.92,374911.09
2790031200,대소분기점,106,106,0,무,127.4745942,36.9338593,242281.12,381778.08
2840043700,중부선교량,104,도로시설물,0,무,127.4723931,36.748202,242186.88,361173.65
2340116800,경기광주JC,106,106,0,무,127.3163676,37.3760019,228021.18,430789.05
2710000200,남이JC,106,106,0,무,127.4201774,36.6046187,237593.55,345218.13
2710008400,서청주IC,106,106,1,유,127.4206026,36.6503146,237609.38,350289.24
2710008600,서청주IC,106,106,1,유,127.4221032,36.6548845,237741.34,350796.96
2840025200,청주시흥덕구-청주시청원구,105,행정경계,0,무,127.4256142,36.6909697,238037.5,354802.81
2810011000,음성IC,106,106,0,무,127.4718415,36.9843074,242008.16,387375.49
2840044200,중부선교량,104,도로시설물,0,무,127.4730075,36.7487249,242241.47,361231.95
2840079100,증평IC,106,106,0,무,127.5054241,36.7758673,245120.52,364258.86
2840034000,오창IC,106,106,1,유,127.4417752,36.7136394,239470.24,357325.06
1070033001,길음동1262-274,101,도로교차점,0,무,127.02468,37.6121104,202179.07,456947.32
1070033301,영훈초등학교,101,도로교차점,0,무,127.0271806,37.6125616,202399.85,456997.47
1070041800,현대백화점,102,도로시.종점,0,무,127.0285822,37.6091419,202523.71,456617.95
1070041900,길음동1280-5,101,도로교차점,0,무,127.0193705,37.6085336,201710.36,456550.23
1070042000,성북동330-89,101,도로교차점,0,무,126.9895358,37.6000344,199075.93,455606.79
1070042100,정릉동966-62,102,도로시.종점,0,무,127.0114713,37.6025425,201012.97,455885.18
1070042400,하월곡동88-75,102,도로시.종점,0,무,127.0305195,37.605109,202694.92,456170.41
1070042300,장위동180-30,101,도로교차점,0,무,127.0493427,37.620449,204356.13,457873.69
1070042200,안암동5가126-39,102,도로시.종점,0,무,127.0238703,37.5906857,202108.19,454569.4
1070043301,2주차장,101,도로교차점,0,무,126.9847079,37.5976969,198649.55,455347.41
1070043401,변종하기념미술관,101,도로교차점,1,유,126.9858781,37.5980219,198752.9,455383.47
1070043501,타운하우스,101,도로교차점,1,유,126.9887353,37.5986946,199005.22,455458.09
1080001001,미아동1345-9,101,도로교차점,0,무,127.0185688,37.6199366,201639.32,457815.83
1080004202,미아동1357-13,101,도로교차점,0,무,127.018131,37.6167481,201600.75,457461.93
1080007601,번동256,101,도로교차점,0,무,127.0443239,37.6258129,203912.78,458468.79
1080019700,영훈고등학교,101,도로교차점,0,무,127.0271573,37.6133664,202397.76,457086.79
1080019800,미아동691-17,101,도로교차점,0,무,127.0191954,37.6188407,201694.67,457694.21
1080004201,삼양동사거리,101,도로교차점,1,유,127.0212941,37.6187106,201879.96,457679.81
1080019900,번동115-9,102,도로시.종점,0,무,127.0437182,37.6222071,203859.49,458068.57
1080020100,미아동699-88,101,도로교차점,0,무,127.0177456,37.6189324,201566.67,457704.35
1080019600,미아동461-6,101,도로교차점,0,무,127.0247075,37.6132414,202181.47,457072.86
1080020000,번동204,102,도로시.종점,0,무,127.0435932,37.6259234,203848.26,458481.03
1080020201,뒤쥬르,101,도로교차점,0,무,127.0119023,37.6642315,201050.15,462732.01
1080020301,신우이교,104,도로시설물,0,무,127.0115995,37.6645829,201023.43,462771.01
1080020401,신우이교,104,도로시설물,0,무,127.0114247,37.6648717,201008.01,462803.07
1080020501,유원지입구,101,도로교차점,0,무,127.0108847,37.6657427,200960.35,462899.72
1090002801,삼익세라믹아파트교차로,101,도로교차점,1,유,127.0360924,37.6578262,203184.76,462021.63
1090018201,도봉동637-67,101,도로교차점,1,유,127.0489397,37.6772682,204317.27,464180.02
1090007401,쌍문동419-2,101,도로교차점,0,무,127.0170118,37.6529568,201501.2,461480.71
1090017001,방학역교차로,101,도로교차점,0,무,127.0441835,37.6669303,203898.23,463032.4
1090019001,도봉동637-59,101,도로교차점,0,무,127.0457108,37.6781435,204032.38,464277.02
1090022100,쌍문동40-23,102,도로시.종점,0,무,127.036356,37.6583946,203207.99,462084.73
1090022200,효문고등학교,102,도로시.종점,0,무,127.0182077,37.653295,201606.73,461518.26
1090021900,방학동705-39,102,도로시.종점,0,무,127.0439927,37.6694517,203881.26,463312.24
1090021401,도봉구-의정부시,105,행정경계,0,무,127.0481474,37.693644,204246.44,465997.54
1090022000,누원고등학교,102,도로시.종점,0,무,127.049517,37.6857331,204367.7,465119.57
1090022401,스마트앵커시설,101,도로교차점,1,유,127.0524683,37.6426533,204630.69,460338.28
1090022301,공신상회,101,도로교차점,1,유,127.0527606,37.642117,204656.52,460278.77
1100083900,월계동950,101,도로교차점,1,유,127.0537796,37.6405551,204746.56,460105.46
1090022501,도봉지하차도,104,도로시설물,0,무,127.0540627,37.641797,204771.46,460243.31
1100086201,-,101,도로교차점,0,무,127.0548804,37.6399861,204843.75,460042.37
1090022601,-,101,도로교차점,0,무,127.0529701,37.6561376,204674.13,461834.92
1100086301,도봉지하차도,101,도로교차점,0,무,127.0497048,37.6693157,204385.22,463297.4
1090022701,노원구-도봉구,105,행정경계,0,무,127.0503633,37.6790743,204442.74,464380.54
1090022801,도봉구-의정부시,105,행정경계,0,무,127.0450526,37.6923904,203973.56,465858.26
1100041701,용화여자고등학교,101,도로교차점,1,유,127.0592069,37.6595764,205224.23,462216.92
1100083800,일성운수,106,106,0,무,127.052643,37.6835145,204643.57,464873.47
1100012601,공릉동687-2,101,도로교차점,0,무,127.0737871,37.6183154,206514.34,457638.29
1100085300,담터지하차도,104,도로시설물,0,무,127.109745,37.6395324,209686.17,459996.26
1100038801,상계동323-18,101,도로교차점,1,유,127.0644955,37.6551657,205691.22,461727.69
1100039801,노원역(서울4호선),101,도로교차점,1,유,127.0625145,37.656145,205516.34,461836.26
1100040701,중계동136-1,101,도로교차점,0,무,127.0753976,37.6597271,206652.84,462234.68
1100067800,범하세라믹아파트,101,도로교차점,1,유,127.085432,37.6742962,207536.77,463852.46
1070043000,대호장여관,101,도로교차점,0,무,127.0658264,37.6144761,205811.83,457211.64
1100010801,월계동66-5,101,도로교차점,0,무,127.0650733,37.6169368,205745.15,457484.71
1100023601,월계2동주민센터,101,도로교차점,0,무,127.0505606,37.6323481,204462.94,459194.41
1100039901,노원역(서울4호선),101,도로교차점,0,무,127.063498,37.6570467,205603.06,461936.41
1100042301,중계동453-21,101,도로교차점,0,무,127.073413,37.6593976,206477.76,462197.97
1100067900,덕릉터널서측,104,도로시설물,0,무,127.0873778,37.6749341,207708.36,463923.42
2220184700,노원구-남양주시,105,행정경계,0,무,127.0938802,37.6765416,208281.82,464102.39
1100083500,상도지하차도,104,도로시설물,0,무,127.051449,37.6869363,204538.03,465253.21
1100083700,상도지하차도남측,104,도로시설물,0,무,127.0518699,37.6863338,204575.2,465186.36
1100084100,월계동106-3,102,도로시.종점,0,무,127.0658412,37.6209408,205812.63,457929.16
1100084400,속성변화점,103,속성변화점,0,무,127.0561665,37.6801505,204954.59,464500.28
1100084800,상계동327-3,101,도로교차점,0,무,127.064316,37.6557534,205675.34,461792.9
1100013201,월계동402-1,101,도로교차점,0,무,127.0590646,37.6209916,205214.38,457934.4
1100084200,월계동403-1,102,도로시.종점,0,무,127.0612416,37.6214657,205406.53,457987.14
1100084300,월계동777-1,102,도로시.종점,0,무,127.0494551,37.6322643,204365.36,459185.07
1100084000,상계동1223-2,102,도로시.종점,0,무,127.0580913,37.6821003,205124.25,464716.8
1100084500,상월초등학교,102,도로시.종점,0,무,127.0573916,37.6591446,205064.09,462168.9
2180044901,행주산성분기점IC,106,106,1,유,126.8364819,37.6006718,185560.27,455690.05
1610074600,금산IC서측,106,106,0,무,126.5181499,37.50906,157397.21,445618.75
1610075100,금산IC동측,106,106,0,무,126.5311287,37.5141836,158547.57,446181.61
1610075000,금산IC동측,106,106,0,무,126.5274933,37.5126846,158225.33,446016.84
1610119300,중구-서구,105,행정경계,0,무,126.578097,37.5435605,162714.63,449422.44
1670062700,계양구-서구,105,행정경계,0,무,126.699624,37.5704053,173464.04,452360.66
1680051600,청라IC,106,106,0,무,126.6749593,37.5698108,171284.87,452301.92
2840034400,오창IC,106,106,1,유,127.4449223,36.7178897,239749.22,357798.03
2840035700,송대리171-5,101,도로교차점,1,유,127.4489009,36.7239233,240101.54,358469.26
2840039300,장대2교,104,도로시설물,0,무,127.4587537,36.73713,240974.7,359939.03
2840039500,장대2교,104,도로시설물,0,무,127.4590682,36.7374387,241002.62,359973.42
2840039700,장대1교,104,도로시설물,0,무,127.4594,36.7377243,241032.11,360005.25
2840039900,장대1교,104,도로시설물,0,무,127.4596625,36.7379551,241055.43,360030.98
2840048700,일신육교,104,도로시설물,0,무,127.4775662,36.7531696,242646.12,361727.22
2840048900,일신육교,104,도로시설물,0,무,127.4779636,36.7535694,242681.38,361771.76
2840050200,화산육교,104,도로시설물,0,무,127.4791105,36.7547691,242783.14,361905.42
2840050500,오창휴게소,104,도로시설물,0,무,127.4793321,36.7549874,242802.8,361929.73
2840060000,오창휴게소,101,도로교차점,0,무,127.486252,36.7617976,243416.89,362688.61
2840072900,오창육교,104,도로시설물,0,무,127.4956486,36.7672957,244252.75,363303.07
2840073400,오창육교,104,도로시설물,0,무,127.4962874,36.7676209,244309.6,363339.45
2840076700,증평IC,106,106,0,무,127.5003649,36.7702134,244672.15,363629.04
2430038000,마성터널,104,도로시설물,0,무,127.183351,37.2708436,216262.32,419086.98
2440082000,용인시처인구-용인시기흥구,105,행정경계,0,무,127.1754597,37.2779502,215560.94,419874.37
2250094600,군포시-의왕시,105,행정경계,0,무,126.9480711,37.3280931,195397.66,425426.23
2300264500,호법JC서측,106,106,1,유,127.4225029,37.238072,237490.21,415517.8
2300265000,호법JC동측,106,106,0,무,127.4306333,37.2347954,238213.31,415157.41
2300266000,복하천교동측,104,도로시설물,0,무,127.4494416,37.237775,239880.75,415495.84
2300265900,복하천교서측,104,도로시설물,0,무,127.4468169,37.2370875,239648.2,415418.45
2430097500,이천시-용인시처인구,105,행정경계,0,무,127.3375622,37.2519966,229947.57,417032.94
2300294700,이천시-여주시,105,행정경계,0,무,127.5274563,37.2405014,246801.66,415834.14
2370258400,남한강교,104,도로시설물,0,무,127.6804527,37.2547377,260365.96,417500.76
2370258500,남한강교,104,도로시설물,0,무,127.6868684,37.2546079,260935.24,417490.47
2370258700,강천2교,104,도로시설물,0,무,127.7465721,37.2428764,266242.17,416228.55
2510352300,여주시-원주시,105,행정경계,0,무,127.7476893,37.2427486,266341.42,416215.15
2370258600,섬강교,104,도로시설물,0,무,127.7420358,37.2434799,265839.15,416292.36
2430087100,양지IC서측,106,106,1,유,127.2909315,37.2389745,225815.06,415573.98
2430088700,양지IC동측,106,106,0,무,127.2983378,37.2409838,226471.54,415799.02
2430074900,용인휴게소,104,도로시설물,0,무,127.2321924,37.2482945,220600.45,416593.94
2430079000,용인휴게소,104,도로시설물,0,무,127.2468786,37.2457478,221904.17,416314.59
2430060700,용인IC동측,106,106,1,유,127.2119288,37.2557888,218800.77,417421.46
2430042300,서용인JC,106,106,0,무,127.1906156,37.2662558,216907.68,418579.09
2430053800,용인IC서측,106,106,0,무,127.2059936,37.2581243,218273.68,417679.5
2440081700,마성터널,104,도로시설물,0,무,127.1725491,37.2806424,215302.26,420172.68
2440078800,마성IC서측,101,도로교차점,1,유,127.1554128,37.2883679,213781.14,421027.45
2440052200,개흥교,106,106,0,무,127.1093505,37.2908114,209696.28,421292.92
2440030600,수원시영통구-용인시기흥구,105,행정경계,0,무,127.0881293,37.2910577,207814.53,421318.29
2440036200,신갈JC,106,106,1,유,127.0989448,37.2897323,208773.72,421172.14
2030101300,수원시장안구-수원시영통구,105,행정경계,0,무,127.0329977,37.310732,202925.19,423498.68
2160117600,안산시상록구-군포시,105,행정경계,0,무,126.8802445,37.3334888,189387.1,426030.52
2330526601,동탄JC,106,106,0,무,127.0961377,37.1781322,208537.38,408786.27
2440042200,신갈JC북측,106,106,1,유,127.103665,37.2952377,209191.6,421783.59
2440042300,신갈JC남측,106,106,1,유,127.1037171,37.2844401,209197.53,420585.25
2140352800,평택시-용인시처인구,101,도로교차점,0,무,127.1092471,37.1181324,209709.2,402128.73
2430110901,남사IC,101,도로교차점,1,유,127.1174329,37.103497,210438.72,400505.36
2430110801,진위천교,104,도로시설물,0,무,127.117699,37.1029085,210462.45,400440.09
2430110701,진위천교,104,도로시설물,0,무,127.1182739,37.1016574,210513.73,400301.3
2430021200,평택시-안성시,101,도로교차점,0,무,127.1234992,37.0901845,210979.87,399028.63
3020165900,안성시-천안시서북구,105,행정경계,0,무,127.1763601,36.9622502,215705.87,384838.12
2140353400,평택시-안성시,105,행정경계,0,무,127.1500247,37.0053525,213353.02,389617.48
2310321400,평택시-안성시,105,행정경계,0,무,127.1451598,37.0149856,212918.39,390685.88
2140353100,평택시-안성시,105,행정경계,0,무,127.139718,37.0328924,212431.17,392672.41
2450041200,성남시분당구-용인시수지구,105,행정경계,0,무,127.103473,37.3394968,209169.19,426695.62
2330500500,오산시-화성시,105,행정경계,0,무,127.0888899,37.1607164,207895.56,406852.82
2440036000,기흥동탄IC,106,106,1,유,127.0988344,37.2190688,208772.11,413329.72
3020169200,북천안IC,106,106,0,무,127.1891057,36.9000713,216854.62,377939.9
3020169500,입장휴게소,104,도로시설물,0,무,127.1895061,36.944327,216880.56,382851.31
2440037800,기흥IC남측,106,106,1,유,127.100685,37.2216183,208936.06,413612.84
2440040400,기흥IC북측,106,106,1,유,127.1026238,37.2242901,209107.82,413909.54
2440042700,수원신갈IC남측,106,106,0,무,127.1038332,37.2618925,209210.58,418082.87
2440048200,기흥휴게소,104,도로시설물,0,무,127.1070676,37.2312121,209501.33,414678.2
2440042800,아모레퍼시픽삼거리,106,106,0,무,127.103848,37.2595308,209212.17,417820.75
2440042600,수원육교남측,106,106,0,무,127.1038057,37.2669114,209207.53,418639.87
2440042500,수원신갈IC,106,106,0,무,127.1038017,37.2658385,209207.3,418520.8
2450041300,용인시기흥구-용인시수지구,105,행정경계,0,무,127.1035102,37.3235844,209174.42,424929.59
2450041500,죽전휴게소,101,도로교차점,0,무,127.1036059,37.3305807,209182.05,425706.08
2450041400,죽전지하차도,101,도로교차점,0,무,127.1036045,37.3343878,209181.47,426128.61
2450041600,죽전휴게소,104,도로시설물,0,무,127.1036163,37.335607,209182.36,426263.92
2040142800,금토JC,106,106,1,유,127.0824491,37.4178466,207298.58,435389.41
2040146000,대왕판교IC,106,106,1,유,127.0897586,37.410627,207946.4,434588.74
2140352600,평택시-오산시,105,행정경계,0,무,127.0914228,37.1309971,208123.72,403554.78
2250000801,부곡동산64-6,101,도로교차점,1,유,126.9326259,37.3289289,194028.85,425519.85
2010001802,속성변화점,103,속성변화점,0,무,126.948338,37.2629342,195417.37,418194.67
2010030800,금곡IC,106,106,1,유,126.9504603,37.279447,195606.58,420027.21
2330509301,팔탄JC,106,106,0,무,126.8713297,37.1973013,188576.5,410917.11
2330508901,팔탄JC,106,106,0,무,126.8722202,37.1909635,188654.61,410213.63
2330508501,팔탄JC,106,106,0,무,126.8730495,37.1845218,188727.29,409498.62
2330508401,하저3교,104,도로시설물,0,무,126.8731069,37.1836434,188732.26,409401.12
2330508101,화성휴게소,101,도로교차점,0,무,126.8801046,37.1408079,189347.62,404646.41
2330508201,화성휴게소,101,도로교차점,0,무,126.8798166,37.14754,189322.97,405393.57
2080036100,일직JC남측,106,106,1,유,126.8937232,37.4191776,190592.3,435539.25
2330499900,안산시상록구-화성시,105,행정경계,0,무,126.9020733,37.2911849,191316.73,421333.26
