<?xml version="1.0" encoding="UTF-8"?>
<gpx xmlns="http://www.topografix.com/GPX/1/1" version="1.1" creator="kakaomap-track" xmlns:km="http://www.topografix.com/GPX/1/1">
    <trk>
        <kakaomap-meta>
            <movingtime>00:57:40</movingtime>
            <maxspeed>15.2</maxspeed>
            <avgspeed>9.3</avgspeed>
            <ascending>162</ascending>
            <calories>346</calories>
            <distance>8.9</distance>
            <descending>162</descending>
            <resttime>00:06:45</resttime>
        </kakaomap-meta>
        <trkseg>
            <trkpt lat="37.52769703507769" lon="126.93279099961835">
                <ele>10.746858596801758</ele>
                <time>2025-10-22T08:48:03Z</time>
            </trkpt>
            <trkpt lat="37.527755187277364" lon="126.93274092599202">
                <ele>10.774714469909668</ele>
                <time>2025-10-22T08:48:17Z</time>
            </trkpt>
            <trkpt lat="37.5278140424369" lon="126.93267777994569">
                <ele>10.831369400024414</ele>
                <time>2025-10-22T08:48:20Z</time>
            </trkpt>
            <trkpt lat="37.52787314176886" lon="126.93259627730288">
                <ele>10.80191707611084</ele>
                <time>2025-10-22T08:48:23Z</time>
            </trkpt>
            <trkpt lat="37.527923714619014" lon="126.93252506792011">
                <ele>10.775609970092773</ele>
                <time>2025-10-22T08:48:26Z</time>
            </trkpt>
            <trkpt lat="37.5279731086847" lon="126.93247197067782">
                <ele>10.766669273376465</ele>
                <time>2025-10-22T08:48:29Z</time>
            </trkpt>
            <trkpt lat="37.52802674428993" lon="126.93241345859633">
                <ele>10.770211219787598</ele>
                <time>2025-10-22T08:48:32Z</time>
            </trkpt>
            <trkpt lat="37.52807998835486" lon="126.93235353115811">
                <ele>10.700368881225586</ele>
                <time>2025-10-22T08:48:35Z</time>
            </trkpt>
            <trkpt lat="37.52813578033403" lon="126.93230194829356">
                <ele>10.672526359558105</ele>
                <time>2025-10-22T08:48:38Z</time>
            </trkpt>
            <trkpt lat="37.52818564339737" lon="126.93224383556294">
                <ele>10.642206192016602</ele>
                <time>2025-10-22T08:48:40Z</time>
            </trkpt>
            <trkpt lat="37.52824162494621" lon="126.93217896659925">
                <ele>10.636234283447266</ele>
                <time>2025-10-22T08:48:43Z</time>
            </trkpt>
            <trkpt lat="37.52829264222223" lon="126.93212992507252">
                <ele>10.615334510803223</ele>
                <time>2025-10-22T08:48:46Z</time>
            </trkpt>
            <trkpt lat="37.52833300436186" lon="126.93206248104781">
                <ele>10.636706352233887</ele>
                <time>2025-10-22T08:48:50Z</time>
            </trkpt>
            <trkpt lat="37.52838537292582" lon="126.93199895427796">
                <ele>10.607303619384766</ele>
                <time>2025-10-22T08:48:53Z</time>
            </trkpt>
            <trkpt lat="37.52845232737538" lon="126.9319391647864">
                <ele>10.564641952514648</ele>
                <time>2025-10-22T08:48:58Z</time>
            </trkpt>
            <trkpt lat="37.52852950030251" lon="126.931888400858">
                <ele>10.505462646484375</ele>
                <time>2025-10-22T08:49:02Z</time>
            </trkpt>
            <trkpt lat="37.52858650791934" lon="126.93184901144559">
                <ele>10.47754955291748</ele>
                <time>2025-10-22T08:49:05Z</time>
            </trkpt>
            <trkpt lat="37.52864290910172" lon="126.93179040446157">
                <ele>10.486913681030273</ele>
                <time>2025-10-22T08:49:08Z</time>
            </trkpt>
            <trkpt lat="37.52869872861451" lon="126.93175088624334">
                <ele>10.473983764648438</ele>
                <time>2025-10-22T08:49:11Z</time>
            </trkpt>
            <trkpt lat="37.528785544321366" lon="126.9317621719627">
                <ele>10.521175384521484</ele>
                <time>2025-10-22T08:49:14Z</time>
            </trkpt>
            <trkpt lat="37.52884940662037" lon="126.93169316681958">
                <ele>10.558563232421875</ele>
                <time>2025-10-22T08:49:18Z</time>
            </trkpt>
            <trkpt lat="37.52892121478677" lon="126.93166212698418">
                <ele>10.438753128051758</ele>
                <time>2025-10-22T08:49:21Z</time>
            </trkpt>
            <trkpt lat="37.52899797938151" lon="126.93162449368252">
                <ele>10.367938041687012</ele>
                <time>2025-10-22T08:49:24Z</time>
            </trkpt>
            <trkpt lat="37.52906886435671" lon="126.93158538388796">
                <ele>10.395127296447754</ele>
                <time>2025-10-22T08:49:28Z</time>
            </trkpt>
            <trkpt lat="37.52914056512143" lon="126.93154589062382">
                <ele>10.365216255187988</ele>
                <time>2025-10-22T08:49:31Z</time>
            </trkpt>
            <trkpt lat="37.52920255385399" lon="126.93150276770385">
                <ele>10.32955551147461</ele>
                <time>2025-10-22T08:49:34Z</time>
            </trkpt>
            <trkpt lat="37.52927279726774" lon="126.93149573769752">
                <ele>10.407902717590332</ele>
                <time>2025-10-22T08:49:37Z</time>
            </trkpt>
            <trkpt lat="37.529353200863326" lon="126.93146286019515">
                <ele>10.330842971801758</ele>
                <time>2025-10-22T08:49:40Z</time>
            </trkpt>
            <trkpt lat="37.52941670784067" lon="126.9314013558956">
                <ele>10.386541366577148</ele>
                <time>2025-10-22T08:49:43Z</time>
            </trkpt>
            <trkpt lat="37.52948095908593" lon="126.93136600971297">
                <ele>10.223688125610352</ele>
                <time>2025-10-22T08:49:46Z</time>
            </trkpt>
            <trkpt lat="37.52953552302267" lon="126.93131568187688">
                <ele>10.351181983947754</ele>
                <time>2025-10-22T08:49:49Z</time>
            </trkpt>
            <trkpt lat="37.52960337648045" lon="126.93124412404754">
                <ele>10.40585708618164</ele>
                <time>2025-10-22T08:49:52Z</time>
            </trkpt>
            <trkpt lat="37.529657904480445" lon="126.93119635258068">
                <ele>10.257157325744629</ele>
                <time>2025-10-22T08:49:55Z</time>
            </trkpt>
            <trkpt lat="37.52971842954739" lon="126.93115520191976">
                <ele>10.221457481384277</ele>
                <time>2025-10-22T08:49:58Z</time>
            </trkpt>
            <trkpt lat="37.52975847389808" lon="126.93108905609763">
                <ele>10.194713592529297</ele>
                <time>2025-10-22T08:50:01Z</time>
            </trkpt>
            <trkpt lat="37.52980689576329" lon="126.93103797290829">
                <ele>10.107810974121094</ele>
                <time>2025-10-22T08:50:03Z</time>
            </trkpt>
            <trkpt lat="37.529870591328184" lon="126.93096865001613">
                <ele>10.133031845092773</ele>
                <time>2025-10-22T08:50:06Z</time>
            </trkpt>
            <trkpt lat="37.52992798108359" lon="126.93091042341165">
                <ele>10.123734474182129</ele>
                <time>2025-10-22T08:50:09Z</time>
            </trkpt>
            <trkpt lat="37.52998520311198" lon="126.93084790498023">
                <ele>10.093347549438477</ele>
                <time>2025-10-22T08:50:12Z</time>
            </trkpt>
            <trkpt lat="37.53005414594894" lon="126.9308408779544">
                <ele>10.024832725524902</ele>
                <time>2025-10-22T08:50:17Z</time>
            </trkpt>
            <trkpt lat="37.53009815700943" lon="126.93078321757214">
                <ele>10.023141860961914</ele>
                <time>2025-10-22T08:50:20Z</time>
            </trkpt>
            <trkpt lat="37.53017807371747" lon="126.93072967185516">
                <ele>9.965930938720703</ele>
                <time>2025-10-22T08:50:25Z</time>
            </trkpt>
            <trkpt lat="37.53022337934303" lon="126.9306618579178">
                <ele>9.978668212890625</ele>
                <time>2025-10-22T08:50:27Z</time>
            </trkpt>
            <trkpt lat="37.53028328203398" lon="126.93056799870052">
                <ele>10.090595245361328</ele>
                <time>2025-10-22T08:50:30Z</time>
            </trkpt>
            <trkpt lat="37.530281461700476" lon="126.930479250876">
                <ele>10.007946014404297</ele>
                <time>2025-10-22T08:50:32Z</time>
            </trkpt>
            <trkpt lat="37.530324836277636" lon="126.93039280539425">
                <ele>9.942910194396973</ele>
                <time>2025-10-22T08:50:35Z</time>
            </trkpt>
            <trkpt lat="37.5303491490873" lon="126.93030840696659">
                <ele>9.962233543395996</ele>
                <time>2025-10-22T08:50:38Z</time>
            </trkpt>
            <trkpt lat="37.53039924785251" lon="126.93023222234633">
                <ele>9.94991683959961</ele>
                <time>2025-10-22T08:50:40Z</time>
            </trkpt>
            <trkpt lat="37.53038208207107" lon="126.93013528008927">
                <ele>9.96464729309082</ele>
                <time>2025-10-22T08:50:43Z</time>
            </trkpt>
            <trkpt lat="37.530379650212105" lon="126.9300291504972">
                <ele>10.017723083496094</ele>
                <time>2025-10-22T08:50:47Z</time>
            </trkpt>
            <trkpt lat="37.53035333992862" lon="126.9299284946657">
                <ele>9.969578742980957</ele>
                <time>2025-10-22T08:50:51Z</time>
            </trkpt>
            <trkpt lat="37.53032979345679" lon="126.9298375852131">
                <ele>9.928424835205078</ele>
                <time>2025-10-22T08:50:55Z</time>
            </trkpt>
            <trkpt lat="37.530301808571025" lon="126.92976277521299">
                <ele>9.927855491638184</ele>
                <time>2025-10-22T08:50:58Z</time>
            </trkpt>
            <trkpt lat="37.5302714894444" lon="126.92968833661426">
                <ele>9.888595581054688</ele>
                <time>2025-10-22T08:51:01Z</time>
            </trkpt>
            <trkpt lat="37.53022658130995" lon="126.92959175194211">
                <ele>9.966432571411133</ele>
                <time>2025-10-22T08:51:05Z</time>
            </trkpt>
            <trkpt lat="37.5301968584539" lon="126.92949055557393">
                <ele>9.950334548950195</ele>
                <time>2025-10-22T08:51:09Z</time>
            </trkpt>
            <trkpt lat="37.5301828376027" lon="126.92938795790133">
                <ele>9.88075065612793</ele>
                <time>2025-10-22T08:51:13Z</time>
            </trkpt>
            <trkpt lat="37.53018374307721" lon="126.92930430808914">
                <ele>9.89803409576416</ele>
                <time>2025-10-22T08:51:16Z</time>
            </trkpt>
            <trkpt lat="37.53016856968969" lon="126.92921174557192">
                <ele>10.086125373840332</ele>
                <time>2025-10-22T08:51:20Z</time>
            </trkpt>
            <trkpt lat="37.530152985998924" lon="126.9291212348">
                <ele>10.100506782531738</ele>
                <time>2025-10-22T08:51:23Z</time>
            </trkpt>
            <trkpt lat="37.530134077769986" lon="126.92903981564193">
                <ele>10.016736030578613</ele>
                <time>2025-10-22T08:51:26Z</time>
            </trkpt>
            <trkpt lat="37.530133620335235" lon="126.92894374523338">
                <ele>10.07539176940918</ele>
                <time>2025-10-22T08:51:29Z</time>
            </trkpt>
            <trkpt lat="37.53011503824992" lon="126.92884637192512">
                <ele>9.86224365234375</ele>
                <time>2025-10-22T08:51:32Z</time>
            </trkpt>
            <trkpt lat="37.5301144389038" lon="126.928749055267">
                <ele>9.814912796020508</ele>
                <time>2025-10-22T08:51:35Z</time>
            </trkpt>
            <trkpt lat="37.530141302858354" lon="126.9286630369132">
                <ele>9.886078834533691</ele>
                <time>2025-10-22T08:51:38Z</time>
            </trkpt>
            <trkpt lat="37.53018162622365" lon="126.92857859168087">
                <ele>9.875182151794434</ele>
                <time>2025-10-22T08:51:41Z</time>
            </trkpt>
            <trkpt lat="37.53019882053986" lon="126.92848442652915">
                <ele>9.869282722473145</ele>
                <time>2025-10-22T08:51:43Z</time>
            </trkpt>
            <trkpt lat="37.5302266157593" lon="126.9283899296683">
                <ele>9.885944366455078</ele>
                <time>2025-10-22T08:51:46Z</time>
            </trkpt>
            <trkpt lat="37.53026059547559" lon="126.92830457482789">
                <ele>9.859210014343262</ele>
                <time>2025-10-22T08:51:49Z</time>
            </trkpt>
            <trkpt lat="37.53029624537929" lon="126.92822628692603">
                <ele>9.869943618774414</ele>
                <time>2025-10-22T08:51:52Z</time>
            </trkpt>
            <trkpt lat="37.53031245449023" lon="126.92814951267384">
                <ele>9.867325782775879</ele>
                <time>2025-10-22T08:51:55Z</time>
            </trkpt>
            <trkpt lat="37.53033707347976" lon="126.9280480737775">
                <ele>9.860978126525879</ele>
                <time>2025-10-22T08:51:59Z</time>
            </trkpt>
            <trkpt lat="37.53038427340308" lon="126.92794358975866">
                <ele>9.91000747680664</ele>
                <time>2025-10-22T08:52:03Z</time>
            </trkpt>
            <trkpt lat="37.530424104011324" lon="126.92785163150945">
                <ele>9.979328155517578</ele>
                <time>2025-10-22T08:52:07Z</time>
            </trkpt>
            <trkpt lat="37.53047606483553" lon="126.92774447813879">
                <ele>9.999358177185059</ele>
                <time>2025-10-22T08:52:11Z</time>
            </trkpt>
            <trkpt lat="37.53052816085402" lon="126.92768579325156">
                <ele>9.942654609680176</ele>
                <time>2025-10-22T08:52:14Z</time>
            </trkpt>
            <trkpt lat="37.5305913271765" lon="126.9276047048905">
                <ele>9.892087936401367</ele>
                <time>2025-10-22T08:52:17Z</time>
            </trkpt>
            <trkpt lat="37.53065074556573" lon="126.92756818464379">
                <ele>9.843094825744629</ele>
                <time>2025-10-22T08:52:21Z</time>
            </trkpt>
            <trkpt lat="37.53070406789953" lon="126.92748637126417">
                <ele>9.88741397857666</ele>
                <time>2025-10-22T08:52:25Z</time>
            </trkpt>
            <trkpt lat="37.5307501308309" lon="126.92742399993558">
                <ele>9.866190910339355</ele>
                <time>2025-10-22T08:52:30Z</time>
            </trkpt>
            <trkpt lat="37.53078826359519" lon="126.927357986174">
                <ele>9.989472389221191</ele>
                <time>2025-10-22T08:52:40Z</time>
            </trkpt>
            <trkpt lat="37.53072572231275" lon="126.92738285325315">
                <ele>9.87141227722168</ele>
                <time>2025-10-22T08:53:31Z</time>
            </trkpt>
            <trkpt lat="37.530822803122966" lon="126.9273774526813">
                <ele>10.189423561096191</ele>
                <time>2025-10-22T08:54:23Z</time>
            </trkpt>
            <trkpt lat="37.5308593961917" lon="126.92730743555417">
                <ele>10.227571487426758</ele>
                <time>2025-10-22T08:55:10Z</time>
            </trkpt>
            <trkpt lat="37.53090931619824" lon="126.92723732129056">
                <ele>10.249197006225586</ele>
                <time>2025-10-22T08:55:13Z</time>
            </trkpt>
            <trkpt lat="37.53096510495075" lon="126.92718200441954">
                <ele>10.220105171203613</ele>
                <time>2025-10-22T08:55:16Z</time>
            </trkpt>
            <trkpt lat="37.530994894575734" lon="126.92707557900863">
                <ele>9.98855209350586</ele>
                <time>2025-10-22T08:55:21Z</time>
            </trkpt>
            <trkpt lat="37.53105032772619" lon="126.92703650168266">
                <ele>9.738081932067871</ele>
                <time>2025-10-22T08:55:22Z</time>
            </trkpt>
            <trkpt lat="37.531054173728236" lon="126.92691288412364">
                <ele>9.99181079864502</ele>
                <time>2025-10-22T08:55:26Z</time>
            </trkpt>
            <trkpt lat="37.53108035985067" lon="126.926838454705">
                <ele>10.008490562438965</ele>
                <time>2025-10-22T08:55:29Z</time>
            </trkpt>
            <trkpt lat="37.53111858343426" lon="126.92676589650358">
                <ele>9.988739967346191</ele>
                <time>2025-10-22T08:55:33Z</time>
            </trkpt>
            <trkpt lat="37.53114992089425" lon="126.92666206702646">
                <ele>9.879939079284668</ele>
                <time>2025-10-22T08:55:36Z</time>
            </trkpt>
            <trkpt lat="37.531189116585786" lon="126.92657740651931">
                <ele>9.920133590698242</ele>
                <time>2025-10-22T08:55:39Z</time>
            </trkpt>
            <trkpt lat="37.53123438671832" lon="126.92648724856708">
                <ele>9.889029502868652</ele>
                <time>2025-10-22T08:55:42Z</time>
            </trkpt>
            <trkpt lat="37.53123802682488" lon="126.92640155753003">
                <ele>9.708710670471191</ele>
                <time>2025-10-22T08:55:45Z</time>
            </trkpt>
            <trkpt lat="37.531291024591134" lon="126.92634050013584">
                <ele>9.955222129821777</ele>
                <time>2025-10-22T08:55:48Z</time>
            </trkpt>
            <trkpt lat="37.5313360892663" lon="126.92627837674671">
                <ele>9.998955726623535</ele>
                <time>2025-10-22T08:55:51Z</time>
            </trkpt>
            <trkpt lat="37.53133888145286" lon="126.92617955289543">
                <ele>9.606285095214844</ele>
                <time>2025-10-22T08:55:54Z</time>
            </trkpt>
            <trkpt lat="37.53138627918899" lon="126.92609246533839">
                <ele>9.632855415344238</ele>
                <time>2025-10-22T08:55:57Z</time>
            </trkpt>
            <trkpt lat="37.53141006242609" lon="126.9260191109364">
                <ele>9.605104446411133</ele>
                <time>2025-10-22T08:56:00Z</time>
            </trkpt>
            <trkpt lat="37.531460613492726" lon="126.92595482844496">
                <ele>9.67900276184082</ele>
                <time>2025-10-22T08:56:03Z</time>
            </trkpt>
            <trkpt lat="37.53153049093128" lon="126.92588675636769">
                <ele>9.6993408203125</ele>
                <time>2025-10-22T08:56:06Z</time>
            </trkpt>
            <trkpt lat="37.53157987775816" lon="126.92579329405991">
                <ele>9.667256355285645</ele>
                <time>2025-10-22T08:56:10Z</time>
            </trkpt>
            <trkpt lat="37.53164320475977" lon="126.92577052319587">
                <ele>9.776029586791992</ele>
                <time>2025-10-22T08:56:14Z</time>
            </trkpt>
            <trkpt lat="37.53169512551073" lon="126.92570471277854">
                <ele>9.897411346435547</ele>
                <time>2025-10-22T08:56:16Z</time>
            </trkpt>
            <trkpt lat="37.53174952566647" lon="126.925623214503">
                <ele>9.858675003051758</ele>
                <time>2025-10-22T08:56:20Z</time>
            </trkpt>
            <trkpt lat="37.53182264390646" lon="126.92556183880374">
                <ele>9.85921859741211</ele>
                <time>2025-10-22T08:56:24Z</time>
            </trkpt>
            <trkpt lat="37.53187822484378" lon="126.92550983944997">
                <ele>9.825096130371094</ele>
                <time>2025-10-22T08:56:28Z</time>
            </trkpt>
            <trkpt lat="37.5319456215244" lon="126.92544684791511">
                <ele>9.749436378479004</ele>
                <time>2025-10-22T08:56:32Z</time>
            </trkpt>
            <trkpt lat="37.53199204005228" lon="126.92538379762668">
                <ele>9.63602352142334</ele>
                <time>2025-10-22T08:56:34Z</time>
            </trkpt>
            <trkpt lat="37.53204719911495" lon="126.92530868670923">
                <ele>9.686027526855469</ele>
                <time>2025-10-22T08:56:38Z</time>
            </trkpt>
            <trkpt lat="37.532110372391955" lon="126.92526401835268">
                <ele>9.702037811279297</ele>
                <time>2025-10-22T08:56:42Z</time>
            </trkpt>
            <trkpt lat="37.532190919378515" lon="126.92520677431305">
                <ele>9.813206672668457</ele>
                <time>2025-10-22T08:56:45Z</time>
            </trkpt>
            <trkpt lat="37.53221992603385" lon="126.92513506669482">
                <ele>9.469015121459961</ele>
                <time>2025-10-22T08:56:48Z</time>
            </trkpt>
            <trkpt lat="37.53227646897192" lon="126.92509525476265">
                <ele>9.55690860748291</ele>
                <time>2025-10-22T08:56:51Z</time>
            </trkpt>
            <trkpt lat="37.5323399075616" lon="126.9250643682757">
                <ele>9.63325309753418</ele>
                <time>2025-10-22T08:56:54Z</time>
            </trkpt>
            <trkpt lat="37.5324093199546" lon="126.92499975737924">
                <ele>9.392576217651367</ele>
                <time>2025-10-22T08:56:57Z</time>
            </trkpt>
            <trkpt lat="37.53247104787524" lon="126.92493411331137">
                <ele>8.946831703186035</ele>
                <time>2025-10-22T08:57:00Z</time>
            </trkpt>
            <trkpt lat="37.532535618753286" lon="126.92486559435747">
                <ele>8.936920166015625</ele>
                <time>2025-10-22T08:57:03Z</time>
            </trkpt>
            <trkpt lat="37.53259492766719" lon="126.92479554991002">
                <ele>8.952751159667969</ele>
                <time>2025-10-22T08:57:06Z</time>
            </trkpt>
            <trkpt lat="37.53265762749063" lon="126.92475399092432">
                <ele>9.065868377685547</ele>
                <time>2025-10-22T08:57:09Z</time>
            </trkpt>
            <trkpt lat="37.53272594944007" lon="126.92471696171309">
                <ele>9.387142181396484</ele>
                <time>2025-10-22T08:57:12Z</time>
            </trkpt>
            <trkpt lat="37.53277873722101" lon="126.92464909302988">
                <ele>9.057652473449707</ele>
                <time>2025-10-22T08:57:15Z</time>
            </trkpt>
            <trkpt lat="37.532825126395586" lon="126.92456688822067">
                <ele>9.413040161132812</ele>
                <time>2025-10-22T08:57:18Z</time>
            </trkpt>
            <trkpt lat="37.53286185274057" lon="126.92449970553076">
                <ele>9.40449333190918</ele>
                <time>2025-10-22T08:57:21Z</time>
            </trkpt>
            <trkpt lat="37.532881830822035" lon="126.92441937514069">
                <ele>9.29433822631836</ele>
                <time>2025-10-22T08:57:24Z</time>
            </trkpt>
            <trkpt lat="37.53290950066571" lon="126.9243087364236">
                <ele>9.231878280639648</ele>
                <time>2025-10-22T08:57:28Z</time>
            </trkpt>
            <trkpt lat="37.532924634234014" lon="126.92422851455166">
                <ele>9.048074722290039</ele>
                <time>2025-10-22T08:57:31Z</time>
            </trkpt>
            <trkpt lat="37.5329467229864" lon="126.92412369994811">
                <ele>9.01667594909668</ele>
                <time>2025-10-22T08:57:35Z</time>
            </trkpt>
            <trkpt lat="37.53297962434923" lon="126.92399991176327">
                <ele>9.078169822692871</ele>
                <time>2025-10-22T08:57:39Z</time>
            </trkpt>
            <trkpt lat="37.5330017096505" lon="126.92392191246229">
                <ele>9.072333335876465</ele>
                <time>2025-10-22T08:57:42Z</time>
            </trkpt>
            <trkpt lat="37.53299852578912" lon="126.9238092267363">
                <ele>9.149656295776367</ele>
                <time>2025-10-22T08:57:45Z</time>
            </trkpt>
            <trkpt lat="37.53303183314819" lon="126.92372336093288">
                <ele>9.146891593933105</ele>
                <time>2025-10-22T08:57:48Z</time>
            </trkpt>
            <trkpt lat="37.533049966487816" lon="126.92363495865642">
                <ele>9.157410621643066</ele>
                <time>2025-10-22T08:57:51Z</time>
            </trkpt>
            <trkpt lat="37.533064490360026" lon="126.92355690739147">
                <ele>9.175196647644043</ele>
                <time>2025-10-22T08:57:54Z</time>
            </trkpt>
            <trkpt lat="37.533102353437336" lon="126.92346083877307">
                <ele>9.194774627685547</ele>
                <time>2025-10-22T08:57:57Z</time>
            </trkpt>
            <trkpt lat="37.53313410858315" lon="126.92338849482317">
                <ele>9.228734970092773</ele>
                <time>2025-10-22T08:58:00Z</time>
            </trkpt>
            <trkpt lat="37.533159050237686" lon="126.92330872944784">
                <ele>9.268210411071777</ele>
                <time>2025-10-22T08:58:03Z</time>
            </trkpt>
            <trkpt lat="37.533211476993436" lon="126.92322842616657">
                <ele>9.353025436401367</ele>
                <time>2025-10-22T08:58:06Z</time>
            </trkpt>
            <trkpt lat="37.53323236592619" lon="126.92312631174202">
                <ele>9.404291152954102</ele>
                <time>2025-10-22T08:58:10Z</time>
            </trkpt>
            <trkpt lat="37.53325961109407" lon="126.92303261326404">
                <ele>9.372651100158691</ele>
                <time>2025-10-22T08:58:15Z</time>
            </trkpt>
            <trkpt lat="37.53330592167858" lon="126.92295807446781">
                <ele>9.393354415893555</ele>
                <time>2025-10-22T08:58:18Z</time>
            </trkpt>
            <trkpt lat="37.53333608219629" lon="126.92287657787607">
                <ele>9.454679489135742</ele>
                <time>2025-10-22T08:58:21Z</time>
            </trkpt>
            <trkpt lat="37.53336195089235" lon="126.92279488555505">
                <ele>9.50200080871582</ele>
                <time>2025-10-22T08:58:24Z</time>
            </trkpt>
            <trkpt lat="37.533402872660616" lon="126.92271252261638">
                <ele>9.497126579284668</ele>
                <time>2025-10-22T08:58:27Z</time>
            </trkpt>
            <trkpt lat="37.533440473943564" lon="126.9226311795566">
                <ele>9.48243236541748</ele>
                <time>2025-10-22T08:58:30Z</time>
            </trkpt>
            <trkpt lat="37.53348876882069" lon="126.9225156790114">
                <ele>9.457119941711426</ele>
                <time>2025-10-22T08:58:34Z</time>
            </trkpt>
            <trkpt lat="37.533488869805744" lon="126.92242295192852">
                <ele>9.474095344543457</ele>
                <time>2025-10-22T08:58:36Z</time>
            </trkpt>
            <trkpt lat="37.53352723454927" lon="126.92234936026354">
                <ele>9.465791702270508</ele>
                <time>2025-10-22T08:58:41Z</time>
            </trkpt>
            <trkpt lat="37.53355748948975" lon="126.9222671728822">
                <ele>9.471482276916504</ele>
                <time>2025-10-22T08:58:44Z</time>
            </trkpt>
            <trkpt lat="37.53360761489674" lon="126.9221879965979">
                <ele>9.423105239868164</ele>
                <time>2025-10-22T08:58:47Z</time>
            </trkpt>
            <trkpt lat="37.533627801586" lon="126.92210478402741">
                <ele>9.43376636505127</ele>
                <time>2025-10-22T08:58:51Z</time>
            </trkpt>
            <trkpt lat="37.53364475014954" lon="126.92200845611191">
                <ele>9.38292407989502</ele>
                <time>2025-10-22T08:58:54Z</time>
            </trkpt>
            <trkpt lat="37.533662033149156" lon="126.92190427301917">
                <ele>9.441873550415039</ele>
                <time>2025-10-22T08:58:58Z</time>
            </trkpt>
            <trkpt lat="37.533689872582265" lon="126.92180728888043">
                <ele>9.385766983032227</ele>
                <time>2025-10-22T08:59:01Z</time>
            </trkpt>
            <trkpt lat="37.53371717961433" lon="126.92172135414444">
                <ele>9.389335632324219</ele>
                <time>2025-10-22T08:59:08Z</time>
            </trkpt>
            <trkpt lat="37.53373968620789" lon="126.92163242852413">
                <ele>9.400794982910156</ele>
                <time>2025-10-22T08:59:11Z</time>
            </trkpt>
            <trkpt lat="37.53376924513808" lon="126.9215495313266">
                <ele>9.395082473754883</ele>
                <time>2025-10-22T08:59:14Z</time>
            </trkpt>
            <trkpt lat="37.5338061632458" lon="126.92146995883955">
                <ele>9.37634563446045</ele>
                <time>2025-10-22T08:59:17Z</time>
            </trkpt>
            <trkpt lat="37.53384331703184" lon="126.92140093242767">
                <ele>9.339190483093262</ele>
                <time>2025-10-22T08:59:20Z</time>
            </trkpt>
            <trkpt lat="37.53385837236335" lon="126.92131986622579">
                <ele>9.380961418151855</ele>
                <time>2025-10-22T08:59:23Z</time>
            </trkpt>
            <trkpt lat="37.53388971131238" lon="126.92122724057508">
                <ele>9.261918067932129</ele>
                <time>2025-10-22T08:59:27Z</time>
            </trkpt>
            <trkpt lat="37.53391450370795" lon="126.92114304035647">
                <ele>9.319211959838867</ele>
                <time>2025-10-22T08:59:30Z</time>
            </trkpt>
            <trkpt lat="37.53394783591666" lon="126.92107176573495">
                <ele>9.244399070739746</ele>
                <time>2025-10-22T08:59:33Z</time>
            </trkpt>
            <trkpt lat="37.53398293178189" lon="126.92100239596151">
                <ele>9.070082664489746</ele>
                <time>2025-10-22T08:59:36Z</time>
            </trkpt>
            <trkpt lat="37.53401964906058" lon="126.9209250619643">
                <ele>8.870572090148926</ele>
                <time>2025-10-22T08:59:39Z</time>
            </trkpt>
            <trkpt lat="37.53404053024574" lon="126.92083185292859">
                <ele>9.195148468017578</ele>
                <time>2025-10-22T08:59:42Z</time>
            </trkpt>
            <trkpt lat="37.534060093786934" lon="126.92071466101838">
                <ele>9.112317085266113</ele>
                <time>2025-10-22T08:59:45Z</time>
            </trkpt>
            <trkpt lat="37.53403677150058" lon="126.92062883351431">
                <ele>9.394950866699219</ele>
                <time>2025-10-22T08:59:48Z</time>
            </trkpt>
            <trkpt lat="37.534062387308225" lon="126.92053279646322">
                <ele>9.354710578918457</ele>
                <time>2025-10-22T08:59:51Z</time>
            </trkpt>
            <trkpt lat="37.53406816167962" lon="126.920451426632">
                <ele>9.340946197509766</ele>
                <time>2025-10-22T08:59:54Z</time>
            </trkpt>
            <trkpt lat="37.5340893763709" lon="126.92035633201299">
                <ele>9.370409965515137</ele>
                <time>2025-10-22T08:59:58Z</time>
            </trkpt>
            <trkpt lat="37.53409489017884" lon="126.92025459895231">
                <ele>9.375606536865234</ele>
                <time>2025-10-22T09:00:01Z</time>
            </trkpt>
            <trkpt lat="37.5340932116636" lon="126.92015677950126">
                <ele>9.398211479187012</ele>
                <time>2025-10-22T09:00:04Z</time>
            </trkpt>
            <trkpt lat="37.534089887371394" lon="126.92004754292824">
                <ele>9.34789752960205</ele>
                <time>2025-10-22T09:00:07Z</time>
            </trkpt>
            <trkpt lat="37.53407766097047" lon="126.91994304312975">
                <ele>9.354206085205078</ele>
                <time>2025-10-22T09:00:11Z</time>
            </trkpt>
            <trkpt lat="37.53409415048421" lon="126.91984456185986">
                <ele>9.361334800720215</ele>
                <time>2025-10-22T09:00:14Z</time>
            </trkpt>
            <trkpt lat="37.534091449488976" lon="126.91975201369135">
                <ele>9.382733345031738</ele>
                <time>2025-10-22T09:00:17Z</time>
            </trkpt>
            <trkpt lat="37.534083358472266" lon="126.91966934853056">
                <ele>9.421000480651855</ele>
                <time>2025-10-22T09:00:20Z</time>
            </trkpt>
            <trkpt lat="37.53410913292271" lon="126.91959584953386">
                <ele>9.339357376098633</ele>
                <time>2025-10-22T09:00:22Z</time>
            </trkpt>
            <trkpt lat="37.53411861883251" lon="126.91950463504293">
                <ele>9.384183883666992</ele>
                <time>2025-10-22T09:00:25Z</time>
            </trkpt>
            <trkpt lat="37.534115695880004" lon="126.91940730082327">
                <ele>9.389339447021484</ele>
                <time>2025-10-22T09:00:29Z</time>
            </trkpt>
            <trkpt lat="37.53415146261067" lon="126.91933250431701">
                <ele>9.348472595214844</ele>
                <time>2025-10-22T09:00:32Z</time>
            </trkpt>
            <trkpt lat="37.53419320333224" lon="126.91924225180861">
                <ele>9.308995246887207</ele>
                <time>2025-10-22T09:00:36Z</time>
            </trkpt>
            <trkpt lat="37.53420445528168" lon="126.91915550321649">
                <ele>9.21811580657959</ele>
                <time>2025-10-22T09:00:39Z</time>
            </trkpt>
            <trkpt lat="37.534232983306644" lon="126.91907875707658">
                <ele>9.290735244750977</ele>
                <time>2025-10-22T09:00:42Z</time>
            </trkpt>
            <trkpt lat="37.53427499761164" lon="126.91898446210055">
                <ele>9.328690528869629</ele>
                <time>2025-10-22T09:00:46Z</time>
            </trkpt>
            <trkpt lat="37.53430591506322" lon="126.91891455978167">
                <ele>9.354846000671387</ele>
                <time>2025-10-22T09:00:48Z</time>
            </trkpt>
            <trkpt lat="37.53431777369002" lon="126.91881543388037">
                <ele>9.361467361450195</ele>
                <time>2025-10-22T09:00:52Z</time>
            </trkpt>
            <trkpt lat="37.5343562165312" lon="126.91873406698589">
                <ele>9.343132019042969</ele>
                <time>2025-10-22T09:00:55Z</time>
            </trkpt>
            <trkpt lat="37.53440357503696" lon="126.9186792394226">
                <ele>9.255763053894043</ele>
                <time>2025-10-22T09:00:58Z</time>
            </trkpt>
            <trkpt lat="37.5344319743807" lon="126.91860010729538">
                <ele>9.147457122802734</ele>
                <time>2025-10-22T09:01:01Z</time>
            </trkpt>
            <trkpt lat="37.53445837292574" lon="126.91850209336803">
                <ele>9.11217212677002</ele>
                <time>2025-10-22T09:01:05Z</time>
            </trkpt>
            <trkpt lat="37.53448783966806" lon="126.91839327937491">
                <ele>9.173151016235352</ele>
                <time>2025-10-22T09:01:09Z</time>
            </trkpt>
            <trkpt lat="37.5344836191416" lon="126.91828655690414">
                <ele>9.301569938659668</ele>
                <time>2025-10-22T09:01:13Z</time>
            </trkpt>
            <trkpt lat="37.53448747536392" lon="126.91818594833127">
                <ele>9.248970031738281</ele>
                <time>2025-10-22T09:01:15Z</time>
            </trkpt>
            <trkpt lat="37.53447724227735" lon="126.91808203840873">
                <ele>9.27669620513916</ele>
                <time>2025-10-22T09:01:18Z</time>
            </trkpt>
            <trkpt lat="37.53449474064574" lon="126.9179965050788">
                <ele>9.267566680908203</ele>
                <time>2025-10-22T09:01:21Z</time>
            </trkpt>
            <trkpt lat="37.5344986448791" lon="126.91788478979134">
                <ele>9.302785873413086</ele>
                <time>2025-10-22T09:01:24Z</time>
            </trkpt>
            <trkpt lat="37.534497508357994" lon="126.91779621471643">
                <ele>9.331859588623047</ele>
                <time>2025-10-22T09:01:27Z</time>
            </trkpt>
            <trkpt lat="37.53450843765736" lon="126.91762149686855">
                <ele>9.27672290802002</ele>
                <time>2025-10-22T09:01:31Z</time>
            </trkpt>
            <trkpt lat="37.53452733217221" lon="126.91754280799128">
                <ele>9.299454689025879</ele>
                <time>2025-10-22T09:01:35Z</time>
            </trkpt>
            <trkpt lat="37.53452274280676" lon="126.91744605755163">
                <ele>9.369906425476074</ele>
                <time>2025-10-22T09:01:39Z</time>
            </trkpt>
            <trkpt lat="37.534530505892285" lon="126.91736461131434">
                <ele>9.302653312683105</ele>
                <time>2025-10-22T09:01:42Z</time>
            </trkpt>
            <trkpt lat="37.53452325162361" lon="126.91726765920487">
                <ele>9.298256874084473</ele>
                <time>2025-10-22T09:01:45Z</time>
            </trkpt>
            <trkpt lat="37.53455198763971" lon="126.91717715215725">
                <ele>9.240748405456543</ele>
                <time>2025-10-22T09:01:48Z</time>
            </trkpt>
            <trkpt lat="37.53457162704904" lon="126.91707143151747">
                <ele>9.265687942504883</ele>
                <time>2025-10-22T09:01:52Z</time>
            </trkpt>
            <trkpt lat="37.5345651887869" lon="126.91697723997562">
                <ele>9.246014595031738</ele>
                <time>2025-10-22T09:01:55Z</time>
            </trkpt>
            <trkpt lat="37.5345761274975" lon="126.9168834108149">
                <ele>9.293450355529785</ele>
                <time>2025-10-22T09:01:59Z</time>
            </trkpt>
            <trkpt lat="37.5346160302847" lon="126.91677848601873">
                <ele>9.27702808380127</ele>
                <time>2025-10-22T09:02:03Z</time>
            </trkpt>
            <trkpt lat="37.53464866827969" lon="126.91669568229104">
                <ele>9.250077247619629</ele>
                <time>2025-10-22T09:02:06Z</time>
            </trkpt>
            <trkpt lat="37.534679123873715" lon="126.91659527483627">
                <ele>9.304232597351074</ele>
                <time>2025-10-22T09:02:10Z</time>
            </trkpt>
            <trkpt lat="37.534701053011105" lon="126.91650579577635">
                <ele>9.298152923583984</ele>
                <time>2025-10-22T09:02:13Z</time>
            </trkpt>
            <trkpt lat="37.53472247655957" lon="126.91642446534186">
                <ele>9.314919471740723</ele>
                <time>2025-10-22T09:02:15Z</time>
            </trkpt>
            <trkpt lat="37.534758730797755" lon="126.91633307852018">
                <ele>9.316978454589844</ele>
                <time>2025-10-22T09:02:18Z</time>
            </trkpt>
            <trkpt lat="37.53479279724244" lon="126.91625486241823">
                <ele>9.3065767288208</ele>
                <time>2025-10-22T09:02:21Z</time>
            </trkpt>
            <trkpt lat="37.53484126533659" lon="126.91618397678553">
                <ele>9.241247177124023</ele>
                <time>2025-10-22T09:02:24Z</time>
            </trkpt>
            <trkpt lat="37.53485943410043" lon="126.91608471185671">
                <ele>9.2745943069458</ele>
                <time>2025-10-22T09:02:27Z</time>
            </trkpt>
            <trkpt lat="37.534880154994426" lon="126.91598691509421">
                <ele>9.269742965698242</ele>
                <time>2025-10-22T09:02:30Z</time>
            </trkpt>
            <trkpt lat="37.53490512716413" lon="126.91590214505204">
                <ele>9.225123405456543</ele>
                <time>2025-10-22T09:02:33Z</time>
            </trkpt>
            <trkpt lat="37.5349168367602" lon="126.91579613173978">
                <ele>9.217024803161621</ele>
                <time>2025-10-22T09:02:36Z</time>
            </trkpt>
            <trkpt lat="37.53492665514458" lon="126.91571057454846">
                <ele>9.20020866394043</ele>
                <time>2025-10-22T09:02:39Z</time>
            </trkpt>
            <trkpt lat="37.53493145584422" lon="126.915624648477">
                <ele>9.169916152954102</ele>
                <time>2025-10-22T09:02:42Z</time>
            </trkpt>
            <trkpt lat="37.534931834132124" lon="126.91553599198208">
                <ele>9.124553680419922</ele>
                <time>2025-10-22T09:02:45Z</time>
            </trkpt>
            <trkpt lat="37.534909664566825" lon="126.91545415051665">
                <ele>9.152795791625977</ele>
                <time>2025-10-22T09:02:48Z</time>
            </trkpt>
            <trkpt lat="37.53491777727901" lon="126.91535254197233">
                <ele>9.119083404541016</ele>
                <time>2025-10-22T09:02:52Z</time>
            </trkpt>
            <trkpt lat="37.534930996562316" lon="126.91525620944353">
                <ele>9.12531566619873</ele>
                <time>2025-10-22T09:02:56Z</time>
            </trkpt>
            <trkpt lat="37.53493276055385" lon="126.91516861324448">
                <ele>9.09376335144043</ele>
                <time>2025-10-22T09:02:59Z</time>
            </trkpt>
            <trkpt lat="37.53491883091749" lon="126.91508241064646">
                <ele>9.110235214233398</ele>
                <time>2025-10-22T09:03:02Z</time>
            </trkpt>
            <trkpt lat="37.534922392824875" lon="126.91498169199492">
                <ele>9.119932174682617</ele>
                <time>2025-10-22T09:03:06Z</time>
            </trkpt>
            <trkpt lat="37.534908012635114" lon="126.91487803812232">
                <ele>9.157219886779785</ele>
                <time>2025-10-22T09:03:09Z</time>
            </trkpt>
            <trkpt lat="37.53489190750753" lon="126.91478720547013">
                <ele>9.168962478637695</ele>
                <time>2025-10-22T09:03:12Z</time>
            </trkpt>
            <trkpt lat="37.53489521617698" lon="126.91470435916757">
                <ele>9.176362037658691</ele>
                <time>2025-10-22T09:03:15Z</time>
            </trkpt>
            <trkpt lat="37.5348957638274" lon="126.91460110016658">
                <ele>9.145346641540527</ele>
                <time>2025-10-22T09:03:19Z</time>
            </trkpt>
            <trkpt lat="37.53486039691584" lon="126.91449517872405">
                <ele>9.220600128173828</ele>
                <time>2025-10-22T09:03:23Z</time>
            </trkpt>
            <trkpt lat="37.534834562912636" lon="126.91439797436415">
                <ele>9.223633766174316</ele>
                <time>2025-10-22T09:03:27Z</time>
            </trkpt>
            <trkpt lat="37.53481634389183" lon="126.91430854461824">
                <ele>9.203376770019531</ele>
                <time>2025-10-22T09:03:30Z</time>
            </trkpt>
            <trkpt lat="37.53477103271721" lon="126.91423496866823">
                <ele>9.150299072265625</ele>
                <time>2025-10-22T09:03:33Z</time>
            </trkpt>
            <trkpt lat="37.53477358479132" lon="126.91413453387504">
                <ele>9.197739601135254</ele>
                <time>2025-10-22T09:03:36Z</time>
            </trkpt>
            <trkpt lat="37.534732544572364" lon="126.91404654831842">
                <ele>9.237281799316406</ele>
                <time>2025-10-22T09:03:39Z</time>
            </trkpt>
            <trkpt lat="37.53469104669658" lon="126.91395832112981">
                <ele>9.15004825592041</ele>
                <time>2025-10-22T09:03:42Z</time>
            </trkpt>
            <trkpt lat="37.534649717266035" lon="126.91387063054911">
                <ele>9.118307113647461</ele>
                <time>2025-10-22T09:03:45Z</time>
            </trkpt>
            <trkpt lat="37.53464005118437" lon="126.9137736957869">
                <ele>9.222674369812012</ele>
                <time>2025-10-22T09:03:48Z</time>
            </trkpt>
            <trkpt lat="37.534631014614426" lon="126.91369196261107">
                <ele>9.195518493652344</ele>
                <time>2025-10-22T09:03:51Z</time>
            </trkpt>
            <trkpt lat="37.534607801642835" lon="126.91360743933127">
                <ele>9.207578659057617</ele>
                <time>2025-10-22T09:03:54Z</time>
            </trkpt>
            <trkpt lat="37.5346010368263" lon="126.91350002755627">
                <ele>9.123384475708008</ele>
                <time>2025-10-22T09:03:58Z</time>
            </trkpt>
            <trkpt lat="37.53458080595542" lon="126.91340545430218">
                <ele>9.155421257019043</ele>
                <time>2025-10-22T09:04:02Z</time>
            </trkpt>
            <trkpt lat="37.53455627160872" lon="126.91330943166646">
                <ele>9.085258483886719</ele>
                <time>2025-10-22T09:04:06Z</time>
            </trkpt>
            <trkpt lat="37.53452884828412" lon="126.91322265834391">
                <ele>9.052492141723633</ele>
                <time>2025-10-22T09:04:10Z</time>
            </trkpt>
            <trkpt lat="37.53450138908131" lon="126.91313597862245">
                <ele>9.108304023742676</ele>
                <time>2025-10-22T09:04:13Z</time>
            </trkpt>
            <trkpt lat="37.53448153883014" lon="126.91305904620899">
                <ele>9.064826965332031</ele>
                <time>2025-10-22T09:04:16Z</time>
            </trkpt>
            <trkpt lat="37.534440973190165" lon="126.91297604021423">
                <ele>9.101654052734375</ele>
                <time>2025-10-22T09:04:19Z</time>
            </trkpt>
            <trkpt lat="37.53438390967098" lon="126.91290153563627">
                <ele>9.009264945983887</ele>
                <time>2025-10-22T09:04:22Z</time>
            </trkpt>
            <trkpt lat="37.53434835457041" lon="126.91283516920531">
                <ele>9.195234298706055</ele>
                <time>2025-10-22T09:04:25Z</time>
            </trkpt>
            <trkpt lat="37.53431844120125" lon="126.91273698440992">
                <ele>8.952985763549805</ele>
                <time>2025-10-22T09:04:29Z</time>
            </trkpt>
            <trkpt lat="37.53429006119725" lon="126.91265820156974">
                <ele>8.735030174255371</ele>
                <time>2025-10-22T09:04:32Z</time>
            </trkpt>
            <trkpt lat="37.53428124996791" lon="126.91257810770936">
                <ele>9.394436836242676</ele>
                <time>2025-10-22T09:04:35Z</time>
            </trkpt>
            <trkpt lat="37.534243067701915" lon="126.91249379744363">
                <ele>8.783928871154785</ele>
                <time>2025-10-22T09:04:38Z</time>
            </trkpt>
            <trkpt lat="37.53421251381915" lon="126.91241314923276">
                <ele>8.523931503295898</ele>
                <time>2025-10-22T09:04:41Z</time>
            </trkpt>
            <trkpt lat="37.53418471043392" lon="126.9123248370193">
                <ele>8.91602611541748</ele>
                <time>2025-10-22T09:04:44Z</time>
            </trkpt>
            <trkpt lat="37.53418482046303" lon="126.91223115742785">
                <ele>8.258533477783203</ele>
                <time>2025-10-22T09:04:47Z</time>
            </trkpt>
            <trkpt lat="37.53417191637758" lon="126.91213468164723">
                <ele>8.339127540588379</ele>
                <time>2025-10-22T09:04:50Z</time>
            </trkpt>
            <trkpt lat="37.534154527456174" lon="126.91203996020592">
                <ele>8.172224044799805</ele>
                <time>2025-10-22T09:04:53Z</time>
            </trkpt>
            <trkpt lat="37.53411463504054" lon="126.91197766356171">
                <ele>8.561018943786621</ele>
                <time>2025-10-22T09:04:56Z</time>
            </trkpt>
            <trkpt lat="37.53407225153121" lon="126.91187135261816">
                <ele>8.762944221496582</ele>
                <time>2025-10-22T09:04:59Z</time>
            </trkpt>
            <trkpt lat="37.534003963504766" lon="126.91178292418654">
                <ele>8.193836212158203</ele>
                <time>2025-10-22T09:05:03Z</time>
            </trkpt>
            <trkpt lat="37.53395159279226" lon="126.91172656364958">
                <ele>8.151654243469238</ele>
                <time>2025-10-22T09:05:05Z</time>
            </trkpt>
            <trkpt lat="37.53391592038594" lon="126.91165143142487">
                <ele>8.156665802001953</ele>
                <time>2025-10-22T09:05:08Z</time>
            </trkpt>
            <trkpt lat="37.53387271918416" lon="126.91157716737315">
                <ele>8.121006965637207</ele>
                <time>2025-10-22T09:05:11Z</time>
            </trkpt>
            <trkpt lat="37.53381243862342" lon="126.9115443249487">
                <ele>8.310341835021973</ele>
                <time>2025-10-22T09:05:13Z</time>
            </trkpt>
            <trkpt lat="37.533768896631535" lon="126.91146990875318">
                <ele>7.949198246002197</ele>
                <time>2025-10-22T09:05:16Z</time>
            </trkpt>
            <trkpt lat="37.53370227095315" lon="126.91140009160695">
                <ele>7.851886749267578</ele>
                <time>2025-10-22T09:05:20Z</time>
            </trkpt>
            <trkpt lat="37.53364835504987" lon="126.91132230694109">
                <ele>7.861900329589844</ele>
                <time>2025-10-22T09:05:23Z</time>
            </trkpt>
            <trkpt lat="37.53361540226716" lon="126.91123860179265">
                <ele>7.916745185852051</ele>
                <time>2025-10-22T09:05:28Z</time>
            </trkpt>
            <trkpt lat="37.53357307391987" lon="126.91116762425396">
                <ele>7.951775550842285</ele>
                <time>2025-10-22T09:05:31Z</time>
            </trkpt>
            <trkpt lat="37.533520929958186" lon="126.91111381648088">
                <ele>7.928007125854492</ele>
                <time>2025-10-22T09:05:34Z</time>
            </trkpt>
            <trkpt lat="37.533448680963645" lon="126.91105852521007">
                <ele>7.838730335235596</ele>
                <time>2025-10-22T09:05:37Z</time>
            </trkpt>
            <trkpt lat="37.5333923396387" lon="126.91098178796648">
                <ele>8.988272666931152</ele>
                <time>2025-10-22T09:05:40Z</time>
            </trkpt>
            <trkpt lat="37.533358161905106" lon="126.91089522425303">
                <ele>8.800558090209961</ele>
                <time>2025-10-22T09:05:43Z</time>
            </trkpt>
            <trkpt lat="37.53333220069526" lon="126.9107930932202">
                <ele>8.677327156066895</ele>
                <time>2025-10-22T09:05:47Z</time>
            </trkpt>
            <trkpt lat="37.53331866812258" lon="126.91070406461895">
                <ele>9.002535820007324</ele>
                <time>2025-10-22T09:05:50Z</time>
            </trkpt>
            <trkpt lat="37.53329439684597" lon="126.91062281956366">
                <ele>9.078702926635742</ele>
                <time>2025-10-22T09:05:53Z</time>
            </trkpt>
            <trkpt lat="37.53328941816851" lon="126.91054375105792">
                <ele>9.049795150756836</ele>
                <time>2025-10-22T09:05:56Z</time>
            </trkpt>
            <trkpt lat="37.53330838690455" lon="126.91046281249906">
                <ele>9.343299865722656</ele>
                <time>2025-10-22T09:05:59Z</time>
            </trkpt>
            <trkpt lat="37.533312131461614" lon="126.9103685518593">
                <ele>8.144776344299316</ele>
                <time>2025-10-22T09:06:02Z</time>
            </trkpt>
            <trkpt lat="37.5333385598061" lon="126.91026683769648">
                <ele>6.169119834899902</ele>
                <time>2025-10-22T09:06:07Z</time>
            </trkpt>
            <trkpt lat="37.533365717420864" lon="126.910168185157">
                <ele>1.9172589778900146</ele>
                <time>2025-10-22T09:06:11Z</time>
            </trkpt>
            <trkpt lat="37.533342600935015" lon="126.91003296947014">
                <ele>1.1867142915725708</ele>
                <time>2025-10-22T09:06:14Z</time>
            </trkpt>
            <trkpt lat="37.53338375570336" lon="126.90993702697182">
                <ele>1.294718623161316</ele>
                <time>2025-10-22T09:06:18Z</time>
            </trkpt>
            <trkpt lat="37.53339341075957" lon="126.90985002729093">
                <ele>2.265136480331421</ele>
                <time>2025-10-22T09:06:21Z</time>
            </trkpt>
            <trkpt lat="37.53340315732356" lon="126.90977098716428">
                <ele>2.4322521686553955</ele>
                <time>2025-10-22T09:06:24Z</time>
            </trkpt>
            <trkpt lat="37.5333942725127" lon="126.90968868293848">
                <ele>4.2260661125183105</ele>
                <time>2025-10-22T09:06:27Z</time>
            </trkpt>
            <trkpt lat="37.53340739502506" lon="126.90959615619315">
                <ele>7.661489009857178</ele>
                <time>2025-10-22T09:06:30Z</time>
            </trkpt>
            <trkpt lat="37.53343568830762" lon="126.90949635638954">
                <ele>8.752034187316895</ele>
                <time>2025-10-22T09:06:34Z</time>
            </trkpt>
            <trkpt lat="37.533455965570916" lon="126.90939464209553">
                <ele>9.165635108947754</ele>
                <time>2025-10-22T09:06:37Z</time>
            </trkpt>
            <trkpt lat="37.5334839838263" lon="126.90931544806928">
                <ele>8.333099365234375</ele>
                <time>2025-10-22T09:06:40Z</time>
            </trkpt>
            <trkpt lat="37.533522957051936" lon="126.90925175972443">
                <ele>7.950516223907471</ele>
                <time>2025-10-22T09:06:43Z</time>
            </trkpt>
            <trkpt lat="37.53358346945211" lon="126.90919203285185">
                <ele>7.151726722717285</ele>
                <time>2025-10-22T09:06:46Z</time>
            </trkpt>
            <trkpt lat="37.53364915830181" lon="126.90916022579236">
                <ele>7.238762855529785</ele>
                <time>2025-10-22T09:06:49Z</time>
            </trkpt>
            <trkpt lat="37.53370087953721" lon="126.90920911183014">
                <ele>4.323254108428955</ele>
                <time>2025-10-22T09:06:51Z</time>
            </trkpt>
            <trkpt lat="37.53372476650721" lon="126.90928439436773">
                <ele>3.7808849811553955</ele>
                <time>2025-10-22T09:06:54Z</time>
            </trkpt>
            <trkpt lat="37.53369998666869" lon="126.9093812298132">
                <ele>3.1094751358032227</ele>
                <time>2025-10-22T09:06:57Z</time>
            </trkpt>
            <trkpt lat="37.53366560969922" lon="126.90946055893353">
                <ele>3.1140291690826416</ele>
                <time>2025-10-22T09:07:00Z</time>
            </trkpt>
            <trkpt lat="37.53362784789398" lon="126.90953189635063">
                <ele>4.532695770263672</ele>
                <time>2025-10-22T09:07:03Z</time>
            </trkpt>
            <trkpt lat="37.53360017156109" lon="126.90962080294034">
                <ele>7.236016750335693</ele>
                <time>2025-10-22T09:07:06Z</time>
            </trkpt>
            <trkpt lat="37.53359953602666" lon="126.90971723097012">
                <ele>8.00690746307373</ele>
                <time>2025-10-22T09:07:10Z</time>
            </trkpt>
            <trkpt lat="37.53357538932764" lon="126.9098085465281">
                <ele>8.192753791809082</ele>
                <time>2025-10-22T09:07:14Z</time>
            </trkpt>
            <trkpt lat="37.53349006357889" lon="126.90983957559884">
                <ele>6.1494646072387695</ele>
                <time>2025-10-22T09:07:19Z</time>
            </trkpt>
            <trkpt lat="37.53342415492019" lon="126.90982829886805">
                <ele>2.4232184886932373</ele>
                <time>2025-10-22T09:07:24Z</time>
            </trkpt>
            <trkpt lat="37.5333188155723" lon="126.90986422595894">
                <ele>2.3902814388275146</ele>
                <time>2025-10-22T09:07:30Z</time>
            </trkpt>
            <trkpt lat="37.533254851604994" lon="126.909780093579">
                <ele>2.2769572734832764</ele>
                <time>2025-10-22T09:07:34Z</time>
            </trkpt>
            <trkpt lat="37.53315331575584" lon="126.90973912080922">
                <ele>0.9180200695991516</ele>
                <time>2025-10-22T09:07:36Z</time>
            </trkpt>
            <trkpt lat="37.53308535026275" lon="126.90973438009624">
                <ele>8.59825325012207</ele>
                <time>2025-10-22T09:07:38Z</time>
            </trkpt>
            <trkpt lat="37.53301017449178" lon="126.90973291841456">
                <ele>8.596480369567871</ele>
                <time>2025-10-22T09:07:40Z</time>
            </trkpt>
            <trkpt lat="37.53292321653629" lon="126.90972661747963">
                <ele>8.872720718383789</ele>
                <time>2025-10-22T09:07:43Z</time>
            </trkpt>
            <trkpt lat="37.53286253933421" lon="126.9097486765972">
                <ele>7.327173233032227</ele>
                <time>2025-10-22T09:07:46Z</time>
            </trkpt>
            <trkpt lat="37.53279500975556" lon="126.90979022171649">
                <ele>7.3241424560546875</ele>
                <time>2025-10-22T09:07:49Z</time>
            </trkpt>
            <trkpt lat="37.53271281852381" lon="126.90982516970558">
                <ele>10.199633598327637</ele>
                <time>2025-10-22T09:07:52Z</time>
            </trkpt>
            <trkpt lat="37.53264751974343" lon="126.90986283069564">
                <ele>9.63808536529541</ele>
                <time>2025-10-22T09:07:56Z</time>
            </trkpt>
            <trkpt lat="37.53257517627331" lon="126.90990042788125">
                <ele>6.617524147033691</ele>
                <time>2025-10-22T09:07:59Z</time>
            </trkpt>
            <trkpt lat="37.5324912567749" lon="126.9099175793538">
                <ele>3.6849312782287598</ele>
                <time>2025-10-22T09:08:02Z</time>
            </trkpt>
            <trkpt lat="37.53242190120111" lon="126.9099439958795">
                <ele>0.555937647819519</ele>
                <time>2025-10-22T09:08:05Z</time>
            </trkpt>
            <trkpt lat="37.53235114286738" lon="126.90997944649486">
                <ele>0.6031202077865601</ele>
                <time>2025-10-22T09:08:08Z</time>
            </trkpt>
            <trkpt lat="37.53226472650883" lon="126.91003444777056">
                <ele>8.301495552062988</ele>
                <time>2025-10-22T09:08:12Z</time>
            </trkpt>
            <trkpt lat="37.53219232049427" lon="126.91006453476176">
                <ele>8.350998878479004</ele>
                <time>2025-10-22T09:08:15Z</time>
            </trkpt>
            <trkpt lat="37.532106238667524" lon="126.91006970061501">
                <ele>9.008204460144043</ele>
                <time>2025-10-22T09:08:19Z</time>
            </trkpt>
            <trkpt lat="37.53203684260151" lon="126.910111336807">
                <ele>9.815497398376465</ele>
                <time>2025-10-22T09:08:22Z</time>
            </trkpt>
            <trkpt lat="37.53195915892506" lon="126.9101334667087">
                <ele>9.37084674835205</ele>
                <time>2025-10-22T09:08:25Z</time>
            </trkpt>
            <trkpt lat="37.531889666492816" lon="126.91019433740034">
                <ele>9.086343765258789</ele>
                <time>2025-10-22T09:08:28Z</time>
            </trkpt>
            <trkpt lat="37.531813866343256" lon="126.91019422299752">
                <ele>9.499995231628418</ele>
                <time>2025-10-22T09:08:31Z</time>
            </trkpt>
            <trkpt lat="37.5317434950029" lon="126.91019731312348">
                <ele>9.140196800231934</ele>
                <time>2025-10-22T09:08:34Z</time>
            </trkpt>
            <trkpt lat="37.53167238086677" lon="126.91020976752729">
                <ele>8.929625511169434</ele>
                <time>2025-10-22T09:08:37Z</time>
            </trkpt>
            <trkpt lat="37.53160434227847" lon="126.91022524776722">
                <ele>9.65538501739502</ele>
                <time>2025-10-22T09:08:40Z</time>
            </trkpt>
            <trkpt lat="37.531534313264586" lon="126.91027642857279">
                <ele>9.659869194030762</ele>
                <time>2025-10-22T09:08:43Z</time>
            </trkpt>
            <trkpt lat="37.53146837359505" lon="126.91031281102786">
                <ele>9.948171615600586</ele>
                <time>2025-10-22T09:08:46Z</time>
            </trkpt>
            <trkpt lat="37.531391124947625" lon="126.91028989679245">
                <ele>9.59273624420166</ele>
                <time>2025-10-22T09:08:48Z</time>
            </trkpt>
            <trkpt lat="37.5308672378706" lon="126.91066681042386">
                <ele>5.828761577606201</ele>
                <time>2025-10-22T09:09:12Z</time>
            </trkpt>
            <trkpt lat="37.530809001014134" lon="126.91053404271841">
                <ele>7.2872538566589355</ele>
                <time>2025-10-22T09:09:13Z</time>
            </trkpt>
            <trkpt lat="37.5308477018826" lon="126.91062191777615">
                <ele>6.9043498039245605</ele>
                <time>2025-10-22T09:09:14Z</time>
            </trkpt>
            <trkpt lat="37.53077723659872" lon="126.910600688031">
                <ele>5.852589130401611</ele>
                <time>2025-10-22T09:09:16Z</time>
            </trkpt>
            <trkpt lat="37.53069946228043" lon="126.91061693919926">
                <ele>6.500143051147461</ele>
                <time>2025-10-22T09:09:21Z</time>
            </trkpt>
            <trkpt lat="37.53062693483158" lon="126.91059737622594">
                <ele>6.803836345672607</ele>
                <time>2025-10-22T09:09:24Z</time>
            </trkpt>
            <trkpt lat="37.53054903087046" lon="126.91055351823596">
                <ele>7.096164226531982</ele>
                <time>2025-10-22T09:09:28Z</time>
            </trkpt>
            <trkpt lat="37.53047578817737" lon="126.91054416490469">
                <ele>6.91780424118042</ele>
                <time>2025-10-22T09:09:32Z</time>
            </trkpt>
            <trkpt lat="37.53040166267842" lon="126.91054403576224">
                <ele>7.185949802398682</ele>
                <time>2025-10-22T09:09:35Z</time>
            </trkpt>
            <trkpt lat="37.53033918939216" lon="126.91052490584943">
                <ele>7.303279876708984</ele>
                <time>2025-10-22T09:09:38Z</time>
            </trkpt>
            <trkpt lat="37.53026048203422" lon="126.91054064821749">
                <ele>7.435146331787109</ele>
                <time>2025-10-22T09:09:41Z</time>
            </trkpt>
            <trkpt lat="37.53019556823162" lon="126.91054329973863">
                <ele>7.618819236755371</ele>
                <time>2025-10-22T09:09:44Z</time>
            </trkpt>
            <trkpt lat="37.5301257486843" lon="126.91055444627807">
                <ele>7.449661731719971</ele>
                <time>2025-10-22T09:09:47Z</time>
            </trkpt>
            <trkpt lat="37.530060776896384" lon="126.91053956518186">
                <ele>7.594263553619385</ele>
                <time>2025-10-22T09:09:50Z</time>
            </trkpt>
            <trkpt lat="37.529981103841195" lon="126.91057672886602">
                <ele>7.575425148010254</ele>
                <time>2025-10-22T09:09:53Z</time>
            </trkpt>
            <trkpt lat="37.52990827810384" lon="126.91060699584622">
                <ele>7.361344337463379</ele>
                <time>2025-10-22T09:09:57Z</time>
            </trkpt>
            <trkpt lat="37.52983952557833" lon="126.91061738157289">
                <ele>7.411933422088623</ele>
                <time>2025-10-22T09:10:00Z</time>
            </trkpt>
            <trkpt lat="37.52976944797642" lon="126.91063725100489">
                <ele>7.507948875427246</ele>
                <time>2025-10-22T09:10:03Z</time>
            </trkpt>
            <trkpt lat="37.52968843435204" lon="126.91065632631758">
                <ele>7.426120281219482</ele>
                <time>2025-10-22T09:10:06Z</time>
            </trkpt>
            <trkpt lat="37.52962501248712" lon="126.91066930491853">
                <ele>7.135410785675049</ele>
                <time>2025-10-22T09:10:09Z</time>
            </trkpt>
            <trkpt lat="37.52955099437499" lon="126.91070227079942">
                <ele>7.087625503540039</ele>
                <time>2025-10-22T09:10:13Z</time>
            </trkpt>
            <trkpt lat="37.529473342125826" lon="126.91072928832611">
                <ele>7.023649215698242</ele>
                <time>2025-10-22T09:10:16Z</time>
            </trkpt>
            <trkpt lat="37.5294064981132" lon="126.91070502458076">
                <ele>7.126681327819824</ele>
                <time>2025-10-22T09:10:19Z</time>
            </trkpt>
            <trkpt lat="37.52933750342432" lon="126.91069073118736">
                <ele>6.968231678009033</ele>
                <time>2025-10-22T09:10:22Z</time>
            </trkpt>
            <trkpt lat="37.52927394412064" lon="126.91070397484215">
                <ele>6.894093990325928</ele>
                <time>2025-10-22T09:10:25Z</time>
            </trkpt>
            <trkpt lat="37.52919366636773" lon="126.91073666597724">
                <ele>6.238194942474365</ele>
                <time>2025-10-22T09:10:29Z</time>
            </trkpt>
            <trkpt lat="37.52913370900545" lon="126.91076977787918">
                <ele>6.358415603637695</ele>
                <time>2025-10-22T09:10:31Z</time>
            </trkpt>
            <trkpt lat="37.52905526339462" lon="126.91078606534037">
                <ele>6.26028299331665</ele>
                <time>2025-10-22T09:10:34Z</time>
            </trkpt>
            <trkpt lat="37.528962375716645" lon="126.91083261049857">
                <ele>6.373578071594238</ele>
                <time>2025-10-22T09:10:37Z</time>
            </trkpt>
            <trkpt lat="37.528883226933125" lon="126.91087598696593">
                <ele>6.393874168395996</ele>
                <time>2025-10-22T09:10:40Z</time>
            </trkpt>
            <trkpt lat="37.52880415379265" lon="126.91090072952643">
                <ele>6.358628749847412</ele>
                <time>2025-10-22T09:10:43Z</time>
            </trkpt>
            <trkpt lat="37.52874099971208" lon="126.91090918584773">
                <ele>6.345148086547852</ele>
                <time>2025-10-22T09:10:46Z</time>
            </trkpt>
            <trkpt lat="37.52867697410253" lon="126.91092273080892">
                <ele>6.304908752441406</ele>
                <time>2025-10-22T09:10:49Z</time>
            </trkpt>
            <trkpt lat="37.52859969512445" lon="126.9109383490967">
                <ele>6.230191230773926</ele>
                <time>2025-10-22T09:10:53Z</time>
            </trkpt>
            <trkpt lat="37.528528077101214" lon="126.9109613570402">
                <ele>6.144449710845947</ele>
                <time>2025-10-22T09:10:56Z</time>
            </trkpt>
            <trkpt lat="37.52845813288533" lon="126.91102241078066">
                <ele>6.039154052734375</ele>
                <time>2025-10-22T09:10:59Z</time>
            </trkpt>
            <trkpt lat="37.52839765597004" lon="126.91099798126643">
                <ele>5.9749040603637695</ele>
                <time>2025-10-22T09:11:02Z</time>
            </trkpt>
            <trkpt lat="37.52833622238498" lon="126.91102212172582">
                <ele>5.983722686767578</ele>
                <time>2025-10-22T09:11:06Z</time>
            </trkpt>
            <trkpt lat="37.52822364576275" lon="126.91105309577371">
                <ele>5.803268909454346</ele>
                <time>2025-10-22T09:11:09Z</time>
            </trkpt>
            <trkpt lat="37.5281538634415" lon="126.91107147770008">
                <ele>5.7166900634765625</ele>
                <time>2025-10-22T09:11:12Z</time>
            </trkpt>
            <trkpt lat="37.52808871279209" lon="126.91107605659387">
                <ele>5.69507360458374</ele>
                <time>2025-10-22T09:11:15Z</time>
            </trkpt>
            <trkpt lat="37.528013237458296" lon="126.91108016663492">
                <ele>5.6278791427612305</ele>
                <time>2025-10-22T09:11:18Z</time>
            </trkpt>
            <trkpt lat="37.527952539113095" lon="126.91111529310353">
                <ele>5.4078688621521</ele>
                <time>2025-10-22T09:11:21Z</time>
            </trkpt>
            <trkpt lat="37.527878929993584" lon="126.91115036118818">
                <ele>5.447622776031494</ele>
                <time>2025-10-22T09:11:25Z</time>
            </trkpt>
            <trkpt lat="37.52782011152071" lon="126.9111839205915">
                <ele>5.518567085266113</ele>
                <time>2025-10-22T09:11:28Z</time>
            </trkpt>
            <trkpt lat="37.52775103223973" lon="126.91121061394648">
                <ele>5.590811729431152</ele>
                <time>2025-10-22T09:11:31Z</time>
            </trkpt>
            <trkpt lat="37.527672616065765" lon="126.91123898962509">
                <ele>5.444949150085449</ele>
                <time>2025-10-22T09:11:35Z</time>
            </trkpt>
            <trkpt lat="37.52759320683906" lon="126.91126620918085">
                <ele>5.506549835205078</ele>
                <time>2025-10-22T09:11:39Z</time>
            </trkpt>
            <trkpt lat="37.52753884289988" lon="126.91132452080959">
                <ele>5.433065891265869</ele>
                <time>2025-10-22T09:11:42Z</time>
            </trkpt>
            <trkpt lat="37.527460551878306" lon="126.91131914215056">
                <ele>5.466166973114014</ele>
                <time>2025-10-22T09:11:45Z</time>
            </trkpt>
            <trkpt lat="37.5274009619398" lon="126.91138234765631">
                <ele>5.402716159820557</ele>
                <time>2025-10-22T09:11:48Z</time>
            </trkpt>
            <trkpt lat="37.52733132655273" lon="126.91143364042922">
                <ele>5.400736331939697</ele>
                <time>2025-10-22T09:11:51Z</time>
            </trkpt>
            <trkpt lat="37.527249157488875" lon="126.91147422675836">
                <ele>5.298646450042725</ele>
                <time>2025-10-22T09:11:54Z</time>
            </trkpt>
            <trkpt lat="37.52716835315165" lon="126.91147593347962">
                <ele>5.25591516494751</ele>
                <time>2025-10-22T09:11:58Z</time>
            </trkpt>
            <trkpt lat="37.52707000016845" lon="126.91147905126255">
                <ele>5.305910587310791</ele>
                <time>2025-10-22T09:12:02Z</time>
            </trkpt>
            <trkpt lat="37.52698697770321" lon="126.91150755832396">
                <ele>5.400134086608887</ele>
                <time>2025-10-22T09:12:05Z</time>
            </trkpt>
            <trkpt lat="37.5269209535958" lon="126.91152156154166">
                <ele>5.448724269866943</ele>
                <time>2025-10-22T09:12:09Z</time>
            </trkpt>
            <trkpt lat="37.52685437067881" lon="126.91151324497477">
                <ele>5.46848201751709</ele>
                <time>2025-10-22T09:12:11Z</time>
            </trkpt>
            <trkpt lat="37.52678891417428" lon="126.91151793473165">
                <ele>5.801912784576416</ele>
                <time>2025-10-22T09:12:14Z</time>
            </trkpt>
            <trkpt lat="37.52671662963362" lon="126.91154320880001">
                <ele>6.266937255859375</ele>
                <time>2025-10-22T09:12:17Z</time>
            </trkpt>
            <trkpt lat="37.5266650451057" lon="126.91159986500587">
                <ele>5.708221912384033</ele>
                <time>2025-10-22T09:12:20Z</time>
            </trkpt>
            <trkpt lat="37.52658967137045" lon="126.91165374389035">
                <ele>5.686676502227783</ele>
                <time>2025-10-22T09:12:23Z</time>
            </trkpt>
            <trkpt lat="37.52652799500929" lon="126.91163472462385">
                <ele>6.930734157562256</ele>
                <time>2025-10-22T09:12:26Z</time>
            </trkpt>
            <trkpt lat="37.526477624677355" lon="126.91169123598623">
                <ele>5.735110759735107</ele>
                <time>2025-10-22T09:12:29Z</time>
            </trkpt>
            <trkpt lat="37.52641199527822" lon="126.91169503530274">
                <ele>6.998505115509033</ele>
                <time>2025-10-22T09:12:33Z</time>
            </trkpt>
            <trkpt lat="37.52634831384589" lon="126.91175722477023">
                <ele>6.113616943359375</ele>
                <time>2025-10-22T09:12:36Z</time>
            </trkpt>
            <trkpt lat="37.5262787925137" lon="126.91180891981979">
                <ele>6.06889009475708</ele>
                <time>2025-10-22T09:12:39Z</time>
            </trkpt>
            <trkpt lat="37.52621344531862" lon="126.9118343718957">
                <ele>6.867002964019775</ele>
                <time>2025-10-22T09:12:42Z</time>
            </trkpt>
            <trkpt lat="37.52614751387057" lon="126.91188425148655">
                <ele>6.8610968589782715</ele>
                <time>2025-10-22T09:12:45Z</time>
            </trkpt>
            <trkpt lat="37.52608344180503" lon="126.91193195226832">
                <ele>6.414313793182373</ele>
                <time>2025-10-22T09:12:48Z</time>
            </trkpt>
            <trkpt lat="37.526017472498054" lon="126.91197067423077">
                <ele>6.5692315101623535</ele>
                <time>2025-10-22T09:12:51Z</time>
            </trkpt>
            <trkpt lat="37.52595677624292" lon="126.91200489788878">
                <ele>6.626936435699463</ele>
                <time>2025-10-22T09:12:54Z</time>
            </trkpt>
            <trkpt lat="37.5259021388609" lon="126.91207014420648">
                <ele>5.497960090637207</ele>
                <time>2025-10-22T09:12:57Z</time>
            </trkpt>
            <trkpt lat="37.52588036200358" lon="126.91214643319867">
                <ele>5.5494585037231445</ele>
                <time>2025-10-22T09:13:00Z</time>
            </trkpt>
            <trkpt lat="37.52581774293733" lon="126.9121823336981">
                <ele>5.515718460083008</ele>
                <time>2025-10-22T09:13:02Z</time>
            </trkpt>
            <trkpt lat="37.52575588540042" lon="126.91220748504998">
                <ele>5.5743727684021</ele>
                <time>2025-10-22T09:13:05Z</time>
            </trkpt>
            <trkpt lat="37.525699449186085" lon="126.91224861197122">
                <ele>5.528185844421387</ele>
                <time>2025-10-22T09:13:08Z</time>
            </trkpt>
            <trkpt lat="37.525641692261495" lon="126.91228592505318">
                <ele>5.517729759216309</ele>
                <time>2025-10-22T09:13:11Z</time>
            </trkpt>
            <trkpt lat="37.525572853963" lon="126.91232365139172">
                <ele>5.577636241912842</ele>
                <time>2025-10-22T09:13:14Z</time>
            </trkpt>
            <trkpt lat="37.52550482096579" lon="126.9123812332015">
                <ele>5.40110969543457</ele>
                <time>2025-10-22T09:13:17Z</time>
            </trkpt>
            <trkpt lat="37.525431320426875" lon="126.91242068253732">
                <ele>5.4453911781311035</ele>
                <time>2025-10-22T09:13:20Z</time>
            </trkpt>
            <trkpt lat="37.52536555560513" lon="126.91244928502323">
                <ele>5.582198143005371</ele>
                <time>2025-10-22T09:13:23Z</time>
            </trkpt>
            <trkpt lat="37.525293453691525" lon="126.91249829614722">
                <ele>5.7310261726379395</ele>
                <time>2025-10-22T09:13:26Z</time>
            </trkpt>
            <trkpt lat="37.525231479549326" lon="126.91253758842907">
                <ele>5.617675304412842</ele>
                <time>2025-10-22T09:13:30Z</time>
            </trkpt>
            <trkpt lat="37.525164391427886" lon="126.91258667881606">
                <ele>5.73496675491333</ele>
                <time>2025-10-22T09:13:34Z</time>
            </trkpt>
            <trkpt lat="37.52510236552728" lon="126.91263072611821">
                <ele>5.748352527618408</ele>
                <time>2025-10-22T09:13:37Z</time>
            </trkpt>
            <trkpt lat="37.52502533692046" lon="126.91265329058464">
                <ele>6.019957542419434</ele>
                <time>2025-10-22T09:13:40Z</time>
            </trkpt>
            <trkpt lat="37.52495814321411" lon="126.91267313387601">
                <ele>6.812280178070068</ele>
                <time>2025-10-22T09:13:43Z</time>
            </trkpt>
            <trkpt lat="37.52489054009993" lon="126.91271182195199">
                <ele>6.848129749298096</ele>
                <time>2025-10-22T09:13:46Z</time>
            </trkpt>
            <trkpt lat="37.52483375449314" lon="126.91276551969791">
                <ele>6.5743727684021</ele>
                <time>2025-10-22T09:13:49Z</time>
            </trkpt>
            <trkpt lat="37.52477580464998" lon="126.91282741509833">
                <ele>5.641754150390625</ele>
                <time>2025-10-22T09:13:52Z</time>
            </trkpt>
            <trkpt lat="37.52469895018706" lon="126.91282722925025">
                <ele>7.545986175537109</ele>
                <time>2025-10-22T09:13:55Z</time>
            </trkpt>
            <trkpt lat="37.52464464079203" lon="126.9128683941554">
                <ele>7.5250020027160645</ele>
                <time>2025-10-22T09:13:58Z</time>
            </trkpt>
            <trkpt lat="37.524587230703794" lon="126.9129196862891">
                <ele>6.809813499450684</ele>
                <time>2025-10-22T09:14:01Z</time>
            </trkpt>
            <trkpt lat="37.52453203943459" lon="126.91299447630944">
                <ele>5.8797712326049805</ele>
                <time>2025-10-22T09:14:04Z</time>
            </trkpt>
            <trkpt lat="37.52448169863772" lon="126.91306911280859">
                <ele>5.521544933319092</ele>
                <time>2025-10-22T09:14:07Z</time>
            </trkpt>
            <trkpt lat="37.524441186334315" lon="126.91313971541449">
                <ele>5.453586101531982</ele>
                <time>2025-10-22T09:14:10Z</time>
            </trkpt>
            <trkpt lat="37.52438672307101" lon="126.91320732270252">
                <ele>5.364211559295654</ele>
                <time>2025-10-22T09:14:14Z</time>
            </trkpt>
            <trkpt lat="37.524313020303154" lon="126.91326844151561">
                <ele>5.629245281219482</ele>
                <time>2025-10-22T09:14:17Z</time>
            </trkpt>
            <trkpt lat="37.52425051314411" lon="126.91332231584231">
                <ele>5.384990692138672</ele>
                <time>2025-10-22T09:14:20Z</time>
            </trkpt>
            <trkpt lat="37.524181705902926" lon="126.91333979457387">
                <ele>5.340240955352783</ele>
                <time>2025-10-22T09:14:23Z</time>
            </trkpt>
            <trkpt lat="37.52411056473834" lon="126.91334935031709">
                <ele>5.470623970031738</ele>
                <time>2025-10-22T09:14:26Z</time>
            </trkpt>
            <trkpt lat="37.52404408133978" lon="126.91339623458656">
                <ele>5.508711338043213</ele>
                <time>2025-10-22T09:14:29Z</time>
            </trkpt>
            <trkpt lat="37.52398438633319" lon="126.91348216307365">
                <ele>5.337008476257324</ele>
                <time>2025-10-22T09:14:32Z</time>
            </trkpt>
            <trkpt lat="37.52390333050251" lon="126.91352054936802">
                <ele>5.340702533721924</ele>
                <time>2025-10-22T09:14:36Z</time>
            </trkpt>
            <trkpt lat="37.523830249331525" lon="126.9135388609766">
                <ele>5.462640285491943</ele>
                <time>2025-10-22T09:14:39Z</time>
            </trkpt>
            <trkpt lat="37.52375201699568" lon="126.91356641105985">
                <ele>5.513050079345703</ele>
                <time>2025-10-22T09:14:43Z</time>
            </trkpt>
            <trkpt lat="37.523684040504044" lon="126.91360204844452">
                <ele>5.535625457763672</ele>
                <time>2025-10-22T09:14:47Z</time>
            </trkpt>
            <trkpt lat="37.52362857565405" lon="126.91365181375018">
                <ele>5.486115455627441</ele>
                <time>2025-10-22T09:14:50Z</time>
            </trkpt>
            <trkpt lat="37.523615502273884" lon="126.91373423159447">
                <ele>5.328032493591309</ele>
                <time>2025-10-22T09:14:54Z</time>
            </trkpt>
            <trkpt lat="37.52366104449494" lon="126.91378941274189">
                <ele>5.351468563079834</ele>
                <time>2025-10-22T09:15:03Z</time>
            </trkpt>
            <trkpt lat="37.523630956498415" lon="126.91387143284895">
                <ele>4.2370924949646</ele>
                <time>2025-10-22T09:16:40Z</time>
            </trkpt>
            <trkpt lat="37.52358077061722" lon="126.91380532420216">
                <ele>5.578516006469727</ele>
                <time>2025-10-22T09:19:35Z</time>
            </trkpt>
            <trkpt lat="37.52364786835102" lon="126.91380777617313">
                <ele>5.103147983551025</ele>
                <time>2025-10-22T09:21:48Z</time>
            </trkpt>
            <trkpt lat="37.523623462764704" lon="126.91372984905571">
                <ele>5.336759567260742</ele>
                <time>2025-10-22T09:22:41Z</time>
            </trkpt>
            <trkpt lat="37.52359488097762" lon="126.91365153912702">
                <ele>5.787798881530762</ele>
                <time>2025-10-22T09:23:04Z</time>
            </trkpt>
            <trkpt lat="37.52352290375594" lon="126.9136801207491">
                <ele>5.880537509918213</ele>
                <time>2025-10-22T09:23:09Z</time>
            </trkpt>
            <trkpt lat="37.52343556886414" lon="126.91367739466891">
                <ele>8.407574653625488</ele>
                <time>2025-10-22T09:23:13Z</time>
            </trkpt>
            <trkpt lat="37.523358208113855" lon="126.9137313433919">
                <ele>7.672738075256348</ele>
                <time>2025-10-22T09:23:16Z</time>
            </trkpt>
            <trkpt lat="37.523298740613114" lon="126.91377728595626">
                <ele>7.718090534210205</ele>
                <time>2025-10-22T09:23:19Z</time>
            </trkpt>
            <trkpt lat="37.52323809282363" lon="126.9138651799174">
                <ele>6.285065174102783</ele>
                <time>2025-10-22T09:23:22Z</time>
            </trkpt>
            <trkpt lat="37.5231615810115" lon="126.91393414491365">
                <ele>5.7947235107421875</ele>
                <time>2025-10-22T09:23:26Z</time>
            </trkpt>
            <trkpt lat="37.52310568546904" lon="126.9139773149374">
                <ele>5.714308261871338</ele>
                <time>2025-10-22T09:23:29Z</time>
            </trkpt>
            <trkpt lat="37.52303910551419" lon="126.91399781188643">
                <ele>6.072460651397705</ele>
                <time>2025-10-22T09:23:32Z</time>
            </trkpt>
            <trkpt lat="37.522982412472665" lon="126.9140522637528">
                <ele>5.714810371398926</ele>
                <time>2025-10-22T09:23:35Z</time>
            </trkpt>
            <trkpt lat="37.52289423998862" lon="126.91407804394548">
                <ele>6.897220134735107</ele>
                <time>2025-10-22T09:23:39Z</time>
            </trkpt>
            <trkpt lat="37.522829516123245" lon="126.91413285246392">
                <ele>6.325468063354492</ele>
                <time>2025-10-22T09:23:42Z</time>
            </trkpt>
            <trkpt lat="37.522771834383256" lon="126.91417066757822">
                <ele>7.152279376983643</ele>
                <time>2025-10-22T09:23:45Z</time>
            </trkpt>
            <trkpt lat="37.52271145947644" lon="126.91422221990072">
                <ele>6.25514554977417</ele>
                <time>2025-10-22T09:23:48Z</time>
            </trkpt>
            <trkpt lat="37.52264180888549" lon="126.91427805812214">
                <ele>5.897740364074707</ele>
                <time>2025-10-22T09:23:51Z</time>
            </trkpt>
            <trkpt lat="37.52257533963122" lon="126.9143254601478">
                <ele>6.234555244445801</ele>
                <time>2025-10-22T09:23:54Z</time>
            </trkpt>
            <trkpt lat="37.5225156711776" lon="126.91436674823323">
                <ele>5.681440353393555</ele>
                <time>2025-10-22T09:23:56Z</time>
            </trkpt>
            <trkpt lat="37.522513756477636" lon="126.91445762462205">
                <ele>5.345209121704102</ele>
                <time>2025-10-22T09:23:59Z</time>
            </trkpt>
            <trkpt lat="37.52244949706897" lon="126.91450760208082">
                <ele>5.353046417236328</ele>
                <time>2025-10-22T09:24:02Z</time>
            </trkpt>
            <trkpt lat="37.5223711986254" lon="126.91454702549363">
                <ele>5.3417863845825195</ele>
                <time>2025-10-22T09:24:05Z</time>
            </trkpt>
            <trkpt lat="37.52230359352506" lon="126.91459836149984">
                <ele>5.412644386291504</ele>
                <time>2025-10-22T09:24:08Z</time>
            </trkpt>
            <trkpt lat="37.52224165959809" lon="126.91461844511035">
                <ele>5.505011081695557</ele>
                <time>2025-10-22T09:24:10Z</time>
            </trkpt>
            <trkpt lat="37.52215855834375" lon="126.91465054785195">
                <ele>5.686952590942383</ele>
                <time>2025-10-22T09:24:13Z</time>
            </trkpt>
            <trkpt lat="37.5221087810618" lon="126.91470723954176">
                <ele>5.5972161293029785</ele>
                <time>2025-10-22T09:24:17Z</time>
            </trkpt>
            <trkpt lat="37.52204376239469" lon="126.91475422179009">
                <ele>5.6176323890686035</ele>
                <time>2025-10-22T09:24:21Z</time>
            </trkpt>
            <trkpt lat="37.521982873493776" lon="126.9148047027915">
                <ele>5.593338489532471</ele>
                <time>2025-10-22T09:24:25Z</time>
            </trkpt>
            <trkpt lat="37.521910659615656" lon="126.91482787402644">
                <ele>5.603842735290527</ele>
                <time>2025-10-22T09:24:28Z</time>
            </trkpt>
            <trkpt lat="37.52185162720207" lon="126.9148753335026">
                <ele>5.726797580718994</ele>
                <time>2025-10-22T09:24:32Z</time>
            </trkpt>
            <trkpt lat="37.52178550999415" lon="126.91491282370191">
                <ele>5.800127983093262</ele>
                <time>2025-10-22T09:24:35Z</time>
            </trkpt>
            <trkpt lat="37.52171339772179" lon="126.91495590613448">
                <ele>5.992157936096191</ele>
                <time>2025-10-22T09:24:37Z</time>
            </trkpt>
            <trkpt lat="37.521660861454926" lon="126.91501578619818">
                <ele>5.70604133605957</ele>
                <time>2025-10-22T09:24:40Z</time>
            </trkpt>
            <trkpt lat="37.52159844629202" lon="126.91506180299496">
                <ele>5.881348609924316</ele>
                <time>2025-10-22T09:24:43Z</time>
            </trkpt>
            <trkpt lat="37.521540682503186" lon="126.91511645654172">
                <ele>5.675539016723633</ele>
                <time>2025-10-22T09:24:46Z</time>
            </trkpt>
            <trkpt lat="37.52148159543268" lon="126.915173922663">
                <ele>5.817901134490967</ele>
                <time>2025-10-22T09:24:49Z</time>
            </trkpt>
            <trkpt lat="37.521423503151425" lon="126.9152196367874">
                <ele>5.812226295471191</ele>
                <time>2025-10-22T09:24:52Z</time>
            </trkpt>
            <trkpt lat="37.52135747121681" lon="126.91527320156081">
                <ele>5.80518913269043</ele>
                <time>2025-10-22T09:24:56Z</time>
            </trkpt>
            <trkpt lat="37.52128953619701" lon="126.9153329883688">
                <ele>5.814894676208496</ele>
                <time>2025-10-22T09:25:00Z</time>
            </trkpt>
            <trkpt lat="37.52121529143011" lon="126.91537328996581">
                <ele>5.858767509460449</ele>
                <time>2025-10-22T09:25:04Z</time>
            </trkpt>
            <trkpt lat="37.52115040445635" lon="126.91537783755273">
                <ele>6.699769020080566</ele>
                <time>2025-10-22T09:25:06Z</time>
            </trkpt>
            <trkpt lat="37.521092232378344" lon="126.91543073773506">
                <ele>6.345755100250244</ele>
                <time>2025-10-22T09:25:09Z</time>
            </trkpt>
            <trkpt lat="37.521034209953164" lon="126.91549317498749">
                <ele>5.934886932373047</ele>
                <time>2025-10-22T09:25:12Z</time>
            </trkpt>
            <trkpt lat="37.520959848887536" lon="126.91553125455621">
                <ele>6.913764953613281</ele>
                <time>2025-10-22T09:25:16Z</time>
            </trkpt>
            <trkpt lat="37.52087673895743" lon="126.91557517453238">
                <ele>7.867485046386719</ele>
                <time>2025-10-22T09:25:21Z</time>
            </trkpt>
            <trkpt lat="37.520816913765955" lon="126.91561875253723">
                <ele>7.776151657104492</ele>
                <time>2025-10-22T09:25:24Z</time>
            </trkpt>
            <trkpt lat="37.52076329995151" lon="126.91568197882091">
                <ele>6.8932366371154785</ele>
                <time>2025-10-22T09:25:27Z</time>
            </trkpt>
            <trkpt lat="37.520701079309255" lon="126.91572953490387">
                <ele>7.640204906463623</ele>
                <time>2025-10-22T09:25:30Z</time>
            </trkpt>
            <trkpt lat="37.520640469862855" lon="126.91578568055145">
                <ele>7.753941059112549</ele>
                <time>2025-10-22T09:25:33Z</time>
            </trkpt>
            <trkpt lat="37.52058366651168" lon="126.91584597341077">
                <ele>7.527201175689697</ele>
                <time>2025-10-22T09:25:36Z</time>
            </trkpt>
            <trkpt lat="37.52052586358837" lon="126.91589978185094">
                <ele>7.2298264503479</ele>
                <time>2025-10-22T09:25:39Z</time>
            </trkpt>
            <trkpt lat="37.520471275934966" lon="126.9159578708849">
                <ele>6.920312404632568</ele>
                <time>2025-10-22T09:25:42Z</time>
            </trkpt>
            <trkpt lat="37.520597884466554" lon="126.91603786323861">
                <ele>6.086197376251221</ele>
                <time>2025-10-22T09:25:44Z</time>
            </trkpt>
            <trkpt lat="37.520371876107006" lon="126.91604907025348">
                <ele>6.312934875488281</ele>
                <time>2025-10-22T09:25:45Z</time>
            </trkpt>
            <trkpt lat="37.520287039673285" lon="126.91606747035594">
                <ele>7.3560791015625</ele>
                <time>2025-10-22T09:25:46Z</time>
            </trkpt>
            <trkpt lat="37.520222611258696" lon="126.9161150067656">
                <ele>7.428221702575684</ele>
                <time>2025-10-22T09:25:48Z</time>
            </trkpt>
            <trkpt lat="37.52015778559978" lon="126.91617206901216">
                <ele>7.484735488891602</ele>
                <time>2025-10-22T09:25:50Z</time>
            </trkpt>
            <trkpt lat="37.5202350038111" lon="126.91615140192363">
                <ele>6.101271629333496</ele>
                <time>2025-10-22T09:25:51Z</time>
            </trkpt>
            <trkpt lat="37.52015963385717" lon="126.91615401213922">
                <ele>8.176743507385254</ele>
                <time>2025-10-22T09:25:58Z</time>
            </trkpt>
            <trkpt lat="37.52008839883097" lon="126.91616777614017">
                <ele>9.365628242492676</ele>
                <time>2025-10-22T09:26:02Z</time>
            </trkpt>
            <trkpt lat="37.5200196939949" lon="126.91626038453727">
                <ele>9.701155662536621</ele>
                <time>2025-10-22T09:26:05Z</time>
            </trkpt>
            <trkpt lat="37.51996003097896" lon="126.9163095147252">
                <ele>8.473140716552734</ele>
                <time>2025-10-22T09:26:08Z</time>
            </trkpt>
            <trkpt lat="37.519906894538465" lon="126.91637232736232">
                <ele>8.298696517944336</ele>
                <time>2025-10-22T09:26:11Z</time>
            </trkpt>
            <trkpt lat="37.519854462572894" lon="126.91644679774086">
                <ele>7.8185200691223145</ele>
                <time>2025-10-22T09:26:15Z</time>
            </trkpt>
            <trkpt lat="37.519805629469886" lon="126.91650348014242">
                <ele>7.485713481903076</ele>
                <time>2025-10-22T09:26:18Z</time>
            </trkpt>
            <trkpt lat="37.51974705720474" lon="126.91655329609097">
                <ele>8.09758186340332</ele>
                <time>2025-10-22T09:26:21Z</time>
            </trkpt>
            <trkpt lat="37.519687070062" lon="126.91658361346373">
                <ele>8.862797737121582</ele>
                <time>2025-10-22T09:26:24Z</time>
            </trkpt>
            <trkpt lat="37.51963158841919" lon="126.91664667175688">
                <ele>8.60575008392334</ele>
                <time>2025-10-22T09:26:28Z</time>
            </trkpt>
            <trkpt lat="37.51958748005" lon="126.91674972446017">
                <ele>6.933974266052246</ele>
                <time>2025-10-22T09:26:31Z</time>
            </trkpt>
            <trkpt lat="37.51951864794999" lon="126.91681440012734">
                <ele>7.080048561096191</ele>
                <time>2025-10-22T09:26:35Z</time>
            </trkpt>
            <trkpt lat="37.51948087721095" lon="126.91688684748563">
                <ele>6.410350322723389</ele>
                <time>2025-10-22T09:26:38Z</time>
            </trkpt>
            <trkpt lat="37.51942684577145" lon="126.91694537829889">
                <ele>6.639156818389893</ele>
                <time>2025-10-22T09:26:42Z</time>
            </trkpt>
            <trkpt lat="37.519370731226125" lon="126.91701749347597">
                <ele>6.384007453918457</ele>
                <time>2025-10-22T09:26:45Z</time>
            </trkpt>
            <trkpt lat="37.51932303181479" lon="126.91707136741904">
                <ele>6.917759895324707</ele>
                <time>2025-10-22T09:26:48Z</time>
            </trkpt>
            <trkpt lat="37.51927533199855" lon="126.91712977492753">
                <ele>6.665495872497559</ele>
                <time>2025-10-22T09:26:51Z</time>
            </trkpt>
            <trkpt lat="37.51925143867129" lon="126.91720425834603">
                <ele>6.150360107421875</ele>
                <time>2025-10-22T09:26:54Z</time>
            </trkpt>
            <trkpt lat="37.519193805540866" lon="126.9172915628963">
                <ele>6.121026515960693</ele>
                <time>2025-10-22T09:26:57Z</time>
            </trkpt>
            <trkpt lat="37.51913546269673" lon="126.91735830681618">
                <ele>6.213357448577881</ele>
                <time>2025-10-22T09:27:00Z</time>
            </trkpt>
            <trkpt lat="37.51908916570128" lon="126.9174377533526">
                <ele>6.294488430023193</ele>
                <time>2025-10-22T09:27:03Z</time>
            </trkpt>
            <trkpt lat="37.51905681785735" lon="126.91752468147496">
                <ele>6.100977897644043</ele>
                <time>2025-10-22T09:27:06Z</time>
            </trkpt>
            <trkpt lat="37.51898300074665" lon="126.91756789012445">
                <ele>6.773576259613037</ele>
                <time>2025-10-22T09:27:11Z</time>
            </trkpt>
            <trkpt lat="37.518931461030185" lon="126.91763673740827">
                <ele>7.773599147796631</ele>
                <time>2025-10-22T09:27:14Z</time>
            </trkpt>
            <trkpt lat="37.51889357390831" lon="126.91771463824088">
                <ele>6.771067142486572</ele>
                <time>2025-10-22T09:27:18Z</time>
            </trkpt>
            <trkpt lat="37.51886792475782" lon="126.91779931693061">
                <ele>6.047327518463135</ele>
                <time>2025-10-22T09:27:21Z</time>
            </trkpt>
            <trkpt lat="37.51879686508634" lon="126.91785725936258">
                <ele>7.107077598571777</ele>
                <time>2025-10-22T09:27:25Z</time>
            </trkpt>
            <trkpt lat="37.51875652884803" lon="126.9179574597734">
                <ele>6.906763553619385</ele>
                <time>2025-10-22T09:27:27Z</time>
            </trkpt>
            <trkpt lat="37.51873529645157" lon="126.91805855781595">
                <ele>5.553987503051758</ele>
                <time>2025-10-22T09:27:30Z</time>
            </trkpt>
            <trkpt lat="37.518694859717414" lon="126.91813363168296">
                <ele>6.395642280578613</ele>
                <time>2025-10-22T09:27:34Z</time>
            </trkpt>
            <trkpt lat="37.518646555601656" lon="126.91823827204836">
                <ele>7.253849506378174</ele>
                <time>2025-10-22T09:27:37Z</time>
            </trkpt>
            <trkpt lat="37.51862467451284" lon="126.91833426760584">
                <ele>5.2558698654174805</ele>
                <time>2025-10-22T09:27:40Z</time>
            </trkpt>
            <trkpt lat="37.51859661741022" lon="126.91843470975583">
                <ele>4.3692779541015625</ele>
                <time>2025-10-22T09:27:44Z</time>
            </trkpt>
            <trkpt lat="37.5185593563923" lon="126.91851094503923">
                <ele>4.767385959625244</ele>
                <time>2025-10-22T09:27:47Z</time>
            </trkpt>
            <trkpt lat="37.518546819872135" lon="126.91863563300267">
                <ele>4.241182804107666</ele>
                <time>2025-10-22T09:27:50Z</time>
            </trkpt>
            <trkpt lat="37.518458483137316" lon="126.91867099967605">
                <ele>5.659323215484619</ele>
                <time>2025-10-22T09:27:53Z</time>
            </trkpt>
            <trkpt lat="37.51841893971946" lon="126.91874768165859">
                <ele>6.454069137573242</ele>
                <time>2025-10-22T09:27:57Z</time>
            </trkpt>
            <trkpt lat="37.51838722389045" lon="126.91881973652251">
                <ele>6.407135486602783</ele>
                <time>2025-10-22T09:28:00Z</time>
            </trkpt>
            <trkpt lat="37.51832413778122" lon="126.91890587231241">
                <ele>7.0780229568481445</ele>
                <time>2025-10-22T09:28:04Z</time>
            </trkpt>
            <trkpt lat="37.518278658727716" lon="126.91898365636467">
                <ele>7.6522040367126465</ele>
                <time>2025-10-22T09:28:07Z</time>
            </trkpt>
            <trkpt lat="37.51825807339721" lon="126.9190626794364">
                <ele>7.0934576988220215</ele>
                <time>2025-10-22T09:28:10Z</time>
            </trkpt>
            <trkpt lat="37.51823923107613" lon="126.91914033413752">
                <ele>6.767609596252441</ele>
                <time>2025-10-22T09:28:13Z</time>
            </trkpt>
            <trkpt lat="37.51821663735693" lon="126.91922323076511">
                <ele>6.9260663986206055</ele>
                <time>2025-10-22T09:28:17Z</time>
            </trkpt>
            <trkpt lat="37.51818145082174" lon="126.91929689588946">
                <ele>6.936824321746826</ele>
                <time>2025-10-22T09:28:20Z</time>
            </trkpt>
            <trkpt lat="37.51813850992947" lon="126.91937110121715">
                <ele>6.809067726135254</ele>
                <time>2025-10-22T09:28:23Z</time>
            </trkpt>
            <trkpt lat="37.51809545445019" lon="126.91943459351346">
                <ele>7.726721286773682</ele>
                <time>2025-10-22T09:28:27Z</time>
            </trkpt>
            <trkpt lat="37.51809566588213" lon="126.91951694573594">
                <ele>6.5363335609436035</ele>
                <time>2025-10-22T09:28:29Z</time>
            </trkpt>
            <trkpt lat="37.518047662181225" lon="126.91958466373329">
                <ele>7.3541741371154785</ele>
                <time>2025-10-22T09:28:32Z</time>
            </trkpt>
            <trkpt lat="37.51804648217299" lon="126.91966730389348">
                <ele>6.514453887939453</ele>
                <time>2025-10-22T09:28:34Z</time>
            </trkpt>
            <trkpt lat="37.518023917092684" lon="126.91974254421685">
                <ele>6.397511959075928</ele>
                <time>2025-10-22T09:28:36Z</time>
            </trkpt>
            <trkpt lat="37.51798083853078" lon="126.91982966422557">
                <ele>6.377209186553955</ele>
                <time>2025-10-22T09:28:39Z</time>
            </trkpt>
            <trkpt lat="37.51794831092428" lon="126.91990038222528">
                <ele>6.746539115905762</ele>
                <time>2025-10-22T09:28:42Z</time>
            </trkpt>
            <trkpt lat="37.51793831791302" lon="126.91999218806008">
                <ele>6.242643356323242</ele>
                <time>2025-10-22T09:28:45Z</time>
            </trkpt>
            <trkpt lat="37.517906358948125" lon="126.92008438487586">
                <ele>6.149572372436523</ele>
                <time>2025-10-22T09:28:49Z</time>
            </trkpt>
            <trkpt lat="37.517873320114646" lon="126.92015609048251">
                <ele>6.097250938415527</ele>
                <time>2025-10-22T09:28:51Z</time>
            </trkpt>
            <trkpt lat="37.51781848304801" lon="126.92023107700437">
                <ele>6.932155132293701</ele>
                <time>2025-10-22T09:28:54Z</time>
            </trkpt>
            <trkpt lat="37.51780521439022" lon="126.92032039326402">
                <ele>6.0727314949035645</ele>
                <time>2025-10-22T09:28:57Z</time>
            </trkpt>
            <trkpt lat="37.517779361272346" lon="126.92039861859337">
                <ele>6.0788493156433105</ele>
                <time>2025-10-22T09:29:01Z</time>
            </trkpt>
            <trkpt lat="37.51776206815963" lon="126.920484389714">
                <ele>6.195332050323486</ele>
                <time>2025-10-22T09:29:05Z</time>
            </trkpt>
            <trkpt lat="37.51774522913194" lon="126.92057486949828">
                <ele>6.1579270362854</ele>
                <time>2025-10-22T09:29:07Z</time>
            </trkpt>
            <trkpt lat="37.51770602604387" lon="126.92066604619657">
                <ele>6.168984413146973</ele>
                <time>2025-10-22T09:29:10Z</time>
            </trkpt>
            <trkpt lat="37.51765296817125" lon="126.92076903144532">
                <ele>6.158912181854248</ele>
                <time>2025-10-22T09:29:14Z</time>
            </trkpt>
            <trkpt lat="37.51763207353967" lon="126.92085208589327">
                <ele>6.161965847015381</ele>
                <time>2025-10-22T09:29:17Z</time>
            </trkpt>
            <trkpt lat="37.51760979056055" lon="126.92094545408962">
                <ele>6.116122245788574</ele>
                <time>2025-10-22T09:29:21Z</time>
            </trkpt>
            <trkpt lat="37.51758263519062" lon="126.92103626485475">
                <ele>6.092484951019287</ele>
                <time>2025-10-22T09:29:24Z</time>
            </trkpt>
            <trkpt lat="37.517514031024135" lon="126.92107811165208">
                <ele>6.533277988433838</ele>
                <time>2025-10-22T09:29:27Z</time>
            </trkpt>
            <trkpt lat="37.517489741702484" lon="126.92116626974017">
                <ele>6.141627311706543</ele>
                <time>2025-10-22T09:29:31Z</time>
            </trkpt>
            <trkpt lat="37.51744780039469" lon="126.92122880649117">
                <ele>6.312954425811768</ele>
                <time>2025-10-22T09:29:34Z</time>
            </trkpt>
            <trkpt lat="37.51742754363051" lon="126.92131074042759">
                <ele>6.162322521209717</ele>
                <time>2025-10-22T09:29:37Z</time>
            </trkpt>
            <trkpt lat="37.51741476564894" lon="126.92141644853149">
                <ele>6.2284369468688965</ele>
                <time>2025-10-22T09:29:40Z</time>
            </trkpt>
            <trkpt lat="37.51736868779738" lon="126.92149633807327">
                <ele>6.071104526519775</ele>
                <time>2025-10-22T09:29:43Z</time>
            </trkpt>
            <trkpt lat="37.51736318975297" lon="126.92157926453966">
                <ele>6.136997222900391</ele>
                <time>2025-10-22T09:29:45Z</time>
            </trkpt>
            <trkpt lat="37.51732783170974" lon="126.92165619062321">
                <ele>6.132532596588135</ele>
                <time>2025-10-22T09:29:48Z</time>
            </trkpt>
            <trkpt lat="37.517294009223995" lon="126.921725898813">
                <ele>6.094154357910156</ele>
                <time>2025-10-22T09:29:51Z</time>
            </trkpt>
            <trkpt lat="37.517262710355375" lon="126.92181238380266">
                <ele>6.0435471534729</ele>
                <time>2025-10-22T09:29:54Z</time>
            </trkpt>
            <trkpt lat="37.51723505866291" lon="126.92190755451571">
                <ele>6.076695919036865</ele>
                <time>2025-10-22T09:29:58Z</time>
            </trkpt>
            <trkpt lat="37.51720553046334" lon="126.92199037512573">
                <ele>6.062580585479736</ele>
                <time>2025-10-22T09:30:01Z</time>
            </trkpt>
            <trkpt lat="37.517180333406024" lon="126.92211052755803">
                <ele>5.979062080383301</ele>
                <time>2025-10-22T09:30:05Z</time>
            </trkpt>
            <trkpt lat="37.517166859924906" lon="126.92220874587073">
                <ele>5.992678165435791</ele>
                <time>2025-10-22T09:30:09Z</time>
            </trkpt>
            <trkpt lat="37.51717212936779" lon="126.92231654593552">
                <ele>5.735123634338379</ele>
                <time>2025-10-22T09:30:12Z</time>
            </trkpt>
            <trkpt lat="37.517162813977535" lon="126.92241405131895">
                <ele>5.704689979553223</ele>
                <time>2025-10-22T09:30:15Z</time>
            </trkpt>
            <trkpt lat="37.51712328192886" lon="126.92248030646273">
                <ele>5.785562992095947</ele>
                <time>2025-10-22T09:30:18Z</time>
            </trkpt>
            <trkpt lat="37.51708326681516" lon="126.9225438710897">
                <ele>5.741899013519287</ele>
                <time>2025-10-22T09:30:21Z</time>
            </trkpt>
            <trkpt lat="37.51705712480228" lon="126.92263163123279">
                <ele>5.5503668785095215</ele>
                <time>2025-10-22T09:30:24Z</time>
            </trkpt>
            <trkpt lat="37.51701131227027" lon="126.92270062547398">
                <ele>5.751286506652832</ele>
                <time>2025-10-22T09:30:27Z</time>
            </trkpt>
            <trkpt lat="37.51697976111722" lon="126.92277296162202">
                <ele>5.735550403594971</ele>
                <time>2025-10-22T09:30:30Z</time>
            </trkpt>
            <trkpt lat="37.516950717575654" lon="126.9228543299205">
                <ele>5.843579292297363</ele>
                <time>2025-10-22T09:30:33Z</time>
            </trkpt>
            <trkpt lat="37.51692230666009" lon="126.92294529380874">
                <ele>5.790185451507568</ele>
                <time>2025-10-22T09:30:36Z</time>
            </trkpt>
            <trkpt lat="37.516884085973295" lon="126.92303050161303">
                <ele>5.649910926818848</ele>
                <time>2025-10-22T09:30:40Z</time>
            </trkpt>
            <trkpt lat="37.5168376695893" lon="126.92309985540683">
                <ele>6.030777454376221</ele>
                <time>2025-10-22T09:30:43Z</time>
            </trkpt>
            <trkpt lat="37.516804607343595" lon="126.92318275719532">
                <ele>6.038904666900635</ele>
                <time>2025-10-22T09:30:46Z</time>
            </trkpt>
            <trkpt lat="37.51676353017941" lon="126.92325478697919">
                <ele>6.020436763763428</ele>
                <time>2025-10-22T09:30:49Z</time>
            </trkpt>
            <trkpt lat="37.51672363043435" lon="126.92331824790331">
                <ele>6.1626105308532715</ele>
                <time>2025-10-22T09:30:51Z</time>
            </trkpt>
            <trkpt lat="37.51668901006476" lon="126.9233846704738">
                <ele>6.1991777420043945</ele>
                <time>2025-10-22T09:30:54Z</time>
            </trkpt>
            <trkpt lat="37.51665182361866" lon="126.9234607135775">
                <ele>6.245173454284668</ele>
                <time>2025-10-22T09:30:57Z</time>
            </trkpt>
            <trkpt lat="37.516624690004605" lon="126.92353430972744">
                <ele>6.307738780975342</ele>
                <time>2025-10-22T09:31:00Z</time>
            </trkpt>
            <trkpt lat="37.51662662260752" lon="126.92364731820122">
                <ele>6.0024919509887695</ele>
                <time>2025-10-22T09:31:03Z</time>
            </trkpt>
            <trkpt lat="37.516585464943496" lon="126.92373925345692">
                <ele>6.03585147857666</ele>
                <time>2025-10-22T09:31:07Z</time>
            </trkpt>
            <trkpt lat="37.51655646194954" lon="126.92381929047106">
                <ele>6.102849006652832</ele>
                <time>2025-10-22T09:31:10Z</time>
            </trkpt>
            <trkpt lat="37.516519137259586" lon="126.9238942863922">
                <ele>6.477964878082275</ele>
                <time>2025-10-22T09:31:13Z</time>
            </trkpt>
            <trkpt lat="37.51648339270603" lon="126.92396098507244">
                <ele>6.346175670623779</ele>
                <time>2025-10-22T09:31:17Z</time>
            </trkpt>
            <trkpt lat="37.51646037207979" lon="126.9240610744818">
                <ele>6.278576850891113</ele>
                <time>2025-10-22T09:31:20Z</time>
            </trkpt>
            <trkpt lat="37.5164469020631" lon="126.92414991886396">
                <ele>6.0939555168151855</ele>
                <time>2025-10-22T09:31:23Z</time>
            </trkpt>
            <trkpt lat="37.51643620699992" lon="126.9242310927346">
                <ele>6.1494622230529785</ele>
                <time>2025-10-22T09:31:26Z</time>
            </trkpt>
            <trkpt lat="37.516377159073315" lon="126.92432251879394">
                <ele>6.262514591217041</ele>
                <time>2025-10-22T09:31:30Z</time>
            </trkpt>
            <trkpt lat="37.516352402891414" lon="126.92440302601014">
                <ele>6.2550787925720215</ele>
                <time>2025-10-22T09:31:33Z</time>
            </trkpt>
            <trkpt lat="37.51630834224468" lon="126.92447284685723">
                <ele>6.430042743682861</ele>
                <time>2025-10-22T09:31:37Z</time>
            </trkpt>
            <trkpt lat="37.51628967337078" lon="126.92458789552585">
                <ele>6.291972637176514</ele>
                <time>2025-10-22T09:31:40Z</time>
            </trkpt>
            <trkpt lat="37.51626061936047" lon="126.92471971124253">
                <ele>6.2597198486328125</ele>
                <time>2025-10-22T09:31:43Z</time>
            </trkpt>
            <trkpt lat="37.51623480873191" lon="126.9247967792823">
                <ele>6.310838222503662</ele>
                <time>2025-10-22T09:31:46Z</time>
            </trkpt>
            <trkpt lat="37.51619774834752" lon="126.92486246782055">
                <ele>6.390630722045898</ele>
                <time>2025-10-22T09:31:49Z</time>
            </trkpt>
            <trkpt lat="37.516161012906956" lon="126.92494664304623">
                <ele>6.469707489013672</ele>
                <time>2025-10-22T09:31:52Z</time>
            </trkpt>
            <trkpt lat="37.51615628841919" lon="126.92504069317756">
                <ele>6.445379734039307</ele>
                <time>2025-10-22T09:31:54Z</time>
            </trkpt>
            <trkpt lat="37.51613145665883" lon="126.92511801124171">
                <ele>6.4944682121276855</ele>
                <time>2025-10-22T09:31:58Z</time>
            </trkpt>
            <trkpt lat="37.51609967730713" lon="126.92521727527043">
                <ele>6.509241104125977</ele>
                <time>2025-10-22T09:32:02Z</time>
            </trkpt>
            <trkpt lat="37.516066345902786" lon="126.92528724472825">
                <ele>6.523069381713867</ele>
                <time>2025-10-22T09:32:05Z</time>
            </trkpt>
            <trkpt lat="37.516011062774986" lon="126.92535121163203">
                <ele>6.468053817749023</ele>
                <time>2025-10-22T09:32:08Z</time>
            </trkpt>
            <trkpt lat="37.51599701079267" lon="126.92544236226496">
                <ele>6.556577682495117</ele>
                <time>2025-10-22T09:32:13Z</time>
            </trkpt>
            <trkpt lat="37.51595991004867" lon="126.92551857991782">
                <ele>6.459909915924072</ele>
                <time>2025-10-22T09:32:16Z</time>
            </trkpt>
            <trkpt lat="37.515967189105915" lon="126.92560985975248">
                <ele>6.52461051940918</ele>
                <time>2025-10-22T09:32:19Z</time>
            </trkpt>
            <trkpt lat="37.51595394094216" lon="126.92571261088966">
                <ele>6.493307590484619</ele>
                <time>2025-10-22T09:32:22Z</time>
            </trkpt>
            <trkpt lat="37.515935364742006" lon="126.92582256133939">
                <ele>6.495434284210205</ele>
                <time>2025-10-22T09:32:25Z</time>
            </trkpt>
            <trkpt lat="37.51593193195376" lon="126.92590504429847">
                <ele>6.47121000289917</ele>
                <time>2025-10-22T09:32:28Z</time>
            </trkpt>
            <trkpt lat="37.51590281064803" lon="126.9260103163814">
                <ele>6.513976097106934</ele>
                <time>2025-10-22T09:32:32Z</time>
            </trkpt>
            <trkpt lat="37.51587025461239" lon="126.92607915467774">
                <ele>6.311804294586182</ele>
                <time>2025-10-22T09:32:35Z</time>
            </trkpt>
            <trkpt lat="37.515871514081894" lon="126.92617300682105">
                <ele>6.549848556518555</ele>
                <time>2025-10-22T09:32:38Z</time>
            </trkpt>
            <trkpt lat="37.5158551675465" lon="126.92625806976756">
                <ele>6.554913520812988</ele>
                <time>2025-10-22T09:32:41Z</time>
            </trkpt>
            <trkpt lat="37.51582948989153" lon="126.92634926171787">
                <ele>6.616335868835449</ele>
                <time>2025-10-22T09:32:44Z</time>
            </trkpt>
            <trkpt lat="37.51582805365102" lon="126.92643821229582">
                <ele>6.6259026527404785</ele>
                <time>2025-10-22T09:32:47Z</time>
            </trkpt>
            <trkpt lat="37.51580281919907" lon="126.92653500616504">
                <ele>6.733456611633301</ele>
                <time>2025-10-22T09:32:51Z</time>
            </trkpt>
            <trkpt lat="37.5157785651457" lon="126.92661821912472">
                <ele>6.7905659675598145</ele>
                <time>2025-10-22T09:32:54Z</time>
            </trkpt>
            <trkpt lat="37.51576890998075" lon="126.92670368222953">
                <ele>6.683347702026367</ele>
                <time>2025-10-22T09:32:57Z</time>
            </trkpt>
            <trkpt lat="37.51576696276374" lon="126.92680694756271">
                <ele>6.68363618850708</ele>
                <time>2025-10-22T09:33:01Z</time>
            </trkpt>
            <trkpt lat="37.515751162787666" lon="126.9269070558851">
                <ele>6.7062764167785645</ele>
                <time>2025-10-22T09:33:05Z</time>
            </trkpt>
            <trkpt lat="37.51572351155716" lon="126.9269835687906">
                <ele>6.663646221160889</ele>
                <time>2025-10-22T09:33:07Z</time>
            </trkpt>
            <trkpt lat="37.515714471039125" lon="126.92707524333966">
                <ele>6.616179466247559</ele>
                <time>2025-10-22T09:33:11Z</time>
            </trkpt>
            <trkpt lat="37.51570469120539" lon="126.92716577197632">
                <ele>6.708205223083496</ele>
                <time>2025-10-22T09:33:15Z</time>
            </trkpt>
            <trkpt lat="37.51567510114655" lon="126.9272389219991">
                <ele>6.649205207824707</ele>
                <time>2025-10-22T09:33:17Z</time>
            </trkpt>
            <trkpt lat="37.51563675123789" lon="126.92731290284698">
                <ele>7.044549942016602</ele>
                <time>2025-10-22T09:33:20Z</time>
            </trkpt>
            <trkpt lat="37.515637563711955" lon="126.92739919747721">
                <ele>7.24729585647583</ele>
                <time>2025-10-22T09:33:23Z</time>
            </trkpt>
            <trkpt lat="37.515630033483646" lon="126.92749967370318">
                <ele>7.057130813598633</ele>
                <time>2025-10-22T09:33:27Z</time>
            </trkpt>
            <trkpt lat="37.515627527946386" lon="126.9275837737614">
                <ele>7.404271602630615</ele>
                <time>2025-10-22T09:33:30Z</time>
            </trkpt>
            <trkpt lat="37.515614697644146" lon="126.92766565857156">
                <ele>7.465479850769043</ele>
                <time>2025-10-22T09:33:33Z</time>
            </trkpt>
            <trkpt lat="37.515608189574586" lon="126.92774952154105">
                <ele>7.752358436584473</ele>
                <time>2025-10-22T09:33:36Z</time>
            </trkpt>
            <trkpt lat="37.51563426223854" lon="126.92782795448551">
                <ele>6.554119110107422</ele>
                <time>2025-10-22T09:33:37Z</time>
            </trkpt>
            <trkpt lat="37.51557075293297" lon="126.92791113568913">
                <ele>7.376169681549072</ele>
                <time>2025-10-22T09:33:41Z</time>
            </trkpt>
            <trkpt lat="37.515581790721455" lon="126.92799421996742">
                <ele>6.561295986175537</ele>
                <time>2025-10-22T09:33:44Z</time>
            </trkpt>
            <trkpt lat="37.51559003538247" lon="126.92809693339446">
                <ele>6.599026203155518</ele>
                <time>2025-10-22T09:33:46Z</time>
            </trkpt>
            <trkpt lat="37.515649865139245" lon="126.92813895441147">
                <ele>6.449389457702637</ele>
                <time>2025-10-22T09:33:48Z</time>
            </trkpt>
            <trkpt lat="37.515629952953994" lon="126.92822002058415">
                <ele>6.43242073059082</ele>
                <time>2025-10-22T09:33:51Z</time>
            </trkpt>
            <trkpt lat="37.515602286639776" lon="126.92831291387911">
                <ele>6.467484951019287</ele>
                <time>2025-10-22T09:33:54Z</time>
            </trkpt>
            <trkpt lat="37.51559484984631" lon="126.92842035582062">
                <ele>6.51163387298584</ele>
                <time>2025-10-22T09:33:58Z</time>
            </trkpt>
            <trkpt lat="37.51557081548295" lon="126.92849377394474">
                <ele>6.591374397277832</ele>
                <time>2025-10-22T09:34:01Z</time>
            </trkpt>
            <trkpt lat="37.51556593837987" lon="126.92858417684036">
                <ele>6.625821590423584</ele>
                <time>2025-10-22T09:34:04Z</time>
            </trkpt>
            <trkpt lat="37.51556263131273" lon="126.9286894670176">
                <ele>6.689197063446045</ele>
                <time>2025-10-22T09:34:08Z</time>
            </trkpt>
            <trkpt lat="37.51555292666265" lon="126.92877836628662">
                <ele>6.693802356719971</ele>
                <time>2025-10-22T09:34:11Z</time>
            </trkpt>
            <trkpt lat="37.5155474868909" lon="126.92887810970706">
                <ele>6.7007670402526855</ele>
                <time>2025-10-22T09:34:14Z</time>
            </trkpt>
            <trkpt lat="37.51551694876727" lon="126.92896245519412">
                <ele>6.771209239959717</ele>
                <time>2025-10-22T09:34:17Z</time>
            </trkpt>
            <trkpt lat="37.51552263051457" lon="126.92906055956398">
                <ele>6.829620361328125</ele>
                <time>2025-10-22T09:34:20Z</time>
            </trkpt>
            <trkpt lat="37.51551830220673" lon="126.92915101675976">
                <ele>6.879239559173584</ele>
                <time>2025-10-22T09:34:24Z</time>
            </trkpt>
            <trkpt lat="37.51550310007247" lon="126.92925332066616">
                <ele>6.692347526550293</ele>
                <time>2025-10-22T09:34:27Z</time>
            </trkpt>
            <trkpt lat="37.51549309375692" lon="126.92933213050549">
                <ele>6.868933200836182</ele>
                <time>2025-10-22T09:34:30Z</time>
            </trkpt>
            <trkpt lat="37.5154915877486" lon="126.92944077631805">
                <ele>6.962059020996094</ele>
                <time>2025-10-22T09:34:34Z</time>
            </trkpt>
            <trkpt lat="37.515486776908766" lon="126.92952265107111">
                <ele>6.983978271484375</ele>
                <time>2025-10-22T09:34:37Z</time>
            </trkpt>
            <trkpt lat="37.51549060357827" lon="126.92961506291445">
                <ele>6.944209575653076</ele>
                <time>2025-10-22T09:34:40Z</time>
            </trkpt>
            <trkpt lat="37.515488643414415" lon="126.92971817825749">
                <ele>6.9922099113464355</ele>
                <time>2025-10-22T09:34:44Z</time>
            </trkpt>
            <trkpt lat="37.51549244110983" lon="126.92979746563067">
                <ele>7.0268683433532715</ele>
                <time>2025-10-22T09:34:47Z</time>
            </trkpt>
            <trkpt lat="37.515506710135696" lon="126.92989737297735">
                <ele>6.903764724731445</ele>
                <time>2025-10-22T09:34:51Z</time>
            </trkpt>
            <trkpt lat="37.515491248203915" lon="126.92999066002477">
                <ele>7.116084098815918</ele>
                <time>2025-10-22T09:34:54Z</time>
            </trkpt>
            <trkpt lat="37.51551257341201" lon="126.93009144267361">
                <ele>7.059365272521973</ele>
                <time>2025-10-22T09:34:58Z</time>
            </trkpt>
            <trkpt lat="37.51549895206376" lon="126.93018376865405">
                <ele>7.178863048553467</ele>
                <time>2025-10-22T09:35:02Z</time>
            </trkpt>
            <trkpt lat="37.51547837551487" lon="126.93026880920083">
                <ele>7.280547142028809</ele>
                <time>2025-10-22T09:35:05Z</time>
            </trkpt>
            <trkpt lat="37.51545822788042" lon="126.93034690087266">
                <ele>7.2559814453125</ele>
                <time>2025-10-22T09:35:08Z</time>
            </trkpt>
            <trkpt lat="37.51548026695623" lon="126.93045291101363">
                <ele>7.430722236633301</ele>
                <time>2025-10-22T09:35:11Z</time>
            </trkpt>
            <trkpt lat="37.51546440403556" lon="126.93055195502507">
                <ele>7.355557441711426</ele>
                <time>2025-10-22T09:35:14Z</time>
            </trkpt>
            <trkpt lat="37.515460418312585" lon="126.93065707805627">
                <ele>7.351800441741943</ele>
                <time>2025-10-22T09:35:18Z</time>
            </trkpt>
            <trkpt lat="37.51547850045812" lon="126.93074815202795">
                <ele>7.615708827972412</ele>
                <time>2025-10-22T09:35:21Z</time>
            </trkpt>
            <trkpt lat="37.51548754157547" lon="126.93085136994212">
                <ele>7.568018913269043</ele>
                <time>2025-10-22T09:35:24Z</time>
            </trkpt>
            <trkpt lat="37.51549087862875" lon="126.93094694783765">
                <ele>7.580501556396484</ele>
                <time>2025-10-22T09:35:27Z</time>
            </trkpt>
            <trkpt lat="37.515498298211526" lon="126.93103259915297">
                <ele>7.5390167236328125</ele>
                <time>2025-10-22T09:35:30Z</time>
            </trkpt>
            <trkpt lat="37.515488355651215" lon="126.93112866211426">
                <ele>7.579827785491943</ele>
                <time>2025-10-22T09:35:33Z</time>
            </trkpt>
            <trkpt lat="37.51547169841907" lon="126.93122861006282">
                <ele>6.948602199554443</ele>
                <time>2025-10-22T09:35:36Z</time>
            </trkpt>
            <trkpt lat="37.515474292989964" lon="126.93132652215164">
                <ele>6.8800225257873535</ele>
                <time>2025-10-22T09:35:39Z</time>
            </trkpt>
            <trkpt lat="37.51546801866216" lon="126.93142231580215">
                <ele>7.70773983001709</ele>
                <time>2025-10-22T09:35:42Z</time>
            </trkpt>
            <trkpt lat="37.51548720065107" lon="126.93150181072977">
                <ele>7.208192825317383</ele>
                <time>2025-10-22T09:35:45Z</time>
            </trkpt>
            <trkpt lat="37.515511669379315" lon="126.93158697939963">
                <ele>7.566351413726807</ele>
                <time>2025-10-22T09:35:49Z</time>
            </trkpt>
            <trkpt lat="37.515535622977104" lon="126.93167916304316">
                <ele>7.649336814880371</ele>
                <time>2025-10-22T09:35:53Z</time>
            </trkpt>
            <trkpt lat="37.51552089815201" lon="126.93177511586576">
                <ele>6.748919486999512</ele>
                <time>2025-10-22T09:35:56Z</time>
            </trkpt>
            <trkpt lat="37.515531188950796" lon="126.9318643444737">
                <ele>7.489064693450928</ele>
                <time>2025-10-22T09:35:59Z</time>
            </trkpt>
            <trkpt lat="37.51557863318053" lon="126.9319690517398">
                <ele>7.429082870483398</ele>
                <time>2025-10-22T09:36:02Z</time>
            </trkpt>
            <trkpt lat="37.51558228603697" lon="126.93208814880956">
                <ele>7.49916934967041</ele>
                <time>2025-10-22T09:36:06Z</time>
            </trkpt>
            <trkpt lat="37.515598258618205" lon="126.93219296525248">
                <ele>7.503393650054932</ele>
                <time>2025-10-22T09:36:10Z</time>
            </trkpt>
            <trkpt lat="37.51559415008505" lon="126.93228834836225">
                <ele>7.596766948699951</ele>
                <time>2025-10-22T09:36:15Z</time>
            </trkpt>
            <trkpt lat="37.5156051361812" lon="126.93238615865134">
                <ele>7.609978199005127</ele>
                <time>2025-10-22T09:36:18Z</time>
            </trkpt>
            <trkpt lat="37.51561053080089" lon="126.9324674461187">
                <ele>7.269075393676758</ele>
                <time>2025-10-22T09:36:21Z</time>
            </trkpt>
            <trkpt lat="37.51562799630527" lon="126.9325513389108">
                <ele>7.607254981994629</ele>
                <time>2025-10-22T09:36:24Z</time>
            </trkpt>
            <trkpt lat="37.515631561721" lon="126.93263415566246">
                <ele>7.279061794281006</ele>
                <time>2025-10-22T09:36:26Z</time>
            </trkpt>
            <trkpt lat="37.51564696892467" lon="126.93273521962838">
                <ele>7.0057573318481445</ele>
                <time>2025-10-22T09:36:29Z</time>
            </trkpt>
            <trkpt lat="37.51566879549448" lon="126.93282252691135">
                <ele>7.577871322631836</ele>
                <time>2025-10-22T09:36:33Z</time>
            </trkpt>
            <trkpt lat="37.51566743512443" lon="126.93292303524304">
                <ele>6.758419513702393</ele>
                <time>2025-10-22T09:36:36Z</time>
            </trkpt>
            <trkpt lat="37.515683517828066" lon="126.9330105472261">
                <ele>6.872821807861328</ele>
                <time>2025-10-22T09:36:40Z</time>
            </trkpt>
            <trkpt lat="37.51569551839612" lon="126.93309221603992">
                <ele>6.951904773712158</ele>
                <time>2025-10-22T09:36:45Z</time>
            </trkpt>
            <trkpt lat="37.515707864639865" lon="126.93319268608147">
                <ele>7.159999370574951</ele>
                <time>2025-10-22T09:36:48Z</time>
            </trkpt>
            <trkpt lat="37.515725715622" lon="126.93329194142811">
                <ele>7.402858734130859</ele>
                <time>2025-10-22T09:36:53Z</time>
            </trkpt>
            <trkpt lat="37.51573863872373" lon="126.93338740842144">
                <ele>6.964272975921631</ele>
                <time>2025-10-22T09:36:56Z</time>
            </trkpt>
            <trkpt lat="37.51577322367334" lon="126.93347399448646">
                <ele>7.4999284744262695</ele>
                <time>2025-10-22T09:36:59Z</time>
            </trkpt>
            <trkpt lat="37.51576924392379" lon="126.93355496035915">
                <ele>7.115620136260986</ele>
                <time>2025-10-22T09:37:01Z</time>
            </trkpt>
            <trkpt lat="37.51579241657198" lon="126.93365148018941">
                <ele>7.428610324859619</ele>
                <time>2025-10-22T09:37:05Z</time>
            </trkpt>
            <trkpt lat="37.51581927644192" lon="126.93375876886978">
                <ele>7.304827690124512</ele>
                <time>2025-10-22T09:37:08Z</time>
            </trkpt>
            <trkpt lat="37.51580673726852" lon="126.93384020337837">
                <ele>7.136235237121582</ele>
                <time>2025-10-22T09:37:12Z</time>
            </trkpt>
            <trkpt lat="37.515843029319576" lon="126.93395026254849">
                <ele>6.974660873413086</ele>
                <time>2025-10-22T09:37:15Z</time>
            </trkpt>
            <trkpt lat="37.51586346807203" lon="126.9340342816485">
                <ele>7.702172756195068</ele>
                <time>2025-10-22T09:37:18Z</time>
            </trkpt>
            <trkpt lat="37.51590052532598" lon="126.93413389730529">
                <ele>7.210806369781494</ele>
                <time>2025-10-22T09:37:21Z</time>
            </trkpt>
            <trkpt lat="37.51591010415656" lon="126.93423135417774">
                <ele>7.486875057220459</ele>
                <time>2025-10-22T09:37:24Z</time>
            </trkpt>
            <trkpt lat="37.51594076241936" lon="126.93432672601664">
                <ele>7.493137359619141</ele>
                <time>2025-10-22T09:37:28Z</time>
            </trkpt>
            <trkpt lat="37.51594057002975" lon="126.93443165005786">
                <ele>7.487331867218018</ele>
                <time>2025-10-22T09:37:32Z</time>
            </trkpt>
            <trkpt lat="37.51595266556727" lon="126.93451091871715">
                <ele>7.468050956726074</ele>
                <time>2025-10-22T09:37:35Z</time>
            </trkpt>
            <trkpt lat="37.515967645925436" lon="126.93458794589239">
                <ele>7.3286356925964355</ele>
                <time>2025-10-22T09:37:38Z</time>
            </trkpt>
            <trkpt lat="37.51599489120737" lon="126.93467313422309">
                <ele>6.930192947387695</ele>
                <time>2025-10-22T09:37:42Z</time>
            </trkpt>
            <trkpt lat="37.51600798740862" lon="126.9347581113559">
                <ele>7.550478935241699</ele>
                <time>2025-10-22T09:37:45Z</time>
            </trkpt>
            <trkpt lat="37.51603468439561" lon="126.93485913779827">
                <ele>7.7529120445251465</ele>
                <time>2025-10-22T09:37:48Z</time>
            </trkpt>
            <trkpt lat="37.516053147723646" lon="126.93494940204421">
                <ele>7.774662017822266</ele>
                <time>2025-10-22T09:37:51Z</time>
            </trkpt>
            <trkpt lat="37.51606353454715" lon="126.93502887999496">
                <ele>7.714728832244873</ele>
                <time>2025-10-22T09:37:53Z</time>
            </trkpt>
            <trkpt lat="37.51608561883225" lon="126.93512900974305">
                <ele>7.963232040405273</ele>
                <time>2025-10-22T09:37:57Z</time>
            </trkpt>
            <trkpt lat="37.51609631541847" lon="126.93522850174433">
                <ele>7.734136581420898</ele>
                <time>2025-10-22T09:38:01Z</time>
            </trkpt>
            <trkpt lat="37.51610180660808" lon="126.9353310055076">
                <ele>9.376060485839844</ele>
                <time>2025-10-22T09:38:04Z</time>
            </trkpt>
            <trkpt lat="37.51612638080449" lon="126.93542933361967">
                <ele>9.26848316192627</ele>
                <time>2025-10-22T09:38:08Z</time>
            </trkpt>
            <trkpt lat="37.516165881151586" lon="126.93552334358348">
                <ele>7.968269348144531</ele>
                <time>2025-10-22T09:38:12Z</time>
            </trkpt>
            <trkpt lat="37.51617718809628" lon="126.9356360026997">
                <ele>7.6492018699646</ele>
                <time>2025-10-22T09:38:15Z</time>
            </trkpt>
            <trkpt lat="37.51618019666206" lon="126.93572564692755">
                <ele>8.116620063781738</ele>
                <time>2025-10-22T09:38:18Z</time>
            </trkpt>
            <trkpt lat="37.51621998658184" lon="126.93581580004762">
                <ele>8.086054801940918</ele>
                <time>2025-10-22T09:38:21Z</time>
            </trkpt>
            <trkpt lat="37.51624977890483" lon="126.93591080661704">
                <ele>8.297231674194336</ele>
                <time>2025-10-22T09:38:24Z</time>
            </trkpt>
            <trkpt lat="37.51627761701534" lon="126.93600216870809">
                <ele>8.40821361541748</ele>
                <time>2025-10-22T09:38:28Z</time>
            </trkpt>
            <trkpt lat="37.51627520478598" lon="126.93611582321424">
                <ele>8.15843677520752</ele>
                <time>2025-10-22T09:38:31Z</time>
            </trkpt>
            <trkpt lat="37.516288845685814" lon="126.93619848619234">
                <ele>7.686387538909912</ele>
                <time>2025-10-22T09:38:34Z</time>
            </trkpt>
            <trkpt lat="37.5163258501266" lon="126.93629780490456">
                <ele>7.884267330169678</ele>
                <time>2025-10-22T09:38:37Z</time>
            </trkpt>
            <trkpt lat="37.51634955789285" lon="126.93637427004926">
                <ele>8.36734390258789</ele>
                <time>2025-10-22T09:38:40Z</time>
            </trkpt>
            <trkpt lat="37.51636045593207" lon="126.9364719588374">
                <ele>7.922021865844727</ele>
                <time>2025-10-22T09:38:43Z</time>
            </trkpt>
            <trkpt lat="37.51639896691109" lon="126.93654340073779">
                <ele>8.406954765319824</ele>
                <time>2025-10-22T09:38:46Z</time>
            </trkpt>
            <trkpt lat="37.516413666662984" lon="126.93663713717359">
                <ele>8.252310752868652</ele>
                <time>2025-10-22T09:38:49Z</time>
            </trkpt>
            <trkpt lat="37.516409086928036" lon="126.9367179705697">
                <ele>7.736967086791992</ele>
                <time>2025-10-22T09:38:52Z</time>
            </trkpt>
            <trkpt lat="37.51645289539494" lon="126.93680633183325">
                <ele>8.055798530578613</ele>
                <time>2025-10-22T09:38:55Z</time>
            </trkpt>
            <trkpt lat="37.51647502363797" lon="126.93689911110738">
                <ele>8.028529167175293</ele>
                <time>2025-10-22T09:38:59Z</time>
            </trkpt>
            <trkpt lat="37.516498182477825" lon="126.93699289654214">
                <ele>8.097990989685059</ele>
                <time>2025-10-22T09:39:02Z</time>
            </trkpt>
            <trkpt lat="37.51651487439088" lon="126.93708396284951">
                <ele>8.041863441467285</ele>
                <time>2025-10-22T09:39:05Z</time>
            </trkpt>
            <trkpt lat="37.516522410646566" lon="126.93716871763857">
                <ele>7.920721054077148</ele>
                <time>2025-10-22T09:39:08Z</time>
            </trkpt>
            <trkpt lat="37.51655936286941" lon="126.93723528650887">
                <ele>8.22705078125</ele>
                <time>2025-10-22T09:39:10Z</time>
            </trkpt>
            <trkpt lat="37.51658725746121" lon="126.93731996891556">
                <ele>8.264789581298828</ele>
                <time>2025-10-22T09:39:13Z</time>
            </trkpt>
            <trkpt lat="37.51660615600434" lon="126.93740266860162">
                <ele>8.215219497680664</ele>
                <time>2025-10-22T09:39:16Z</time>
            </trkpt>
            <trkpt lat="37.51662652394377" lon="126.93749196061464">
                <ele>8.217671394348145</ele>
                <time>2025-10-22T09:39:20Z</time>
            </trkpt>
            <trkpt lat="37.51663955102322" lon="126.93759235856807">
                <ele>7.85406494140625</ele>
                <time>2025-10-22T09:39:24Z</time>
            </trkpt>
            <trkpt lat="37.516652459815745" lon="126.93767098072789">
                <ele>7.985812664031982</ele>
                <time>2025-10-22T09:39:27Z</time>
            </trkpt>
            <trkpt lat="37.516667705907246" lon="126.93776697745706">
                <ele>7.657789707183838</ele>
                <time>2025-10-22T09:39:31Z</time>
            </trkpt>
            <trkpt lat="37.51669224310296" lon="126.93784162392413">
                <ele>7.629602909088135</ele>
                <time>2025-10-22T09:39:34Z</time>
            </trkpt>
            <trkpt lat="37.51671164470641" lon="126.93791773254195">
                <ele>7.2424397468566895</ele>
                <time>2025-10-22T09:39:36Z</time>
            </trkpt>
            <trkpt lat="37.51673128298044" lon="126.93800821896649">
                <ele>7.427224636077881</ele>
                <time>2025-10-22T09:39:40Z</time>
            </trkpt>
            <trkpt lat="37.516736882842444" lon="126.93810254685393">
                <ele>7.835728645324707</ele>
                <time>2025-10-22T09:39:43Z</time>
            </trkpt>
            <trkpt lat="37.51672967489268" lon="126.93820350432273">
                <ele>8.235032081604004</ele>
                <time>2025-10-22T09:39:48Z</time>
            </trkpt>
            <trkpt lat="37.5167568156109" lon="126.93829051418781">
                <ele>8.064517974853516</ele>
                <time>2025-10-22T09:39:51Z</time>
            </trkpt>
            <trkpt lat="37.51679579752587" lon="126.93836675538087">
                <ele>7.755701065063477</ele>
                <time>2025-10-22T09:39:53Z</time>
            </trkpt>
            <trkpt lat="37.516857392393334" lon="126.93841269521411">
                <ele>7.328018665313721</ele>
                <time>2025-10-22T09:39:55Z</time>
            </trkpt>
            <trkpt lat="37.51688741711393" lon="126.93848565453223">
                <ele>7.570870399475098</ele>
                <time>2025-10-22T09:39:58Z</time>
            </trkpt>
            <trkpt lat="37.51691262034951" lon="126.938578977461">
                <ele>7.194474697113037</ele>
                <time>2025-10-22T09:40:00Z</time>
            </trkpt>
            <trkpt lat="37.51694018141309" lon="126.93867850839972">
                <ele>6.867816925048828</ele>
                <time>2025-10-22T09:40:03Z</time>
            </trkpt>
            <trkpt lat="37.516956969420704" lon="126.93875823428229">
                <ele>7.118896484375</ele>
                <time>2025-10-22T09:40:06Z</time>
            </trkpt>
            <trkpt lat="37.51698813740884" lon="126.93885328089569">
                <ele>6.372743129730225</ele>
                <time>2025-10-22T09:40:09Z</time>
            </trkpt>
            <trkpt lat="37.517002071537775" lon="126.93894607249975">
                <ele>9.287432670593262</ele>
                <time>2025-10-22T09:40:12Z</time>
            </trkpt>
            <trkpt lat="37.51700860013604" lon="126.93905366591768">
                <ele>8.72968864440918</ele>
                <time>2025-10-22T09:40:15Z</time>
            </trkpt>
            <trkpt lat="37.51701281068619" lon="126.93915686976399">
                <ele>6.917144775390625</ele>
                <time>2025-10-22T09:40:19Z</time>
            </trkpt>
            <trkpt lat="37.51704667809438" lon="126.93924466877165">
                <ele>5.966672420501709</ele>
                <time>2025-10-22T09:40:22Z</time>
            </trkpt>
            <trkpt lat="37.51707750263932" lon="126.93933137634261">
                <ele>3.772986650466919</ele>
                <time>2025-10-22T09:40:26Z</time>
            </trkpt>
            <trkpt lat="37.51709289208924" lon="126.93941542737431">
                <ele>4.738860607147217</ele>
                <time>2025-10-22T09:40:31Z</time>
            </trkpt>
            <trkpt lat="37.51709983213281" lon="126.93951449841475">
                <ele>5.9340291023254395</ele>
                <time>2025-10-22T09:40:33Z</time>
            </trkpt>
            <trkpt lat="37.517094144263524" lon="126.9395971013754">
                <ele>10.123014450073242</ele>
                <time>2025-10-22T09:40:35Z</time>
            </trkpt>
            <trkpt lat="37.51711429394479" lon="126.93968699567338">
                <ele>10.00831127166748</ele>
                <time>2025-10-22T09:40:39Z</time>
            </trkpt>
            <trkpt lat="37.51713350116359" lon="126.93976558617796">
                <ele>9.448670387268066</ele>
                <time>2025-10-22T09:40:42Z</time>
            </trkpt>
            <trkpt lat="37.51716894040588" lon="126.93983257382693">
                <ele>8.883305549621582</ele>
                <time>2025-10-22T09:40:44Z</time>
            </trkpt>
            <trkpt lat="37.51717102745975" lon="126.93994231585388">
                <ele>10.913410186767578</ele>
                <time>2025-10-22T09:40:47Z</time>
            </trkpt>
            <trkpt lat="37.5172109102746" lon="126.9400255174185">
                <ele>9.411858558654785</ele>
                <time>2025-10-22T09:40:50Z</time>
            </trkpt>
            <trkpt lat="37.5172399681337" lon="126.94013362925324">
                <ele>8.305353164672852</ele>
                <time>2025-10-22T09:40:53Z</time>
            </trkpt>
            <trkpt lat="37.51727716337317" lon="126.9402046818032">
                <ele>7.685958385467529</ele>
                <time>2025-10-22T09:40:55Z</time>
            </trkpt>
            <trkpt lat="37.517293588848204" lon="126.94028927763549">
                <ele>6.11130428314209</ele>
                <time>2025-10-22T09:40:58Z</time>
            </trkpt>
            <trkpt lat="37.51731543783813" lon="126.94037731589574">
                <ele>4.075596809387207</ele>
                <time>2025-10-22T09:41:01Z</time>
            </trkpt>
            <trkpt lat="37.5173383218707" lon="126.94045333670923">
                <ele>3.3366947174072266</ele>
                <time>2025-10-22T09:41:04Z</time>
            </trkpt>
            <trkpt lat="37.51735852373393" lon="126.94053643852912">
                <ele>2.2706778049468994</ele>
                <time>2025-10-22T09:41:07Z</time>
            </trkpt>
            <trkpt lat="37.51738152001483" lon="126.94062367173089">
                <ele>8.43736457824707</ele>
                <time>2025-10-22T09:41:10Z</time>
            </trkpt>
            <trkpt lat="37.51741112205825" lon="126.94074781068662">
                <ele>8.47184944152832</ele>
                <time>2025-10-22T09:41:14Z</time>
            </trkpt>
            <trkpt lat="37.5174599245493" lon="126.94082768469482">
                <ele>5.2916765213012695</ele>
                <time>2025-10-22T09:41:18Z</time>
            </trkpt>
            <trkpt lat="37.51745748698123" lon="126.94092358556986">
                <ele>5.525095462799072</ele>
                <time>2025-10-22T09:41:21Z</time>
            </trkpt>
            <trkpt lat="37.51746274442852" lon="126.94101822977616">
                <ele>5.949645519256592</ele>
                <time>2025-10-22T09:41:24Z</time>
            </trkpt>
            <trkpt lat="37.51748975128631" lon="126.94109501906642">
                <ele>5.700265407562256</ele>
                <time>2025-10-22T09:41:27Z</time>
            </trkpt>
            <trkpt lat="37.51750130496813" lon="126.94117692680912">
                <ele>4.922484397888184</ele>
                <time>2025-10-22T09:41:30Z</time>
            </trkpt>
            <trkpt lat="37.51752266947088" lon="126.94126975806037">
                <ele>7.789742946624756</ele>
                <time>2025-10-22T09:41:33Z</time>
            </trkpt>
            <trkpt lat="37.51754557146476" lon="126.94134647735503">
                <ele>7.890382766723633</ele>
                <time>2025-10-22T09:41:36Z</time>
            </trkpt>
            <trkpt lat="37.51756741812585" lon="126.94143036357536">
                <ele>10.113810539245605</ele>
                <time>2025-10-22T09:41:40Z</time>
            </trkpt>
            <trkpt lat="37.51759342693613" lon="126.9415251008106">
                <ele>8.927273750305176</ele>
                <time>2025-10-22T09:41:43Z</time>
            </trkpt>
            <trkpt lat="37.517641431031336" lon="126.94162730242738">
                <ele>6.500512599945068</ele>
                <time>2025-10-22T09:41:46Z</time>
            </trkpt>
            <trkpt lat="37.51767192367078" lon="126.94170024709194">
                <ele>5.8264360427856445</ele>
                <time>2025-10-22T09:41:49Z</time>
            </trkpt>
            <trkpt lat="37.51770905441876" lon="126.94179552207916">
                <ele>3.2770001888275146</ele>
                <time>2025-10-22T09:41:53Z</time>
            </trkpt>
            <trkpt lat="37.51774237189164" lon="126.9418647900149">
                <ele>2.965925693511963</ele>
                <time>2025-10-22T09:41:56Z</time>
            </trkpt>
            <trkpt lat="37.51774339347169" lon="126.9419473877272">
                <ele>3.16965651512146</ele>
                <time>2025-10-22T09:42:00Z</time>
            </trkpt>
            <trkpt lat="37.517744271055015" lon="126.9420410097707">
                <ele>6.540780067443848</ele>
                <time>2025-10-22T09:42:02Z</time>
            </trkpt>
            <trkpt lat="37.51773753856935" lon="126.94214437217438">
                <ele>9.112338066101074</ele>
                <time>2025-10-22T09:42:05Z</time>
            </trkpt>
            <trkpt lat="37.517760839194985" lon="126.94224248144499">
                <ele>8.782553672790527</ele>
                <time>2025-10-22T09:42:08Z</time>
            </trkpt>
            <trkpt lat="37.517750908735216" lon="126.94233283638351">
                <ele>7.593990802764893</ele>
                <time>2025-10-22T09:42:11Z</time>
            </trkpt>
            <trkpt lat="37.51772257339621" lon="126.94240391821894">
                <ele>7.445222854614258</ele>
                <time>2025-10-22T09:42:13Z</time>
            </trkpt>
            <trkpt lat="37.517705317212304" lon="126.94248097765569">
                <ele>7.3398356437683105</ele>
                <time>2025-10-22T09:42:16Z</time>
            </trkpt>
            <trkpt lat="37.51767787328128" lon="126.9425574562283">
                <ele>7.275413513183594</ele>
                <time>2025-10-22T09:42:21Z</time>
            </trkpt>
            <trkpt lat="37.51759905347141" lon="126.94252036041303">
                <ele>7.790158748626709</ele>
                <time>2025-10-22T09:42:24Z</time>
            </trkpt>
            <trkpt lat="37.517575966438976" lon="126.94244233651249">
                <ele>7.190051078796387</ele>
                <time>2025-10-22T09:42:26Z</time>
            </trkpt>
            <trkpt lat="37.517546898587526" lon="126.94236188232424">
                <ele>8.540178298950195</ele>
                <time>2025-10-22T09:42:29Z</time>
            </trkpt>
            <trkpt lat="37.51753101858866" lon="126.94228193281725">
                <ele>8.210999488830566</ele>
                <time>2025-10-22T09:42:32Z</time>
            </trkpt>
            <trkpt lat="37.51753753314597" lon="126.94219982618222">
                <ele>7.178503036499023</ele>
                <time>2025-10-22T09:42:35Z</time>
            </trkpt>
            <trkpt lat="37.51753872742432" lon="126.94210791432937">
                <ele>7.406097888946533</ele>
                <time>2025-10-22T09:42:38Z</time>
            </trkpt>
            <trkpt lat="37.51759228984158" lon="126.94202334870887">
                <ele>7.374162673950195</ele>
                <time>2025-10-22T09:42:41Z</time>
            </trkpt>
            <trkpt lat="37.51764234961018" lon="126.9419545586513">
                <ele>5.1222734451293945</ele>
                <time>2025-10-22T09:42:44Z</time>
            </trkpt>
            <trkpt lat="37.51770276227869" lon="126.9418953750022">
                <ele>3.04372501373291</ele>
                <time>2025-10-22T09:42:47Z</time>
            </trkpt>
            <trkpt lat="37.517761704474765" lon="126.94184327282852">
                <ele>2.8830225467681885</ele>
                <time>2025-10-22T09:42:50Z</time>
            </trkpt>
            <trkpt lat="37.51782464134012" lon="126.94181986503396">
                <ele>4.439119338989258</ele>
                <time>2025-10-22T09:42:53Z</time>
            </trkpt>
            <trkpt lat="37.51789112342841" lon="126.9417668143075">
                <ele>5.884739875793457</ele>
                <time>2025-10-22T09:42:56Z</time>
            </trkpt>
            <trkpt lat="37.51796290819034" lon="126.9417094720215">
                <ele>6.736386775970459</ele>
                <time>2025-10-22T09:43:00Z</time>
            </trkpt>
            <trkpt lat="37.518031071354926" lon="126.94166210974794">
                <ele>7.243473529815674</ele>
                <time>2025-10-22T09:43:04Z</time>
            </trkpt>
            <trkpt lat="37.51809630186506" lon="126.9416235933071">
                <ele>7.794556617736816</ele>
                <time>2025-10-22T09:43:07Z</time>
            </trkpt>
            <trkpt lat="37.5181792279059" lon="126.941583379953">
                <ele>8.14555835723877</ele>
                <time>2025-10-22T09:43:11Z</time>
            </trkpt>
            <trkpt lat="37.518255262092524" lon="126.9415905589054">
                <ele>8.1486234664917</ele>
                <time>2025-10-22T09:43:15Z</time>
            </trkpt>
            <trkpt lat="37.51831536940238" lon="126.94155642571008">
                <ele>8.17635440826416</ele>
                <time>2025-10-22T09:43:18Z</time>
            </trkpt>
            <trkpt lat="37.51837732701437" lon="126.94153650173541">
                <ele>8.20250415802002</ele>
                <time>2025-10-22T09:43:21Z</time>
            </trkpt>
            <trkpt lat="37.51844148378" lon="126.94152225144661">
                <ele>8.487862586975098</ele>
                <time>2025-10-22T09:43:24Z</time>
            </trkpt>
            <trkpt lat="37.518524704627254" lon="126.94151249131473">
                <ele>8.235452651977539</ele>
                <time>2025-10-22T09:43:27Z</time>
            </trkpt>
            <trkpt lat="37.518590007441865" lon="126.94150724396376">
                <ele>8.127037048339844</ele>
                <time>2025-10-22T09:43:29Z</time>
            </trkpt>
            <trkpt lat="37.51866623357165" lon="126.94149293129912">
                <ele>8.11710262298584</ele>
                <time>2025-10-22T09:43:32Z</time>
            </trkpt>
            <trkpt lat="37.518732835394616" lon="126.94148414156552">
                <ele>8.126924514770508</ele>
                <time>2025-10-22T09:43:35Z</time>
            </trkpt>
            <trkpt lat="37.518808204201186" lon="126.94151451741506">
                <ele>8.065354347229004</ele>
                <time>2025-10-22T09:43:38Z</time>
            </trkpt>
            <trkpt lat="37.51888700216545" lon="126.94148393547948">
                <ele>8.122608184814453</ele>
                <time>2025-10-22T09:43:42Z</time>
            </trkpt>
            <trkpt lat="37.51896470849932" lon="126.94148153197855">
                <ele>8.053877830505371</ele>
                <time>2025-10-22T09:43:45Z</time>
            </trkpt>
            <trkpt lat="37.519048796934165" lon="126.94146391760239">
                <ele>8.177803993225098</ele>
                <time>2025-10-22T09:43:49Z</time>
            </trkpt>
            <trkpt lat="37.519118306337035" lon="126.94147357443778">
                <ele>8.1089448928833</ele>
                <time>2025-10-22T09:43:52Z</time>
            </trkpt>
            <trkpt lat="37.5191931391599" lon="126.94146629841747">
                <ele>8.361421585083008</ele>
                <time>2025-10-22T09:43:55Z</time>
            </trkpt>
            <trkpt lat="37.51926576307225" lon="126.94145047560218">
                <ele>8.268773078918457</ele>
                <time>2025-10-22T09:43:58Z</time>
            </trkpt>
            <trkpt lat="37.51934404816348" lon="126.9414864278437">
                <ele>10.675423622131348</ele>
                <time>2025-10-22T09:44:01Z</time>
            </trkpt>
            <trkpt lat="37.51941450790849" lon="126.94146039342732">
                <ele>9.828167915344238</ele>
                <time>2025-10-22T09:44:04Z</time>
            </trkpt>
            <trkpt lat="37.51948961303902" lon="126.94144133952194">
                <ele>9.42380428314209</ele>
                <time>2025-10-22T09:44:07Z</time>
            </trkpt>
            <trkpt lat="37.519557462532966" lon="126.94145612112781">
                <ele>9.476484298706055</ele>
                <time>2025-10-22T09:44:10Z</time>
            </trkpt>
            <trkpt lat="37.519637735842885" lon="126.94145570397949">
                <ele>9.47284984588623</ele>
                <time>2025-10-22T09:44:13Z</time>
            </trkpt>
            <trkpt lat="37.519703006368665" lon="126.94146279907146">
                <ele>9.488140106201172</ele>
                <time>2025-10-22T09:44:17Z</time>
            </trkpt>
            <trkpt lat="37.51977939746649" lon="126.94147069019215">
                <ele>9.499174118041992</ele>
                <time>2025-10-22T09:44:20Z</time>
            </trkpt>
            <trkpt lat="37.51985159971532" lon="126.94145214541028">
                <ele>9.554012298583984</ele>
                <time>2025-10-22T09:44:23Z</time>
            </trkpt>
            <trkpt lat="37.51993357361578" lon="126.94149950494406">
                <ele>9.665359497070312</ele>
                <time>2025-10-22T09:44:27Z</time>
            </trkpt>
            <trkpt lat="37.5200108912451" lon="126.94150175019165">
                <ele>9.898256301879883</ele>
                <time>2025-10-22T09:44:30Z</time>
            </trkpt>
            <trkpt lat="37.52007819112492" lon="126.94149577107467">
                <ele>9.94451904296875</ele>
                <time>2025-10-22T09:44:33Z</time>
            </trkpt>
            <trkpt lat="37.52014654474019" lon="126.94147221243657">
                <ele>10.082381248474121</ele>
                <time>2025-10-22T09:44:36Z</time>
            </trkpt>
            <trkpt lat="37.520212634953985" lon="126.94145907841366">
                <ele>10.216168403625488</ele>
                <time>2025-10-22T09:44:39Z</time>
            </trkpt>
            <trkpt lat="37.52028137996908" lon="126.94143342608268">
                <ele>10.160348892211914</ele>
                <time>2025-10-22T09:44:42Z</time>
            </trkpt>
            <trkpt lat="37.52035871542201" lon="126.94140068956902">
                <ele>10.159218788146973</ele>
                <time>2025-10-22T09:44:45Z</time>
            </trkpt>
            <trkpt lat="37.52042406462067" lon="126.94137634788748">
                <ele>10.193907737731934</ele>
                <time>2025-10-22T09:44:48Z</time>
            </trkpt>
            <trkpt lat="37.5204902617739" lon="126.94130998308347">
                <ele>10.044842720031738</ele>
                <time>2025-10-22T09:44:51Z</time>
            </trkpt>
            <trkpt lat="37.52054130934434" lon="126.94125877653306">
                <ele>9.959484100341797</ele>
                <time>2025-10-22T09:44:54Z</time>
            </trkpt>
            <trkpt lat="37.52061191212585" lon="126.94120401735697">
                <ele>10.002684593200684</ele>
                <time>2025-10-22T09:44:58Z</time>
            </trkpt>
            <trkpt lat="37.52066690108671" lon="126.94115973750691">
                <ele>15.422380447387695</ele>
                <time>2025-10-22T09:45:01Z</time>
            </trkpt>
            <trkpt lat="37.52072543922592" lon="126.94111839173708">
                <ele>15.667003631591797</ele>
                <time>2025-10-22T09:45:04Z</time>
            </trkpt>
            <trkpt lat="37.52078632289089" lon="126.94107474099211">
                <ele>15.689067840576172</ele>
                <time>2025-10-22T09:45:07Z</time>
            </trkpt>
            <trkpt lat="37.520839789380254" lon="126.94102772237356">
                <ele>15.640167236328125</ele>
                <time>2025-10-22T09:45:10Z</time>
            </trkpt>
            <trkpt lat="37.52091325383367" lon="126.9410104265326">
                <ele>11.122223854064941</ele>
                <time>2025-10-22T09:45:11Z</time>
            </trkpt>
            <trkpt lat="37.52097267133461" lon="126.94092531099979">
                <ele>10.027923583984375</ele>
                <time>2025-10-22T09:45:16Z</time>
            </trkpt>
            <trkpt lat="37.521015524729165" lon="126.94086683628035">
                <ele>10.07581901550293</ele>
                <time>2025-10-22T09:45:17Z</time>
            </trkpt>
            <trkpt lat="37.52105908608296" lon="126.94080557014956">
                <ele>10.130082130432129</ele>
                <time>2025-10-22T09:45:21Z</time>
            </trkpt>
            <trkpt lat="37.52111119954763" lon="126.94075626802695">
                <ele>10.178388595581055</ele>
                <time>2025-10-22T09:45:23Z</time>
            </trkpt>
            <trkpt lat="37.5211892617441" lon="126.94069350414854">
                <ele>10.328315734863281</ele>
                <time>2025-10-22T09:45:27Z</time>
            </trkpt>
            <trkpt lat="37.52126020951676" lon="126.94061766785553">
                <ele>10.348379135131836</ele>
                <time>2025-10-22T09:45:31Z</time>
            </trkpt>
            <trkpt lat="37.52131370223432" lon="126.94056202035883">
                <ele>10.431472778320312</ele>
                <time>2025-10-22T09:45:34Z</time>
            </trkpt>
            <trkpt lat="37.521386800796535" lon="126.94049963749016">
                <ele>10.398728370666504</ele>
                <time>2025-10-22T09:45:38Z</time>
            </trkpt>
            <trkpt lat="37.52144478277449" lon="126.94046335071219">
                <ele>10.285311698913574</ele>
                <time>2025-10-22T09:45:41Z</time>
            </trkpt>
            <trkpt lat="37.52150470646451" lon="126.94041831479221">
                <ele>10.29921817779541</ele>
                <time>2025-10-22T09:45:44Z</time>
            </trkpt>
            <trkpt lat="37.52155414445391" lon="126.94036389949497">
                <ele>10.26045036315918</ele>
                <time>2025-10-22T09:45:47Z</time>
            </trkpt>
            <trkpt lat="37.52161148796994" lon="126.94028882228746">
                <ele>10.306252479553223</ele>
                <time>2025-10-22T09:45:50Z</time>
            </trkpt>
            <trkpt lat="37.52165464280065" lon="126.94021352286619">
                <ele>10.345296859741211</ele>
                <time>2025-10-22T09:45:53Z</time>
            </trkpt>
            <trkpt lat="37.521731253671554" lon="126.94014692267754">
                <ele>10.271090507507324</ele>
                <time>2025-10-22T09:45:57Z</time>
            </trkpt>
            <trkpt lat="37.521781512983935" lon="126.94008178573243">
                <ele>10.190140724182129</ele>
                <time>2025-10-22T09:46:00Z</time>
            </trkpt>
            <trkpt lat="37.52182677968927" lon="126.94001162572027">
                <ele>10.339838981628418</ele>
                <time>2025-10-22T09:46:03Z</time>
            </trkpt>
            <trkpt lat="37.52187696323275" lon="126.9399493112919">
                <ele>10.327634811401367</ele>
                <time>2025-10-22T09:46:06Z</time>
            </trkpt>
            <trkpt lat="37.5219239602464" lon="126.93987812897332">
                <ele>10.31567668914795</ele>
                <time>2025-10-22T09:46:09Z</time>
            </trkpt>
            <trkpt lat="37.52197269960663" lon="126.93979825175114">
                <ele>10.372751235961914</ele>
                <time>2025-10-22T09:46:12Z</time>
            </trkpt>
            <trkpt lat="37.52202864207882" lon="126.93973488574161">
                <ele>10.393552780151367</ele>
                <time>2025-10-22T09:46:15Z</time>
            </trkpt>
            <trkpt lat="37.52207704813475" lon="126.93966271810854">
                <ele>10.293601989746094</ele>
                <time>2025-10-22T09:46:19Z</time>
            </trkpt>
            <trkpt lat="37.52212550888512" lon="126.93959945319328">
                <ele>10.420679092407227</ele>
                <time>2025-10-22T09:46:22Z</time>
            </trkpt>
            <trkpt lat="37.52217413937781" lon="126.93954303501306">
                <ele>10.439995765686035</ele>
                <time>2025-10-22T09:46:25Z</time>
            </trkpt>
            <trkpt lat="37.52223804642869" lon="126.93947946974957">
                <ele>10.359603881835938</ele>
                <time>2025-10-22T09:46:29Z</time>
            </trkpt>
            <trkpt lat="37.52228504576293" lon="126.93939821294829">
                <ele>10.232534408569336</ele>
                <time>2025-10-22T09:46:32Z</time>
            </trkpt>
            <trkpt lat="37.52233450676772" lon="126.93934870136906">
                <ele>10.338212966918945</ele>
                <time>2025-10-22T09:46:35Z</time>
            </trkpt>
            <trkpt lat="37.52237772914958" lon="126.93927100437485">
                <ele>10.207645416259766</ele>
                <time>2025-10-22T09:46:38Z</time>
            </trkpt>
            <trkpt lat="37.52243338943716" lon="126.9392077159721">
                <ele>10.328619956970215</ele>
                <time>2025-10-22T09:46:41Z</time>
            </trkpt>
            <trkpt lat="37.522487421797074" lon="126.93914858584176">
                <ele>10.263406753540039</ele>
                <time>2025-10-22T09:46:44Z</time>
            </trkpt>
            <trkpt lat="37.52253103403301" lon="126.93908770549154">
                <ele>10.329197883605957</ele>
                <time>2025-10-22T09:46:47Z</time>
            </trkpt>
            <trkpt lat="37.522589568724996" lon="126.93903970004139">
                <ele>10.317489624023438</ele>
                <time>2025-10-22T09:46:50Z</time>
            </trkpt>
            <trkpt lat="37.522651721353526" lon="126.93899289595984">
                <ele>10.36419677734375</ele>
                <time>2025-10-22T09:46:53Z</time>
            </trkpt>
            <trkpt lat="37.52270372717997" lon="126.93893815155093">
                <ele>10.373518943786621</ele>
                <time>2025-10-22T09:46:56Z</time>
            </trkpt>
            <trkpt lat="37.52275854513534" lon="126.93887717315698">
                <ele>10.433870315551758</ele>
                <time>2025-10-22T09:46:59Z</time>
            </trkpt>
            <trkpt lat="37.52283432249253" lon="126.93882465353259">
                <ele>10.321046829223633</ele>
                <time>2025-10-22T09:47:03Z</time>
            </trkpt>
            <trkpt lat="37.5228871320396" lon="126.93878086580533">
                <ele>10.320480346679688</ele>
                <time>2025-10-22T09:47:06Z</time>
            </trkpt>
            <trkpt lat="37.52296129415422" lon="126.93873910419914">
                <ele>10.259989738464355</ele>
                <time>2025-10-22T09:47:10Z</time>
            </trkpt>
            <trkpt lat="37.52302018940196" lon="126.9386919834353">
                <ele>10.304648399353027</ele>
                <time>2025-10-22T09:47:13Z</time>
            </trkpt>
            <trkpt lat="37.52307553037392" lon="126.93864929975466">
                <ele>10.31560230255127</ele>
                <time>2025-10-22T09:47:16Z</time>
            </trkpt>
            <trkpt lat="37.52313291680033" lon="126.93860218961511">
                <ele>10.342328071594238</ele>
                <time>2025-10-22T09:47:19Z</time>
            </trkpt>
            <trkpt lat="37.52321198887368" lon="126.93850557304924">
                <ele>10.371797561645508</ele>
                <time>2025-10-22T09:47:23Z</time>
            </trkpt>
            <trkpt lat="37.52327538087418" lon="126.93845257451333">
                <ele>10.36945629119873</ele>
                <time>2025-10-22T09:47:26Z</time>
            </trkpt>
            <trkpt lat="37.52333928582403" lon="126.93831837333708">
                <ele>10.43960952758789</ele>
                <time>2025-10-22T09:47:28Z</time>
            </trkpt>
            <trkpt lat="37.523368950445864" lon="126.9382375361823">
                <ele>10.503679275512695</ele>
                <time>2025-10-22T09:47:29Z</time>
            </trkpt>
            <trkpt lat="37.523400490299956" lon="126.93815446792583">
                <ele>10.646437644958496</ele>
                <time>2025-10-22T09:47:32Z</time>
            </trkpt>
            <trkpt lat="37.52346220081174" lon="126.93813090051552">
                <ele>10.68681526184082</ele>
                <time>2025-10-22T09:47:35Z</time>
            </trkpt>
            <trkpt lat="37.52352437165556" lon="126.93808597504479">
                <ele>10.587760925292969</ele>
                <time>2025-10-22T09:47:38Z</time>
            </trkpt>
            <trkpt lat="37.52358357654748" lon="126.93804200847339">
                <ele>10.538146018981934</ele>
                <time>2025-10-22T09:47:41Z</time>
            </trkpt>
            <trkpt lat="37.52363809965225" lon="126.93799601030449">
                <ele>10.51768684387207</ele>
                <time>2025-10-22T09:47:44Z</time>
            </trkpt>
            <trkpt lat="37.52369964474596" lon="126.93795712376934">
                <ele>10.4974946975708</ele>
                <time>2025-10-22T09:47:48Z</time>
            </trkpt>
            <trkpt lat="37.52376666474237" lon="126.93790602282591">
                <ele>10.48514175415039</ele>
                <time>2025-10-22T09:47:52Z</time>
            </trkpt>
            <trkpt lat="37.52382871259742" lon="126.93785962029396">
                <ele>10.495580673217773</ele>
                <time>2025-10-22T09:47:56Z</time>
            </trkpt>
            <trkpt lat="37.52388752471942" lon="126.93779582447489">
                <ele>10.543915748596191</ele>
                <time>2025-10-22T09:47:59Z</time>
            </trkpt>
            <trkpt lat="37.52392932258751" lon="126.93772714631085">
                <ele>10.492377281188965</ele>
                <time>2025-10-22T09:48:02Z</time>
            </trkpt>
            <trkpt lat="37.52397184289629" lon="126.93766592257566">
                <ele>10.481337547302246</ele>
                <time>2025-10-22T09:48:05Z</time>
            </trkpt>
            <trkpt lat="37.52401196572628" lon="126.93759389229939">
                <ele>10.42391586303711</ele>
                <time>2025-10-22T09:48:08Z</time>
            </trkpt>
            <trkpt lat="37.524069888999705" lon="126.93753056451804">
                <ele>10.585370063781738</ele>
                <time>2025-10-22T09:48:11Z</time>
            </trkpt>
            <trkpt lat="37.52413057186985" lon="126.93747373777559">
                <ele>10.408285140991211</ele>
                <time>2025-10-22T09:48:14Z</time>
            </trkpt>
            <trkpt lat="37.524173568452966" lon="126.93738360396253">
                <ele>10.61409854888916</ele>
                <time>2025-10-22T09:48:17Z</time>
            </trkpt>
            <trkpt lat="37.52420721183925" lon="126.93728963637659">
                <ele>10.383135795593262</ele>
                <time>2025-10-22T09:48:20Z</time>
            </trkpt>
            <trkpt lat="37.52425313114336" lon="126.93722268921653">
                <ele>10.678342819213867</ele>
                <time>2025-10-22T09:48:23Z</time>
            </trkpt>
            <trkpt lat="37.52429750208591" lon="126.93715126291903">
                <ele>10.450782775878906</ele>
                <time>2025-10-22T09:48:26Z</time>
            </trkpt>
            <trkpt lat="37.52435133247884" lon="126.93706474276546">
                <ele>10.698579788208008</ele>
                <time>2025-10-22T09:48:30Z</time>
            </trkpt>
            <trkpt lat="37.52439878050233" lon="126.93699422074937">
                <ele>10.758014678955078</ele>
                <time>2025-10-22T09:48:33Z</time>
            </trkpt>
            <trkpt lat="37.524459180325245" lon="126.93692795499193">
                <ele>10.723968505859375</ele>
                <time>2025-10-22T09:48:37Z</time>
            </trkpt>
            <trkpt lat="37.52450644209949" lon="126.93686612659788">
                <ele>10.77271842956543</ele>
                <time>2025-10-22T09:48:39Z</time>
            </trkpt>
            <trkpt lat="37.52455097044601" lon="126.93680515089007">
                <ele>10.746355056762695</ele>
                <time>2025-10-22T09:48:42Z</time>
            </trkpt>
            <trkpt lat="37.5246103613279" lon="126.93673967266722">
                <ele>10.28293514251709</ele>
                <time>2025-10-22T09:48:45Z</time>
            </trkpt>
            <trkpt lat="37.524652585863564" lon="126.9366689066995">
                <ele>10.512940406799316</ele>
                <time>2025-10-22T09:48:48Z</time>
            </trkpt>
            <trkpt lat="37.524707522039776" lon="126.93661380536918">
                <ele>10.76816463470459</ele>
                <time>2025-10-22T09:48:51Z</time>
            </trkpt>
            <trkpt lat="37.52475008860793" lon="126.93655195729626">
                <ele>10.76287841796875</ele>
                <time>2025-10-22T09:48:53Z</time>
            </trkpt>
            <trkpt lat="37.52481350462494" lon="126.93649538300313">
                <ele>10.806436538696289</ele>
                <time>2025-10-22T09:48:56Z</time>
            </trkpt>
            <trkpt lat="37.52487138751127" lon="126.93643413717673">
                <ele>10.803549766540527</ele>
                <time>2025-10-22T09:48:59Z</time>
            </trkpt>
            <trkpt lat="37.524932598129176" lon="126.93636833383873">
                <ele>10.560684204101562</ele>
                <time>2025-10-22T09:49:02Z</time>
            </trkpt>
            <trkpt lat="37.52500025788994" lon="126.9363304293914">
                <ele>10.505912780761719</ele>
                <time>2025-10-22T09:49:05Z</time>
            </trkpt>
            <trkpt lat="37.52506292688324" lon="126.93629124003108">
                <ele>10.683095932006836</ele>
                <time>2025-10-22T09:49:08Z</time>
            </trkpt>
            <trkpt lat="37.52512294016783" lon="126.93624286572602">
                <ele>10.80853271484375</ele>
                <time>2025-10-22T09:49:11Z</time>
            </trkpt>
            <trkpt lat="37.525182991179015" lon="126.93619542525978">
                <ele>10.673638343811035</ele>
                <time>2025-10-22T09:49:14Z</time>
            </trkpt>
            <trkpt lat="37.525231936343715" lon="126.93610537770701">
                <ele>10.569564819335938</ele>
                <time>2025-10-22T09:49:17Z</time>
            </trkpt>
            <trkpt lat="37.52530561708419" lon="126.93605843014872">
                <ele>10.283576011657715</ele>
                <time>2025-10-22T09:49:21Z</time>
            </trkpt>
            <trkpt lat="37.52535519163905" lon="126.93600649866767">
                <ele>10.665487289428711</ele>
                <time>2025-10-22T09:49:23Z</time>
            </trkpt>
            <trkpt lat="37.52542554023546" lon="126.93596604457076">
                <ele>10.705597877502441</ele>
                <time>2025-10-22T09:49:26Z</time>
            </trkpt>
            <trkpt lat="37.52548229740496" lon="126.9359194478214">
                <ele>10.393367767333984</ele>
                <time>2025-10-22T09:49:29Z</time>
            </trkpt>
            <trkpt lat="37.52555024816882" lon="126.93587765423779">
                <ele>10.427689552307129</ele>
                <time>2025-10-22T09:49:32Z</time>
            </trkpt>
            <trkpt lat="37.5256205399142" lon="126.93585235042174">
                <ele>10.470572471618652</ele>
                <time>2025-10-22T09:49:35Z</time>
            </trkpt>
            <trkpt lat="37.525701096988406" lon="126.93586999610292">
                <ele>10.65290641784668</ele>
                <time>2025-10-22T09:49:41Z</time>
            </trkpt>
            <trkpt lat="37.52578863364669" lon="126.93584320017645">
                <ele>10.671562194824219</ele>
                <time>2025-10-22T09:49:44Z</time>
            </trkpt>
            <trkpt lat="37.52586255768929" lon="126.93579326485226">
                <ele>10.729595184326172</ele>
                <time>2025-10-22T09:49:47Z</time>
            </trkpt>
            <trkpt lat="37.52591798842538" lon="126.93572812410623">
                <ele>10.685348510742188</ele>
                <time>2025-10-22T09:49:50Z</time>
            </trkpt>
            <trkpt lat="37.525961958502606" lon="126.93566852240045">
                <ele>10.635879516601562</ele>
                <time>2025-10-22T09:49:52Z</time>
            </trkpt>
            <trkpt lat="37.526033009039935" lon="126.93559154829046">
                <ele>10.59300708770752</ele>
                <time>2025-10-22T09:49:55Z</time>
            </trkpt>
            <trkpt lat="37.52609465731027" lon="126.93552693398551">
                <ele>10.56136703491211</ele>
                <time>2025-10-22T09:49:58Z</time>
            </trkpt>
            <trkpt lat="37.52614263865977" lon="126.9354725304815">
                <ele>10.527495384216309</ele>
                <time>2025-10-22T09:50:01Z</time>
            </trkpt>
            <trkpt lat="37.52620966327992" lon="126.93538836064317">
                <ele>10.380898475646973</ele>
                <time>2025-10-22T09:50:05Z</time>
            </trkpt>
            <trkpt lat="37.526257090441725" lon="126.93533579530627">
                <ele>10.376818656921387</ele>
                <time>2025-10-22T09:50:07Z</time>
            </trkpt>
            <trkpt lat="37.526305516014965" lon="126.93527701855092">
                <ele>10.358777046203613</ele>
                <time>2025-10-22T09:50:10Z</time>
            </trkpt>
            <trkpt lat="37.526350101264086" lon="126.935199541949">
                <ele>10.413557052612305</ele>
                <time>2025-10-22T09:50:12Z</time>
            </trkpt>
            <trkpt lat="37.526422998771594" lon="126.93515652800231">
                <ele>10.431172370910645</ele>
                <time>2025-10-22T09:50:15Z</time>
            </trkpt>
            <trkpt lat="37.52647998811677" lon="126.93507571560349">
                <ele>10.3325834274292</ele>
                <time>2025-10-22T09:50:18Z</time>
            </trkpt>
            <trkpt lat="37.52651536779884" lon="126.93500443369223">
                <ele>10.330636978149414</ele>
                <time>2025-10-22T09:50:21Z</time>
            </trkpt>
            <trkpt lat="37.526572373600295" lon="126.93495341756827">
                <ele>10.35433578491211</ele>
                <time>2025-10-22T09:50:24Z</time>
            </trkpt>
            <trkpt lat="37.52662002206715" lon="126.93487881563713">
                <ele>10.436962127685547</ele>
                <time>2025-10-22T09:50:27Z</time>
            </trkpt>
            <trkpt lat="37.526663914151385" lon="126.9348026844775">
                <ele>10.444693565368652</ele>
                <time>2025-10-22T09:50:30Z</time>
            </trkpt>
            <trkpt lat="37.526707427031134" lon="126.93472370794294">
                <ele>10.38371467590332</ele>
                <time>2025-10-22T09:50:33Z</time>
            </trkpt>
            <trkpt lat="37.5267669059781" lon="126.93466886952363">
                <ele>10.45295238494873</ele>
                <time>2025-10-22T09:50:36Z</time>
            </trkpt>
            <trkpt lat="37.526802466221774" lon="126.93459396820101">
                <ele>10.442150115966797</ele>
                <time>2025-10-22T09:50:39Z</time>
            </trkpt>
            <trkpt lat="37.52686322654226" lon="126.93452022221953">
                <ele>10.317805290222168</ele>
                <time>2025-10-22T09:50:42Z</time>
            </trkpt>
            <trkpt lat="37.52690734671336" lon="126.9344269894253">
                <ele>10.490610122680664</ele>
                <time>2025-10-22T09:50:45Z</time>
            </trkpt>
            <trkpt lat="37.526940643710056" lon="126.93434797959009">
                <ele>10.420061111450195</ele>
                <time>2025-10-22T09:50:49Z</time>
            </trkpt>
            <trkpt lat="37.526979437309635" lon="126.93426954125809">
                <ele>10.376705169677734</ele>
                <time>2025-10-22T09:50:52Z</time>
            </trkpt>
            <trkpt lat="37.527004468575264" lon="126.93416327600372">
                <ele>10.246325492858887</ele>
                <time>2025-10-22T09:50:55Z</time>
            </trkpt>
            <trkpt lat="37.52703099116447" lon="126.93406577958808">
                <ele>10.238194465637207</ele>
                <time>2025-10-22T09:50:58Z</time>
            </trkpt>
            <trkpt lat="37.527068411803384" lon="126.93395454428914">
                <ele>10.281793594360352</ele>
                <time>2025-10-22T09:51:02Z</time>
            </trkpt>
            <trkpt lat="37.52711639793623" lon="126.93389054090595">
                <ele>10.249069213867188</ele>
                <time>2025-10-22T09:51:04Z</time>
            </trkpt>
            <trkpt lat="37.52715054647103" lon="126.93381449779832">
                <ele>10.223217964172363</ele>
                <time>2025-10-22T09:51:07Z</time>
            </trkpt>
            <trkpt lat="37.527193253049184" lon="126.93371575664256">
                <ele>10.272903442382812</ele>
                <time>2025-10-22T09:51:11Z</time>
            </trkpt>
            <trkpt lat="37.52722377489102" lon="126.93359977947874">
                <ele>10.335896492004395</ele>
                <time>2025-10-22T09:51:14Z</time>
            </trkpt>
            <trkpt lat="37.5272784073245" lon="126.93354698241465">
                <ele>10.338093757629395</ele>
                <time>2025-10-22T09:51:17Z</time>
            </trkpt>
            <trkpt lat="37.52733538236197" lon="126.93347092840943">
                <ele>10.464441299438477</ele>
                <time>2025-10-22T09:51:20Z</time>
            </trkpt>
            <trkpt lat="37.527361363143655" lon="126.93336932145542">
                <ele>10.528881072998047</ele>
                <time>2025-10-22T09:51:23Z</time>
            </trkpt>
            <trkpt lat="37.527402014452186" lon="126.93327138960146">
                <ele>10.537154197692871</ele>
                <time>2025-10-22T09:51:26Z</time>
            </trkpt>
            <trkpt lat="37.52744687395942" lon="126.93319533234461">
                <ele>10.602580070495605</ele>
                <time>2025-10-22T09:51:29Z</time>
            </trkpt>
            <trkpt lat="37.527480370089286" lon="126.93312723597992">
                <ele>10.660164833068848</ele>
                <time>2025-10-22T09:51:31Z</time>
            </trkpt>
            <trkpt lat="37.52755608752514" lon="126.9330419512088">
                <ele>10.724660873413086</ele>
                <time>2025-10-22T09:51:35Z</time>
            </trkpt>
            <trkpt lat="37.52759767664085" lon="126.93296338928916">
                <ele>10.76402473449707</ele>
                <time>2025-10-22T09:51:38Z</time>
            </trkpt>
            <trkpt lat="37.5276553032733" lon="126.93290968854345">
                <ele>10.74514102935791</ele>
                <time>2025-10-22T09:51:41Z</time>
            </trkpt>
            <trkpt lat="37.52772442715749" lon="126.93284754724199">
                <ele>10.742427825927734</ele>
                <time>2025-10-22T09:51:44Z</time>
            </trkpt>
            <trkpt lat="37.527779689286604" lon="126.93276921879794">
                <ele>10.832830429077148</ele>
                <time>2025-10-22T09:51:47Z</time>
            </trkpt>
            <trkpt lat="37.52783249025084" lon="126.93268444876509">
                <ele>10.835464477539062</ele>
                <time>2025-10-22T09:51:50Z</time>
            </trkpt>
            <trkpt lat="37.52788659119912" lon="126.93260755631967">
                <ele>10.7943696975708</ele>
                <time>2025-10-22T09:51:53Z</time>
            </trkpt>
            <trkpt lat="37.527946960491505" lon="126.93253580630692">
                <ele>10.752728462219238</ele>
                <time>2025-10-22T09:51:56Z</time>
            </trkpt>
            <trkpt lat="37.528003129974145" lon="126.93248695520334">
                <ele>10.731499671936035</ele>
                <time>2025-10-22T09:51:59Z</time>
            </trkpt>
            <trkpt lat="37.528057976301895" lon="126.93242563284831">
                <ele>10.728681564331055</ele>
                <time>2025-10-22T09:52:05Z</time>
            </trkpt>
            <trkpt lat="37.52807388000461" lon="126.9323638228437">
                <time>2025-10-22T09:52:23Z</time>
            </trkpt>
        </trkseg>
    </trk>
</gpx>
